{
 "type": "FeatureCollection",
 "generatedAt": "2026-08-17T07:37:25Z",
 "source": "IPR Praha - UAP (kulturni zarizeni, Geoportal Praha)",
 "features": [
  {
   "type": "Feature",
   "geometry": {
    "type": "Point",
    "coordinates": [
     14.423207,
     50.089413
    ]
   },
   "properties": {
    "id": "ipr-kultzar-1025",
    "name": "M11 Lounge",
    "subtype": "kulturní dům",
    "typ_uap": "05_03",
    "cooling": "ac",
    "tier": "B",
    "address": "Masná 705/1",
    "web": "www.m1lounge.com",
    "bezbar": false,
    "source": "IPR Praha – ÚAP"
   }
  },
  {
   "type": "Feature",
   "geometry": {
    "type": "Point",
    "coordinates": [
     14.405728,
     50.08217
    ]
   },
   "properties": {
    "id": "ipr-kultzar-880",
    "name": "Divadlo Na prádle",
    "subtype": "divadlo",
    "typ_uap": "05_01",
    "cooling": "ac",
    "tier": "A",
    "address": "Besední 487/3",
    "web": "www.napradle.cz/",
    "bezbar": false,
    "source": "IPR Praha – ÚAP"
   }
  },
  {
   "type": "Feature",
   "geometry": {
    "type": "Point",
    "coordinates": [
     14.401994,
     50.087263
    ]
   },
   "properties": {
    "id": "ipr-kultzar-1072",
    "name": "Americké centrum Praha",
    "subtype": "kulturní institut",
    "typ_uap": "05_09",
    "cooling": "ac",
    "tier": "A",
    "address": "Tržiště 366/13",
    "web": "www.americkecentrum.cz/",
    "bezbar": false,
    "source": "IPR Praha – ÚAP"
   }
  },
  {
   "type": "Feature",
   "geometry": {
    "type": "Point",
    "coordinates": [
     14.416934,
     50.089169
    ]
   },
   "properties": {
    "id": "ipr-kultzar-925",
    "name": "Pinkasova synagoga",
    "subtype": "muzeum",
    "typ_uap": "05_07",
    "cooling": "ac",
    "tier": "A",
    "address": "Široká 23/3",
    "web": "www.jewishmuseum.cz",
    "bezbar": false,
    "source": "IPR Praha – ÚAP"
   }
  },
  {
   "type": "Feature",
   "geometry": {
    "type": "Point",
    "coordinates": [
     14.414915,
     50.093095
    ]
   },
   "properties": {
    "id": "ipr-kultzar-1080",
    "name": "Loop Jazz Club",
    "subtype": "kulturní dům",
    "typ_uap": "05_03",
    "cooling": "ac",
    "tier": "B",
    "address": "U Plovárny 337/1",
    "web": "www.loopjazzclub.cz/",
    "bezbar": false,
    "source": "IPR Praha – ÚAP"
   }
  },
  {
   "type": "Feature",
   "geometry": {
    "type": "Point",
    "coordinates": [
     14.39639,
     49.975656
    ]
   },
   "properties": {
    "id": "ipr-kultzar-966",
    "name": "Divadlo Jana Kašky",
    "subtype": "divadlo",
    "typ_uap": "05_01",
    "cooling": "ac",
    "tier": "A",
    "address": "U Malé řeky 1319",
    "web": "www.divadlozbraslav.cz",
    "bezbar": false,
    "source": "IPR Praha – ÚAP"
   }
  },
  {
   "type": "Feature",
   "geometry": {
    "type": "Point",
    "coordinates": [
     14.416992,
     50.078916
    ]
   },
   "properties": {
    "id": "ipr-kultzar-846",
    "name": "Pivovarské muzeum u Fleků",
    "subtype": "muzeum",
    "typ_uap": "05_07",
    "cooling": "ac",
    "tier": "A",
    "address": "Křemencova 1651/11",
    "web": "ufleku.cz/programy/muzeum/",
    "bezbar": false,
    "source": "IPR Praha – ÚAP"
   }
  },
  {
   "type": "Feature",
   "geometry": {
    "type": "Point",
    "coordinates": [
     14.419873,
     50.080879
    ]
   },
   "properties": {
    "id": "ipr-kultzar-790",
    "name": "Studio Ypsilon",
    "subtype": "divadlo",
    "typ_uap": "05_01",
    "cooling": "ac",
    "tier": "A",
    "address": "Spálená 75/16",
    "web": "www.ypsilonka.cz",
    "bezbar": false,
    "source": "IPR Praha – ÚAP"
   }
  },
  {
   "type": "Feature",
   "geometry": {
    "type": "Point",
    "coordinates": [
     14.420307,
     50.082485
    ]
   },
   "properties": {
    "id": "ipr-kultzar-828",
    "name": "Galerie Václava Špály",
    "subtype": "galerie",
    "typ_uap": "05_08",
    "cooling": "ac",
    "tier": "A",
    "address": "Národní 59/30",
    "web": "www.galerievaclavaspaly.cz",
    "bezbar": false,
    "source": "IPR Praha – ÚAP"
   }
  },
  {
   "type": "Feature",
   "geometry": {
    "type": "Point",
    "coordinates": [
     14.400152,
     50.088433
    ]
   },
   "properties": {
    "id": "ipr-kultzar-938",
    "name": "MuMo - Museum Montanelli",
    "subtype": "muzeum",
    "typ_uap": "05_07",
    "cooling": "ac",
    "tier": "A",
    "address": "Nerudova 250/13",
    "web": "www.museummontanelli.com",
    "bezbar": false,
    "source": "IPR Praha – ÚAP"
   }
  },
  {
   "type": "Feature",
   "geometry": {
    "type": "Point",
    "coordinates": [
     14.402129,
     50.088171
    ]
   },
   "properties": {
    "id": "ipr-kultzar-1158",
    "name": "Sál Bohuslava Martinů",
    "subtype": "koncertní sál",
    "typ_uap": "05_04",
    "cooling": "ac",
    "tier": "A",
    "address": "Malostranské náměstí 258/13",
    "web": "www.hamu.cz/",
    "bezbar": false,
    "source": "IPR Praha – ÚAP"
   }
  },
  {
   "type": "Feature",
   "geometry": {
    "type": "Point",
    "coordinates": [
     14.511067,
     50.110416
    ]
   },
   "properties": {
    "id": "ipr-kultzar-1037",
    "name": "Pragovka Gallery",
    "subtype": "galerie",
    "typ_uap": "05_08",
    "cooling": "ac",
    "tier": "A",
    "address": "Kolbenova 923/34a",
    "web": "www.pragovka.com",
    "bezbar": false,
    "source": "IPR Praha – ÚAP"
   }
  },
  {
   "type": "Feature",
   "geometry": {
    "type": "Point",
    "coordinates": [
     14.413206,
     50.08173
    ]
   },
   "properties": {
    "id": "ipr-kultzar-753",
    "name": "Klub Famu",
    "subtype": "kulturní dům",
    "typ_uap": "05_03",
    "cooling": "ac",
    "tier": "B",
    "address": "Smetanovo nábřeží 1012/2",
    "web": "www.facebook.com/klubfamu2017/",
    "bezbar": false,
    "source": "IPR Praha – ÚAP"
   }
  },
  {
   "type": "Feature",
   "geometry": {
    "type": "Point",
    "coordinates": [
     14.356356,
     49.984142
    ]
   },
   "properties": {
    "id": "ipr-kultzar-1091",
    "name": "Kino Radotín",
    "subtype": "kino",
    "typ_uap": "05_02",
    "cooling": "ac",
    "tier": "A",
    "address": "Na Výšince 875/4",
    "web": "www.kinoradotin.cz",
    "bezbar": true,
    "source": "IPR Praha – ÚAP"
   }
  },
  {
   "type": "Feature",
   "geometry": {
    "type": "Point",
    "coordinates": [
     14.424277,
     50.079343
    ]
   },
   "properties": {
    "id": "ipr-kultzar-781",
    "name": "Leica Gallery Prague",
    "subtype": "galerie",
    "typ_uap": "05_08",
    "cooling": "ac",
    "tier": "A",
    "address": "Školská 693/28",
    "web": "www.lgp.cz",
    "bezbar": false,
    "source": "IPR Praha – ÚAP"
   }
  },
  {
   "type": "Feature",
   "geometry": {
    "type": "Point",
    "coordinates": [
     14.415898,
     50.074475
    ]
   },
   "properties": {
    "id": "ipr-kultzar-951",
    "name": "Display",
    "subtype": "galerie",
    "typ_uap": "05_08",
    "cooling": "ac",
    "tier": "A",
    "address": "Dittrichova 337/9",
    "web": "www.display.cz",
    "bezbar": false,
    "source": "IPR Praha – ÚAP"
   }
  },
  {
   "type": "Feature",
   "geometry": {
    "type": "Point",
    "coordinates": [
     14.405905,
     50.087446
    ]
   },
   "properties": {
    "id": "ipr-kultzar-839",
    "name": "Muzeum pražských pověstí a strašidel",
    "subtype": "muzeum",
    "typ_uap": "05_07",
    "cooling": "ac",
    "tier": "A",
    "address": "Mostecká 46/18",
    "web": "www.muzeumpovesti.cz",
    "bezbar": false,
    "source": "IPR Praha – ÚAP"
   }
  },
  {
   "type": "Feature",
   "geometry": {
    "type": "Point",
    "coordinates": [
     14.406552,
     50.068548
    ]
   },
   "properties": {
    "id": "ipr-kultzar-1075",
    "name": "Phenomen Music Bar",
    "subtype": "kulturní dům",
    "typ_uap": "05_03",
    "cooling": "ac",
    "tier": "B",
    "address": "Nádražní 43/84",
    "web": "martinfryc.eu/galerie/letohradska-10-galerijni-prostor/",
    "bezbar": false,
    "source": "IPR Praha – ÚAP"
   }
  },
  {
   "type": "Feature",
   "geometry": {
    "type": "Point",
    "coordinates": [
     14.42213,
     50.082479
    ]
   },
   "properties": {
    "id": "ipr-kultzar-867",
    "name": "Divadlo Bez zábradlí",
    "subtype": "divadlo",
    "typ_uap": "05_01",
    "cooling": "ac",
    "tier": "A",
    "address": "Jungmannova 36/31",
    "web": "www.bezzabradli.cz",
    "bezbar": false,
    "source": "IPR Praha – ÚAP"
   }
  },
  {
   "type": "Feature",
   "geometry": {
    "type": "Point",
    "coordinates": [
     14.422114,
     50.086405
    ]
   },
   "properties": {
    "id": "ipr-kultzar-758",
    "name": "AghaRTA Jazz Centrum",
    "subtype": "kulturní dům",
    "typ_uap": "05_03",
    "cooling": "ac",
    "tier": "B",
    "address": "Železná 491/16",
    "web": "www.agharta.cz",
    "bezbar": false,
    "source": "IPR Praha – ÚAP"
   }
  },
  {
   "type": "Feature",
   "geometry": {
    "type": "Point",
    "coordinates": [
     14.380051,
     50.085684
    ]
   },
   "properties": {
    "id": "ipr-kultzar-1108",
    "name": "Multifunkční centrum Dlabačov,",
    "subtype": "multifunkční sál",
    "typ_uap": "05_05",
    "cooling": "ac",
    "tier": "A",
    "address": "Bělohorská 125/24",
    "web": "mcdlabacov.cz/",
    "bezbar": false,
    "source": "IPR Praha – ÚAP"
   }
  },
  {
   "type": "Feature",
   "geometry": {
    "type": "Point",
    "coordinates": [
     14.41574,
     50.090495
    ]
   },
   "properties": {
    "id": "ipr-kultzar-858",
    "name": "Divadlo Na Rejdišti",
    "subtype": "divadlo",
    "typ_uap": "05_01",
    "cooling": "ac",
    "tier": "A",
    "address": "Na Rejdišti 77/1",
    "web": "www.divadlokonzervatore.cz/",
    "bezbar": true,
    "source": "IPR Praha – ÚAP"
   }
  },
  {
   "type": "Feature",
   "geometry": {
    "type": "Point",
    "coordinates": [
     14.598315,
     50.032631
    ]
   },
   "properties": {
    "id": "ipr-kultzar-1128",
    "name": "Uhříněveské muzeum",
    "subtype": "muzeum",
    "typ_uap": "05_07",
    "cooling": "ac",
    "tier": "A",
    "address": "Nové náměstí 1251/2",
    "web": "www.praha22.cz/volny-cas/uhrineveske-muzeum/",
    "bezbar": false,
    "source": "IPR Praha – ÚAP"
   }
  },
  {
   "type": "Feature",
   "geometry": {
    "type": "Point",
    "coordinates": [
     14.407048,
     50.08428
    ]
   },
   "properties": {
    "id": "ipr-kultzar-874",
    "name": "Divadlo Kampa",
    "subtype": "divadlo",
    "typ_uap": "05_01",
    "cooling": "ac",
    "tier": "A",
    "address": "Nosticova 634/2a",
    "web": "www.divadlokampa.cz",
    "bezbar": false,
    "source": "IPR Praha – ÚAP"
   }
  },
  {
   "type": "Feature",
   "geometry": {
    "type": "Point",
    "coordinates": [
     14.421302,
     50.078124
    ]
   },
   "properties": {
    "id": "ipr-kultzar-1136",
    "name": "Novoměstská radnice",
    "subtype": "galerie",
    "typ_uap": "05_08",
    "cooling": "ac",
    "tier": "A",
    "address": "Karlovo náměstí 1/23",
    "web": "www.nrpraha.cz",
    "bezbar": false,
    "source": "IPR Praha – ÚAP"
   }
  },
  {
   "type": "Feature",
   "geometry": {
    "type": "Point",
    "coordinates": [
     14.408895,
     50.091436
    ]
   },
   "properties": {
    "id": "ipr-kultzar-946",
    "name": "Muzeum Kouzlo starých časů",
    "subtype": "muzeum",
    "typ_uap": "05_07",
    "cooling": "ac",
    "tier": "A",
    "address": "Valdštejnská 150/4",
    "web": "www.kouzlostarychcasu.cz",
    "bezbar": false,
    "source": "IPR Praha – ÚAP"
   }
  },
  {
   "type": "Feature",
   "geometry": {
    "type": "Point",
    "coordinates": [
     14.403905,
     50.085526
    ]
   },
   "properties": {
    "id": "ipr-kultzar-1003",
    "name": "Muzeum U Pražského jezulátka",
    "subtype": "muzeum",
    "typ_uap": "05_07",
    "cooling": "ac",
    "tier": "A",
    "address": "Karmelitská 385/9",
    "web": "www.pragjesu.cz/muzeum/",
    "bezbar": false,
    "source": "IPR Praha – ÚAP"
   }
  },
  {
   "type": "Feature",
   "geometry": {
    "type": "Point",
    "coordinates": [
     14.425473,
     50.086914
    ]
   },
   "properties": {
    "id": "ipr-kultzar-849",
    "name": "Expozice českého kubismu",
    "subtype": "muzeum",
    "typ_uap": "05_07",
    "cooling": "ac",
    "tier": "A",
    "address": "Ovocný trh 569/19",
    "web": "www.czkubismus.cz/",
    "bezbar": false,
    "source": "IPR Praha – ÚAP"
   }
  },
  {
   "type": "Feature",
   "geometry": {
    "type": "Point",
    "coordinates": [
     14.360667,
     50.081883
    ]
   },
   "properties": {
    "id": "ipr-kultzar-1045",
    "name": "Galerie Kuzebauch",
    "subtype": "galerie",
    "typ_uap": "05_08",
    "cooling": "ac",
    "tier": "A",
    "address": "Říčanova 753/19",
    "web": "www.galeriekuzebauch.com",
    "bezbar": false,
    "source": "IPR Praha – ÚAP"
   }
  },
  {
   "type": "Feature",
   "geometry": {
    "type": "Point",
    "coordinates": [
     14.404913,
     50.082502
    ]
   },
   "properties": {
    "id": "ipr-kultzar-929",
    "name": "Ateliér Josefa Sudka",
    "subtype": "galerie",
    "typ_uap": "05_08",
    "cooling": "ac",
    "tier": "A",
    "address": "Újezd 432/30",
    "web": "www.sudek-atelier.cz",
    "bezbar": false,
    "source": "IPR Praha – ÚAP"
   }
  },
  {
   "type": "Feature",
   "geometry": {
    "type": "Point",
    "coordinates": [
     14.44798,
     50.082749
    ]
   },
   "properties": {
    "id": "ipr-kultzar-770",
    "name": "Galerie Hunt Kastner",
    "subtype": "galerie",
    "typ_uap": "05_08",
    "cooling": "ac",
    "tier": "A",
    "address": "Bořivojova 745/85",
    "web": "www.huntkastner.com",
    "bezbar": false,
    "source": "IPR Praha – ÚAP"
   }
  },
  {
   "type": "Feature",
   "geometry": {
    "type": "Point",
    "coordinates": [
     14.541837,
     50.127925
    ]
   },
   "properties": {
    "id": "ipr-kultzar-919",
    "name": "Letecké muzeum Kbely",
    "subtype": "muzeum",
    "typ_uap": "05_07",
    "cooling": "ac",
    "tier": "A",
    "address": "Mladoboleslavská 902",
    "web": "www.vhu.cz",
    "bezbar": true,
    "source": "IPR Praha – ÚAP"
   }
  },
  {
   "type": "Feature",
   "geometry": {
    "type": "Point",
    "coordinates": [
     14.446898,
     50.071406
    ]
   },
   "properties": {
    "id": "ipr-kultzar-1067",
    "name": "Kino Pilotů",
    "subtype": "kino",
    "typ_uap": "05_02",
    "cooling": "ac",
    "tier": "A",
    "address": "Donská 168/19",
    "web": "www.kinopilotu.cz/",
    "bezbar": false,
    "source": "IPR Praha – ÚAP"
   }
  },
  {
   "type": "Feature",
   "geometry": {
    "type": "Point",
    "coordinates": [
     14.438459,
     50.091242
    ]
   },
   "properties": {
    "id": "ipr-kultzar-1096",
    "name": "Kino Atlas",
    "subtype": "kino",
    "typ_uap": "05_02",
    "cooling": "ac",
    "tier": "A",
    "address": "Sokolovská 371/1",
    "web": "www.kinoatlas.cz",
    "bezbar": false,
    "source": "IPR Praha – ÚAP"
   }
  },
  {
   "type": "Feature",
   "geometry": {
    "type": "Point",
    "coordinates": [
     14.409853,
     50.088022
    ]
   },
   "properties": {
    "id": "ipr-kultzar-932",
    "name": "Franz Kafka museum",
    "subtype": "muzeum",
    "typ_uap": "05_07",
    "cooling": "ac",
    "tier": "A",
    "address": "Cihelná 635/2b",
    "web": "www.kafkamuseum.cz",
    "bezbar": true,
    "source": "IPR Praha – ÚAP"
   }
  },
  {
   "type": "Feature",
   "geometry": {
    "type": "Point",
    "coordinates": [
     14.414936,
     50.077837
    ]
   },
   "properties": {
    "id": "ipr-kultzar-764",
    "name": "Galerie CZECHDESIGN",
    "subtype": "galerie",
    "typ_uap": "05_08",
    "cooling": "ac",
    "tier": "A",
    "address": "Vojtěšská 244/3",
    "web": "www.czechdesign.cz",
    "bezbar": false,
    "source": "IPR Praha – ÚAP"
   }
  },
  {
   "type": "Feature",
   "geometry": {
    "type": "Point",
    "coordinates": [
     14.440814,
     50.075206
    ]
   },
   "properties": {
    "id": "ipr-kultzar-1175",
    "name": "Klub Madragora Praha",
    "subtype": "kulturní dům",
    "typ_uap": "05_03",
    "cooling": "ac",
    "tier": "B",
    "address": "Korunní 732/16",
    "web": "https://www.mandragorapraha.cz/",
    "bezbar": false,
    "source": "IPR Praha – ÚAP"
   }
  },
  {
   "type": "Feature",
   "geometry": {
    "type": "Point",
    "coordinates": [
     14.418992,
     50.134365
    ]
   },
   "properties": {
    "id": "ipr-kultzar-961",
    "name": "Divadlo za plotem",
    "subtype": "divadlo",
    "typ_uap": "05_01",
    "cooling": "ac",
    "tier": "A",
    "address": "Ústavní 249",
    "web": "divadlo.bohnice.cz/",
    "bezbar": false,
    "source": "IPR Praha – ÚAP"
   }
  },
  {
   "type": "Feature",
   "geometry": {
    "type": "Point",
    "coordinates": [
     14.389667,
     50.086708
    ]
   },
   "properties": {
    "id": "ipr-kultzar-888",
    "name": "Strahovská obrazárna",
    "subtype": "muzeum",
    "typ_uap": "05_07",
    "cooling": "ac",
    "tier": "A",
    "address": "Strahovské nádvoří 132/1",
    "web": "www.strahovskyklaster.cz",
    "bezbar": true,
    "source": "IPR Praha – ÚAP"
   }
  },
  {
   "type": "Feature",
   "geometry": {
    "type": "Point",
    "coordinates": [
     14.403989,
     50.077805
    ]
   },
   "properties": {
    "id": "ipr-kultzar-791",
    "name": "Švandovo divadlo na Smíchově",
    "subtype": "divadlo",
    "typ_uap": "05_01",
    "cooling": "ac",
    "tier": "A",
    "address": "Štefánikova 6/57",
    "web": "www.svandovodivadlo.cz",
    "bezbar": true,
    "source": "IPR Praha – ÚAP"
   }
  },
  {
   "type": "Feature",
   "geometry": {
    "type": "Point",
    "coordinates": [
     14.422109,
     50.087456
    ]
   },
   "properties": {
    "id": "ipr-kultzar-775",
    "name": "Central Gallery",
    "subtype": "galerie",
    "typ_uap": "05_08",
    "cooling": "ac",
    "tier": "A",
    "address": "Staroměstské náměstí 603/15",
    "web": "https://www.centralgallery.cz/",
    "bezbar": false,
    "source": "IPR Praha – ÚAP"
   }
  },
  {
   "type": "Feature",
   "geometry": {
    "type": "Point",
    "coordinates": [
     14.423335,
     50.087128
    ]
   },
   "properties": {
    "id": "ipr-kultzar-940",
    "name": "Museum útrpného práva a středověkých mučicích nástrojů",
    "subtype": "muzeum",
    "typ_uap": "05_07",
    "cooling": "ac",
    "tier": "A",
    "address": "Celetná 558/12",
    "web": "www.museumtortury.cz",
    "bezbar": false,
    "source": "IPR Praha – ÚAP"
   }
  },
  {
   "type": "Feature",
   "geometry": {
    "type": "Point",
    "coordinates": [
     14.417729,
     50.08555
    ]
   },
   "properties": {
    "id": "ipr-kultzar-733",
    "name": "Art Space Řetězová 7",
    "subtype": "multifunkční sál",
    "typ_uap": "05_05",
    "cooling": "ac",
    "tier": "A",
    "address": "Řetězová 224/7",
    "web": "http://www.artspaceprague.cz/",
    "bezbar": false,
    "source": "IPR Praha – ÚAP"
   }
  },
  {
   "type": "Feature",
   "geometry": {
    "type": "Point",
    "coordinates": [
     14.446356,
     50.089739
    ]
   },
   "properties": {
    "id": "ipr-kultzar-1018",
    "name": "Galerie VI PER",
    "subtype": "galerie",
    "typ_uap": "05_08",
    "cooling": "ac",
    "tier": "A",
    "address": "Vítkova 293/2",
    "web": "vipergallery.org",
    "bezbar": true,
    "source": "IPR Praha – ÚAP"
   }
  },
  {
   "type": "Feature",
   "geometry": {
    "type": "Point",
    "coordinates": [
     14.421835,
     50.0785
    ]
   },
   "properties": {
    "id": "ipr-kultzar-876",
    "name": "Divadlo Minor",
    "subtype": "divadlo",
    "typ_uap": "05_01",
    "cooling": "ac",
    "tier": "A",
    "address": "Vodičkova 674/6",
    "web": "www.minor.cz",
    "bezbar": false,
    "source": "IPR Praha – ÚAP"
   }
  },
  {
   "type": "Feature",
   "geometry": {
    "type": "Point",
    "coordinates": [
     14.430556,
     50.07918
    ]
   },
   "properties": {
    "id": "ipr-kultzar-1122",
    "name": "Historická budova Národního muzea",
    "subtype": "muzeum",
    "typ_uap": "05_07",
    "cooling": "ac",
    "tier": "A",
    "address": "Václavské náměstí 1700/68",
    "web": "www.nm.cz",
    "bezbar": true,
    "source": "IPR Praha – ÚAP"
   }
  },
  {
   "type": "Feature",
   "geometry": {
    "type": "Point",
    "coordinates": [
     14.413452,
     50.01233
    ]
   },
   "properties": {
    "id": "ipr-kultzar-700",
    "name": "Divadlo Na Cikorce",
    "subtype": "divadlo",
    "typ_uap": "05_01",
    "cooling": "ac",
    "tier": "A",
    "address": "Herrmannova 2016/24",
    "web": "https://www.ddmm.cz/divadlo-na-cikorce",
    "bezbar": true,
    "source": "IPR Praha – ÚAP"
   }
  },
  {
   "type": "Feature",
   "geometry": {
    "type": "Point",
    "coordinates": [
     14.404767,
     50.088323
    ]
   },
   "properties": {
    "id": "ipr-kultzar-1166",
    "name": "Malostranská beseda",
    "subtype": "kulturní dům",
    "typ_uap": "05_03",
    "cooling": "ac",
    "tier": "B",
    "address": "Malostranské náměstí 35/21",
    "web": "www.malostranska-beseda.cz",
    "bezbar": false,
    "source": "IPR Praha – ÚAP"
   }
  },
  {
   "type": "Feature",
   "geometry": {
    "type": "Point",
    "coordinates": [
     14.425195,
     50.078827
    ]
   },
   "properties": {
    "id": "ipr-kultzar-1090",
    "name": "Kino 35",
    "subtype": "kino",
    "typ_uap": "05_02",
    "cooling": "ac",
    "tier": "A",
    "address": "Štěpánská 644/35",
    "web": "kino35.ifp.cz",
    "bezbar": true,
    "source": "IPR Praha – ÚAP"
   }
  },
  {
   "type": "Feature",
   "geometry": {
    "type": "Point",
    "coordinates": [
     14.451082,
     50.07803
    ]
   },
   "properties": {
    "id": "ipr-kultzar-802",
    "name": "Galerie Josipa Plečnika",
    "subtype": "galerie",
    "typ_uap": "05_08",
    "cooling": "ac",
    "tier": "A",
    "address": null,
    "web": "www.artium-os.cz",
    "bezbar": false,
    "source": "IPR Praha – ÚAP"
   }
  },
  {
   "type": "Feature",
   "geometry": {
    "type": "Point",
    "coordinates": [
     14.416669,
     50.080725
    ]
   },
   "properties": {
    "id": "ipr-kultzar-815",
    "name": "Galerie Nová síň",
    "subtype": "galerie",
    "typ_uap": "05_08",
    "cooling": "ac",
    "tier": "A",
    "address": "Voršilská 139/3",
    "web": "www.novasin.org/",
    "bezbar": true,
    "source": "IPR Praha – ÚAP"
   }
  },
  {
   "type": "Feature",
   "geometry": {
    "type": "Point",
    "coordinates": [
     14.415181,
     50.072846
    ]
   },
   "properties": {
    "id": "ipr-kultzar-1004",
    "name": "Galerie Mimochodem",
    "subtype": "galerie",
    "typ_uap": "05_08",
    "cooling": "ac",
    "tier": "A",
    "address": null,
    "web": "www.facebook.com/galerievpodchodu/",
    "bezbar": true,
    "source": "IPR Praha – ÚAP"
   }
  },
  {
   "type": "Feature",
   "geometry": {
    "type": "Point",
    "coordinates": [
     14.446926,
     50.080449
    ]
   },
   "properties": {
    "id": "ipr-kultzar-794",
    "name": "Venuše ve Švehlovce",
    "subtype": "divadlo",
    "typ_uap": "05_01",
    "cooling": "ac",
    "tier": "A",
    "address": "Slavíkova 1499/22",
    "web": "www.venuse-ve-svehlovce.cz",
    "bezbar": false,
    "source": "IPR Praha – ÚAP"
   }
  },
  {
   "type": "Feature",
   "geometry": {
    "type": "Point",
    "coordinates": [
     14.39151,
     50.089246
    ]
   },
   "properties": {
    "id": "ipr-kultzar-914",
    "name": "Loreta Praha",
    "subtype": "muzeum",
    "typ_uap": "05_07",
    "cooling": "ac",
    "tier": "A",
    "address": "Loretánské náměstí 100/7",
    "web": "www.loreta.cz",
    "bezbar": false,
    "source": "IPR Praha – ÚAP"
   }
  },
  {
   "type": "Feature",
   "geometry": {
    "type": "Point",
    "coordinates": [
     14.442274,
     50.063781
    ]
   },
   "properties": {
    "id": "ipr-kultzar-766",
    "name": "Galerie eS",
    "subtype": "galerie",
    "typ_uap": "05_08",
    "cooling": "ac",
    "tier": "A",
    "address": "Nuselská 297/5",
    "web": "www.esgalerie.cz",
    "bezbar": true,
    "source": "IPR Praha – ÚAP"
   }
  },
  {
   "type": "Feature",
   "geometry": {
    "type": "Point",
    "coordinates": [
     14.39038,
     50.103714
    ]
   },
   "properties": {
    "id": "ipr-kultzar-728",
    "name": "Galerie NTK",
    "subtype": "galerie",
    "typ_uap": "05_08",
    "cooling": "ac",
    "tier": "A",
    "address": "Technická 2710/6",
    "web": "www.techlib.cz/cs/2905-galerie",
    "bezbar": true,
    "source": "IPR Praha – ÚAP"
   }
  },
  {
   "type": "Feature",
   "geometry": {
    "type": "Point",
    "coordinates": [
     14.425195,
     50.078827
    ]
   },
   "properties": {
    "id": "ipr-kultzar-1150",
    "name": "Galerie 35",
    "subtype": "galerie",
    "typ_uap": "05_08",
    "cooling": "ac",
    "tier": "A",
    "address": "Štěpánská 644/35",
    "web": "kultura.ifp.cz/cz/galerie-35-1",
    "bezbar": false,
    "source": "IPR Praha – ÚAP"
   }
  },
  {
   "type": "Feature",
   "geometry": {
    "type": "Point",
    "coordinates": [
     14.414191,
     50.075447
    ]
   },
   "properties": {
    "id": "ipr-kultzar-824",
    "name": "Galerie Tančící dům",
    "subtype": "galerie",
    "typ_uap": "05_08",
    "cooling": "ac",
    "tier": "A",
    "address": "Jiráskovo náměstí 1981/6",
    "web": "www.galerietancicidum.cz/",
    "bezbar": false,
    "source": "IPR Praha – ÚAP"
   }
  },
  {
   "type": "Feature",
   "geometry": {
    "type": "Point",
    "coordinates": [
     14.396599,
     50.089203
    ]
   },
   "properties": {
    "id": "ipr-kultzar-1119",
    "name": "Schwarzenberský palác",
    "subtype": "muzeum",
    "typ_uap": "05_07",
    "cooling": "ac",
    "tier": "A",
    "address": "Hradčanské náměstí 185/2",
    "web": "www.ngprague.cz",
    "bezbar": true,
    "source": "IPR Praha – ÚAP"
   }
  },
  {
   "type": "Feature",
   "geometry": {
    "type": "Point",
    "coordinates": [
     14.444773,
     50.086419
    ]
   },
   "properties": {
    "id": "ipr-kultzar-1194",
    "name": "Prostor 39",
    "subtype": "multifunkční sál",
    "typ_uap": "05_05",
    "cooling": "ac",
    "tier": "A",
    "address": "Řehořova 33/39",
    "web": null,
    "bezbar": false,
    "source": "IPR Praha – ÚAP"
   }
  },
  {
   "type": "Feature",
   "geometry": {
    "type": "Point",
    "coordinates": [
     14.432901,
     50.099059
    ]
   },
   "properties": {
    "id": "ipr-kultzar-1143",
    "name": "Galerie na Miladě",
    "subtype": "galerie",
    "typ_uap": "05_08",
    "cooling": "ac",
    "tier": "A",
    "address": "Milady Horákové 691/2",
    "web": "www.praha7.cz",
    "bezbar": false,
    "source": "IPR Praha – ÚAP"
   }
  },
  {
   "type": "Feature",
   "geometry": {
    "type": "Point",
    "coordinates": [
     14.405126,
     50.071665
    ]
   },
   "properties": {
    "id": "ipr-kultzar-1024",
    "name": "Pekelnej Bar",
    "subtype": "kulturní dům",
    "typ_uap": "05_03",
    "cooling": "ac",
    "tier": "B",
    "address": "Na Bělidle 436/38",
    "web": "www.pekelnejbar.cz",
    "bezbar": false,
    "source": "IPR Praha – ÚAP"
   }
  },
  {
   "type": "Feature",
   "geometry": {
    "type": "Point",
    "coordinates": [
     14.464822,
     50.056232
    ]
   },
   "properties": {
    "id": "ipr-kultzar-913",
    "name": "Plynárenské muzeum",
    "subtype": "muzeum",
    "typ_uap": "05_07",
    "cooling": "ac",
    "tier": "A",
    "address": "U plynárny 500/44",
    "web": "www.ppas.cz/o-spolecnosti/plynarenske-muzeum",
    "bezbar": true,
    "source": "IPR Praha – ÚAP"
   }
  },
  {
   "type": "Feature",
   "geometry": {
    "type": "Point",
    "coordinates": [
     14.413299,
     50.082339
    ]
   },
   "properties": {
    "id": "ipr-kultzar-769",
    "name": "Galerie Hollar",
    "subtype": "galerie",
    "typ_uap": "05_08",
    "cooling": "ac",
    "tier": "A",
    "address": "Smetanovo nábřeží 995/6",
    "web": "www.hollar.cz",
    "bezbar": false,
    "source": "IPR Praha – ÚAP"
   }
  },
  {
   "type": "Feature",
   "geometry": {
    "type": "Point",
    "coordinates": [
     14.452675,
     50.081699
    ]
   },
   "properties": {
    "id": "ipr-kultzar-1162",
    "name": "Atrium na Žižkově",
    "subtype": "koncertní sál",
    "typ_uap": "05_04",
    "cooling": "ac",
    "tier": "A",
    "address": "Čajkovského 2422/12",
    "web": "www.atriumzizkov.cz",
    "bezbar": false,
    "source": "IPR Praha – ÚAP"
   }
  },
  {
   "type": "Feature",
   "geometry": {
    "type": "Point",
    "coordinates": [
     14.405302,
     50.090385
    ]
   },
   "properties": {
    "id": "ipr-kultzar-841",
    "name": "Národní pedagogické muzeum a Knihovna J. A. Komenského",
    "subtype": "muzeum",
    "typ_uap": "05_07",
    "cooling": "ac",
    "tier": "A",
    "address": "Valdštejnská 161/20",
    "web": "www.npmk.cz",
    "bezbar": false,
    "source": "IPR Praha – ÚAP"
   }
  },
  {
   "type": "Feature",
   "geometry": {
    "type": "Point",
    "coordinates": [
     14.457607,
     50.075298
    ]
   },
   "properties": {
    "id": "ipr-kultzar-1030",
    "name": "Vinohradský pivovar",
    "subtype": "literární kavárna",
    "typ_uap": "05_10",
    "cooling": "ac",
    "tier": "B",
    "address": "Korunní 2506/106",
    "web": "https://www.vinohradskypivovar.cz/",
    "bezbar": false,
    "source": "IPR Praha – ÚAP"
   }
  },
  {
   "type": "Feature",
   "geometry": {
    "type": "Point",
    "coordinates": [
     14.423773,
     50.088645
    ]
   },
   "properties": {
    "id": "ipr-kultzar-1028",
    "name": "FreeMasonic club pub",
    "subtype": "kulturní dům",
    "typ_uap": "05_03",
    "cooling": "ac",
    "tier": "B",
    "address": "Týnská  632/10",
    "web": "www.freemasonic-pub.cz/",
    "bezbar": false,
    "source": "IPR Praha – ÚAP"
   }
  },
  {
   "type": "Feature",
   "geometry": {
    "type": "Point",
    "coordinates": [
     14.422105,
     50.091092
    ]
   },
   "properties": {
    "id": "ipr-kultzar-803",
    "name": "Galerie Julio Cortázar",
    "subtype": "galerie",
    "typ_uap": "05_08",
    "cooling": "ac",
    "tier": "A",
    "address": "Kozí 857/15",
    "web": "lacasablu.cz/galerie-julio-cortazar/",
    "bezbar": false,
    "source": "IPR Praha – ÚAP"
   }
  },
  {
   "type": "Feature",
   "geometry": {
    "type": "Point",
    "coordinates": [
     14.417235,
     50.085953
    ]
   },
   "properties": {
    "id": "ipr-kultzar-698",
    "name": "Divadlo DISK",
    "subtype": "divadlo",
    "typ_uap": "05_01",
    "cooling": "ac",
    "tier": "A",
    "address": "Karlova 223/26",
    "web": "www.divadlodisk.cz",
    "bezbar": true,
    "source": "IPR Praha – ÚAP"
   }
  },
  {
   "type": "Feature",
   "geometry": {
    "type": "Point",
    "coordinates": [
     14.415924,
     50.07762
    ]
   },
   "properties": {
    "id": "ipr-kultzar-743",
    "name": "Galerie 1. patro",
    "subtype": "galerie",
    "typ_uap": "05_08",
    "cooling": "ac",
    "tier": "A",
    "address": "Myslíkova 1922/9",
    "web": "www.galerie1patro.cz",
    "bezbar": false,
    "source": "IPR Praha – ÚAP"
   }
  },
  {
   "type": "Feature",
   "geometry": {
    "type": "Point",
    "coordinates": [
     14.407734,
     50.067924
    ]
   },
   "properties": {
    "id": "ipr-kultzar-844",
    "name": "Návštěvnické centrum Staropramen",
    "subtype": "muzeum",
    "typ_uap": "05_07",
    "cooling": "ac",
    "tier": "A",
    "address": "Pivovarská 244/9",
    "web": "www.centrumstaropramen.cz/cz",
    "bezbar": false,
    "source": "IPR Praha – ÚAP"
   }
  },
  {
   "type": "Feature",
   "geometry": {
    "type": "Point",
    "coordinates": [
     14.43784,
     50.074509
    ]
   },
   "properties": {
    "id": "ipr-kultzar-980",
    "name": "Retro Music Hall",
    "subtype": "kulturní dům",
    "typ_uap": "05_03",
    "cooling": "ac",
    "tier": "B",
    "address": "Francouzská 75/4",
    "web": "www.retropraha.cz/",
    "bezbar": false,
    "source": "IPR Praha – ÚAP"
   }
  },
  {
   "type": "Feature",
   "geometry": {
    "type": "Point",
    "coordinates": [
     14.422413,
     50.10049
    ]
   },
   "properties": {
    "id": "ipr-kultzar-1039",
    "name": "Zahorian & Van Espen",
    "subtype": "galerie",
    "typ_uap": "05_08",
    "cooling": "ac",
    "tier": "A",
    "address": "Šmeralova 137/3",
    "web": "www.zahoriangallery.com",
    "bezbar": false,
    "source": "IPR Praha – ÚAP"
   }
  },
  {
   "type": "Feature",
   "geometry": {
    "type": "Point",
    "coordinates": [
     14.403999,
     50.073668
    ]
   },
   "properties": {
    "id": "ipr-kultzar-1201",
    "name": "Portheimka – Galerie D",
    "subtype": "galerie",
    "typ_uap": "05_08",
    "cooling": "ac",
    "tier": "A",
    "address": "Štefánikova 68/12",
    "web": "https://www.praha5.cz/kultura-a-poradani-akci/portheimka-galerie-d/",
    "bezbar": false,
    "source": "IPR Praha – ÚAP"
   }
  },
  {
   "type": "Feature",
   "geometry": {
    "type": "Point",
    "coordinates": [
     14.449558,
     50.087154
    ]
   },
   "properties": {
    "id": "ipr-kultzar-1196",
    "name": "ROH družstevní kavárna",
    "subtype": "literární kavárna",
    "typ_uap": "05_10",
    "cooling": "ac",
    "tier": "B",
    "address": "U božích bojovníků 606/3",
    "web": "facebook.com/ROHkavarna",
    "bezbar": false,
    "source": "IPR Praha – ÚAP"
   }
  },
  {
   "type": "Feature",
   "geometry": {
    "type": "Point",
    "coordinates": [
     14.422068,
     50.079433
    ]
   },
   "properties": {
    "id": "ipr-kultzar-963",
    "name": "Divadlo Komedie",
    "subtype": "divadlo",
    "typ_uap": "05_01",
    "cooling": "ac",
    "tier": "A",
    "address": "Jungmannova 15/1",
    "web": "www.mestskadivadlaprazska.cz/komedie/divadlo-komedie/",
    "bezbar": false,
    "source": "IPR Praha – ÚAP"
   }
  },
  {
   "type": "Feature",
   "geometry": {
    "type": "Point",
    "coordinates": [
     14.414435,
     50.077959
    ]
   },
   "properties": {
    "id": "ipr-kultzar-1163",
    "name": "Pražský Hlahol",
    "subtype": "koncertní sál",
    "typ_uap": "05_04",
    "cooling": "ac",
    "tier": "A",
    "address": "Masarykovo nábřeží 248/16",
    "web": "www.hlahol.cz",
    "bezbar": false,
    "source": "IPR Praha – ÚAP"
   }
  },
  {
   "type": "Feature",
   "geometry": {
    "type": "Point",
    "coordinates": [
     14.416965,
     50.080499
    ]
   },
   "properties": {
    "id": "ipr-kultzar-749",
    "name": "Groove Bar",
    "subtype": "kulturní dům",
    "typ_uap": "05_03",
    "cooling": "ac",
    "tier": "B",
    "address": "Voršilská 142/6",
    "web": "groovebar.cz/cs/",
    "bezbar": false,
    "source": "IPR Praha – ÚAP"
   }
  },
  {
   "type": "Feature",
   "geometry": {
    "type": "Point",
    "coordinates": [
     14.413253,
     50.082043
    ]
   },
   "properties": {
    "id": "ipr-kultzar-1148",
    "name": "SmetanaQ",
    "subtype": "galerie",
    "typ_uap": "05_08",
    "cooling": "ac",
    "tier": "A",
    "address": "Smetanovo nábřeží 334/4",
    "web": "smetanaq.cz",
    "bezbar": false,
    "source": "IPR Praha – ÚAP"
   }
  },
  {
   "type": "Feature",
   "geometry": {
    "type": "Point",
    "coordinates": [
     14.41629,
     50.078184
    ]
   },
   "properties": {
    "id": "ipr-kultzar-823",
    "name": "Galerie SPZ",
    "subtype": "galerie",
    "typ_uap": "05_08",
    "cooling": "ac",
    "tier": "A",
    "address": "Pštrossova 1924/8",
    "web": "www.galeriespz.com",
    "bezbar": true,
    "source": "IPR Praha – ÚAP"
   }
  },
  {
   "type": "Feature",
   "geometry": {
    "type": "Point",
    "coordinates": [
     14.417239,
     50.100894
    ]
   },
   "properties": {
    "id": "ipr-kultzar-822",
    "name": "Galerie Scarabeus a Muzeum kávy",
    "subtype": "galerie",
    "typ_uap": "05_08",
    "cooling": "ac",
    "tier": "A",
    "address": "Jana Zajíce 975/7",
    "web": "www.galeriescarabeus.cz; www.muzeumkavy.cz",
    "bezbar": false,
    "source": "IPR Praha – ÚAP"
   }
  },
  {
   "type": "Feature",
   "geometry": {
    "type": "Point",
    "coordinates": [
     14.377145,
     50.09241
    ]
   },
   "properties": {
    "id": "ipr-kultzar-1118",
    "name": "Studijní a dokumentační centrum Norbertov",
    "subtype": "muzeum",
    "typ_uap": "05_07",
    "cooling": "ac",
    "tier": "A",
    "address": "Nad Hradním vodojemem 53/13",
    "web": "www.muzeumprahy.cz/studijni-a-dokumentacni-centrum-norbertov/",
    "bezbar": false,
    "source": "IPR Praha – ÚAP"
   }
  },
  {
   "type": "Feature",
   "geometry": {
    "type": "Point",
    "coordinates": [
     14.417621,
     50.075964
    ]
   },
   "properties": {
    "id": "ipr-kultzar-920",
    "name": "Národní památník hrdinů Heydrichiády",
    "subtype": "muzeum",
    "typ_uap": "05_07",
    "cooling": "ac",
    "tier": "A",
    "address": "Resslova 307/9",
    "web": "www.vhu.cz/muzea/ostatni-expozice/krypta/",
    "bezbar": false,
    "source": "IPR Praha – ÚAP"
   }
  },
  {
   "type": "Feature",
   "geometry": {
    "type": "Point",
    "coordinates": [
     14.428764,
     50.091602
    ]
   },
   "properties": {
    "id": "ipr-kultzar-1058",
    "name": "Bulharský kulturní institut",
    "subtype": "kulturní institut",
    "typ_uap": "05_09",
    "cooling": "ac",
    "tier": "A",
    "address": "Klimentská 2062/6",
    "web": "www.bki.cz/",
    "bezbar": false,
    "source": "IPR Praha – ÚAP"
   }
  },
  {
   "type": "Feature",
   "geometry": {
    "type": "Point",
    "coordinates": [
     14.370532,
     50.096781
    ]
   },
   "properties": {
    "id": "ipr-kultzar-1007",
    "name": "Kabinet české grafiky",
    "subtype": "galerie",
    "typ_uap": "05_08",
    "cooling": "ac",
    "tier": "A",
    "address": "U Dejvického rybníčku 1885/21",
    "web": "www.fineart.cz/",
    "bezbar": false,
    "source": "IPR Praha – ÚAP"
   }
  },
  {
   "type": "Feature",
   "geometry": {
    "type": "Point",
    "coordinates": [
     14.486199,
     50.10495
    ]
   },
   "properties": {
    "id": "ipr-kultzar-1213",
    "name": "Beseder Gallery",
    "subtype": "galerie",
    "typ_uap": "05_08",
    "cooling": "ac",
    "tier": "A",
    "address": "Lihovarská  1060/12",
    "web": "www.besedergallery.art",
    "bezbar": false,
    "source": "IPR Praha – ÚAP"
   }
  },
  {
   "type": "Feature",
   "geometry": {
    "type": "Point",
    "coordinates": [
     14.468165,
     50.095603
    ]
   },
   "properties": {
    "id": "ipr-kultzar-873",
    "name": "Divadlo Kámen",
    "subtype": "divadlo",
    "typ_uap": "05_01",
    "cooling": "ac",
    "tier": "A",
    "address": "Nekvasilova 625/2",
    "web": "www.divadlokamen.cz",
    "bezbar": true,
    "source": "IPR Praha – ÚAP"
   }
  },
  {
   "type": "Feature",
   "geometry": {
    "type": "Point",
    "coordinates": [
     14.425534,
     50.081974
    ]
   },
   "properties": {
    "id": "ipr-kultzar-1104",
    "name": "Světozor",
    "subtype": "kino",
    "typ_uap": "05_02",
    "cooling": "ac",
    "tier": "A",
    "address": "Vodičkova 791/41",
    "web": "www.kinosvetozor.cz",
    "bezbar": false,
    "source": "IPR Praha – ÚAP"
   }
  },
  {
   "type": "Feature",
   "geometry": {
    "type": "Point",
    "coordinates": [
     14.605896,
     50.028789
    ]
   },
   "properties": {
    "id": "ipr-kultzar-699",
    "name": "Divadlo U22",
    "subtype": "divadlo",
    "typ_uap": "05_01",
    "cooling": "ac",
    "tier": "A",
    "address": "K sokolovně 201/8",
    "web": "www.divadlou22.cz",
    "bezbar": true,
    "source": "IPR Praha – ÚAP"
   }
  },
  {
   "type": "Feature",
   "geometry": {
    "type": "Point",
    "coordinates": [
     14.419218,
     50.086467
    ]
   },
   "properties": {
    "id": "ipr-kultzar-1053",
    "name": "Polský institut v Praze",
    "subtype": "kulturní institut",
    "typ_uap": "05_09",
    "cooling": "ac",
    "tier": "A",
    "address": "Malé náměstí 144/1",
    "web": "www.polskyinstitut.cz/cz/",
    "bezbar": false,
    "source": "IPR Praha – ÚAP"
   }
  },
  {
   "type": "Feature",
   "geometry": {
    "type": "Point",
    "coordinates": [
     14.454254,
     50.080562
    ]
   },
   "properties": {
    "id": "ipr-kultzar-1190",
    "name": "Kukmál Hilda",
    "subtype": "galerie",
    "typ_uap": "05_08",
    "cooling": "ac",
    "tier": "A",
    "address": "Bořivojova 2421/17",
    "web": "facebook.com/kukmalhilda",
    "bezbar": false,
    "source": "IPR Praha – ÚAP"
   }
  },
  {
   "type": "Feature",
   "geometry": {
    "type": "Point",
    "coordinates": [
     14.343064,
     50.09702
    ]
   },
   "properties": {
    "id": "ipr-kultzar-735",
    "name": "Artpro gallery",
    "subtype": "galerie",
    "typ_uap": "05_08",
    "cooling": "ac",
    "tier": "A",
    "address": "Nad Lávkou 784/3",
    "web": "www.artprogallery.com",
    "bezbar": false,
    "source": "IPR Praha – ÚAP"
   }
  },
  {
   "type": "Feature",
   "geometry": {
    "type": "Point",
    "coordinates": [
     14.414435,
     50.08368
    ]
   },
   "properties": {
    "id": "ipr-kultzar-714",
    "name": "Divadlo U Valšů",
    "subtype": "divadlo",
    "typ_uap": "05_01",
    "cooling": "ac",
    "tier": "A",
    "address": "Karoliny Světlé 286/18",
    "web": "www.zivot90.cz/5-divadlo-u-valsu",
    "bezbar": true,
    "source": "IPR Praha – ÚAP"
   }
  },
  {
   "type": "Feature",
   "geometry": {
    "type": "Point",
    "coordinates": [
     14.404541,
     50.084946
    ]
   },
   "properties": {
    "id": "ipr-kultzar-906",
    "name": "České muzeum hudby",
    "subtype": "muzeum",
    "typ_uap": "05_07",
    "cooling": "ac",
    "tier": "A",
    "address": "Karmelitská 388/2",
    "web": "www.nm.cz/Ceske-muzeum-hudby/Oddeleni-CMH/",
    "bezbar": true,
    "source": "IPR Praha – ÚAP"
   }
  },
  {
   "type": "Feature",
   "geometry": {
    "type": "Point",
    "coordinates": [
     14.417394,
     50.088162
    ]
   },
   "properties": {
    "id": "ipr-kultzar-909",
    "name": "Památník Jaroslava Ježka (Modrý pokoj)",
    "subtype": "muzeum",
    "typ_uap": "05_07",
    "cooling": "ac",
    "tier": "A",
    "address": "Kaprova 45/10",
    "web": "www.nm.cz/Hlavni-strana/Navstivte-nas/Pamatnik-Jaroslava-Jezka-Modry-pokoj.html",
    "bezbar": true,
    "source": "IPR Praha – ÚAP"
   }
  },
  {
   "type": "Feature",
   "geometry": {
    "type": "Point",
    "coordinates": [
     14.421425,
     50.087015
    ]
   },
   "properties": {
    "id": "ipr-kultzar-745",
    "name": "Galerie Art Praha",
    "subtype": "galerie",
    "typ_uap": "05_08",
    "cooling": "ac",
    "tier": "A",
    "address": "Staroměstské náměstí 548/20",
    "web": "www.galerie-art-praha.cz",
    "bezbar": true,
    "source": "IPR Praha – ÚAP"
   }
  },
  {
   "type": "Feature",
   "geometry": {
    "type": "Point",
    "coordinates": [
     14.428629,
     50.080145
    ]
   },
   "properties": {
    "id": "ipr-kultzar-1078",
    "name": "Nebe Music Bar",
    "subtype": "kulturní dům",
    "typ_uap": "05_03",
    "cooling": "ac",
    "tier": "B",
    "address": "Václavské náměstí 802/56",
    "web": "www.nebepraha.cz/vaclavske-namesti",
    "bezbar": false,
    "source": "IPR Praha – ÚAP"
   }
  },
  {
   "type": "Feature",
   "geometry": {
    "type": "Point",
    "coordinates": [
     14.417081,
     50.090034
    ]
   },
   "properties": {
    "id": "ipr-kultzar-924",
    "name": "Klausová synagoga",
    "subtype": "muzeum",
    "typ_uap": "05_07",
    "cooling": "ac",
    "tier": "A",
    "address": "U starého hřbitova 243/3a",
    "web": "www.jewishmuseum.cz/pamatky-a-expozice/pamatky/klausova-synagoga/",
    "bezbar": false,
    "source": "IPR Praha – ÚAP"
   }
  },
  {
   "type": "Feature",
   "geometry": {
    "type": "Point",
    "coordinates": [
     14.422221,
     50.080207
    ]
   },
   "properties": {
    "id": "ipr-kultzar-872",
    "name": "Divadlo Kalich",
    "subtype": "divadlo",
    "typ_uap": "05_01",
    "cooling": "ac",
    "tier": "A",
    "address": "Jungmannova 22/9",
    "web": "www.divadlokalich.cz",
    "bezbar": false,
    "source": "IPR Praha – ÚAP"
   }
  },
  {
   "type": "Feature",
   "geometry": {
    "type": "Point",
    "coordinates": [
     14.457238,
     50.069534
    ]
   },
   "properties": {
    "id": "ipr-kultzar-1216",
    "name": "Alfa ateliér",
    "subtype": "galerie",
    "typ_uap": "05_08",
    "cooling": "ac",
    "tier": "A",
    "address": "Holandská 755/19",
    "web": "www.alfaatelier.cz",
    "bezbar": false,
    "source": "IPR Praha – ÚAP"
   }
  },
  {
   "type": "Feature",
   "geometry": {
    "type": "Point",
    "coordinates": [
     14.427408,
     50.091476
    ]
   },
   "properties": {
    "id": "ipr-kultzar-1049",
    "name": "Knupp Gallery",
    "subtype": "galerie",
    "typ_uap": "05_08",
    "cooling": "ac",
    "tier": "A",
    "address": "Revoluční 764/17",
    "web": "www.knuppgallery.com/",
    "bezbar": false,
    "source": "IPR Praha – ÚAP"
   }
  },
  {
   "type": "Feature",
   "geometry": {
    "type": "Point",
    "coordinates": [
     14.451521,
     50.078808
    ]
   },
   "properties": {
    "id": "ipr-kultzar-1140",
    "name": "Galerie Toyen",
    "subtype": "galerie",
    "typ_uap": "05_08",
    "cooling": "ac",
    "tier": "A",
    "address": "Milešovská 846/1",
    "web": "www.galerietoyen.cz",
    "bezbar": true,
    "source": "IPR Praha – ÚAP"
   }
  },
  {
   "type": "Feature",
   "geometry": {
    "type": "Point",
    "coordinates": [
     14.41414,
     50.079509
    ]
   },
   "properties": {
    "id": "ipr-kultzar-1054",
    "name": "Goethe-Institut",
    "subtype": "kulturní institut",
    "typ_uap": "05_09",
    "cooling": "ac",
    "tier": "A",
    "address": "Masarykovo nábřeží 224/32",
    "web": "www.goethe.de/ins/cz/",
    "bezbar": false,
    "source": "IPR Praha – ÚAP"
   }
  },
  {
   "type": "Feature",
   "geometry": {
    "type": "Point",
    "coordinates": [
     14.436055,
     50.095595
    ]
   },
   "properties": {
    "id": "ipr-kultzar-792",
    "name": "Divadlo Vila Štvanice, z. s.",
    "subtype": "divadlo",
    "typ_uap": "05_01",
    "cooling": "ac",
    "tier": "A",
    "address": "Ostrov Štvanice 858",
    "web": "https://vilastvanice.cz",
    "bezbar": false,
    "source": "IPR Praha – ÚAP"
   }
  },
  {
   "type": "Feature",
   "geometry": {
    "type": "Point",
    "coordinates": [
     14.432269,
     50.075892
    ]
   },
   "properties": {
    "id": "ipr-kultzar-747",
    "name": "Radost FX",
    "subtype": "kulturní dům",
    "typ_uap": "05_03",
    "cooling": "ac",
    "tier": "B",
    "address": "Bělehradská 234/120",
    "web": "radostfx.cz/",
    "bezbar": false,
    "source": "IPR Praha – ÚAP"
   }
  },
  {
   "type": "Feature",
   "geometry": {
    "type": "Point",
    "coordinates": [
     14.396692,
     50.090282
    ]
   },
   "properties": {
    "id": "ipr-kultzar-896",
    "name": "Šternberský palác",
    "subtype": "muzeum",
    "typ_uap": "05_07",
    "cooling": "ac",
    "tier": "A",
    "address": "Hradčanské náměstí 57/15",
    "web": "www.ngprague.cz",
    "bezbar": false,
    "source": "IPR Praha – ÚAP"
   }
  },
  {
   "type": "Feature",
   "geometry": {
    "type": "Point",
    "coordinates": [
     14.378833,
     50.071151
    ]
   },
   "properties": {
    "id": "ipr-kultzar-1006",
    "name": "Galerie Altán Klamovka",
    "subtype": "galerie",
    "typ_uap": "05_08",
    "cooling": "ac",
    "tier": "A",
    "address": null,
    "web": "www.aug.cz/altan-klamovka-praha",
    "bezbar": false,
    "source": "IPR Praha – ÚAP"
   }
  },
  {
   "type": "Feature",
   "geometry": {
    "type": "Point",
    "coordinates": [
     14.429582,
     50.087126
    ]
   },
   "properties": {
    "id": "ipr-kultzar-1008",
    "name": "Jan Čejka Gallery",
    "subtype": "galerie",
    "typ_uap": "05_08",
    "cooling": "ac",
    "tier": "A",
    "address": "Hybernská 998/4",
    "web": "jancejkagallery.com",
    "bezbar": true,
    "source": "IPR Praha – ÚAP"
   }
  },
  {
   "type": "Feature",
   "geometry": {
    "type": "Point",
    "coordinates": [
     14.407636,
     50.098996
    ]
   },
   "properties": {
    "id": "ipr-kultzar-1005",
    "name": "Galerie Villa Pellé",
    "subtype": "galerie",
    "typ_uap": "05_08",
    "cooling": "ac",
    "tier": "A",
    "address": "Pelléova 91/10",
    "web": "villapelle.cz",
    "bezbar": false,
    "source": "IPR Praha – ÚAP"
   }
  },
  {
   "type": "Feature",
   "geometry": {
    "type": "Point",
    "coordinates": [
     14.499073,
     50.034734
    ]
   },
   "properties": {
    "id": "ipr-kultzar-777",
    "name": "Chodovská tvrz",
    "subtype": "galerie",
    "typ_uap": "05_08",
    "cooling": "ac",
    "tier": "A",
    "address": "Ledvinova 86/9",
    "web": "www.chodovskatvrz.cz",
    "bezbar": false,
    "source": "IPR Praha – ÚAP"
   }
  },
  {
   "type": "Feature",
   "geometry": {
    "type": "Point",
    "coordinates": [
     14.419291,
     50.07782
    ]
   },
   "properties": {
    "id": "ipr-kultzar-1098",
    "name": "Kino MAT",
    "subtype": "kino",
    "typ_uap": "05_02",
    "cooling": "ac",
    "tier": "A",
    "address": "Karlovo náměstí 285/19",
    "web": "www.mat.cz",
    "bezbar": false,
    "source": "IPR Praha – ÚAP"
   }
  },
  {
   "type": "Feature",
   "geometry": {
    "type": "Point",
    "coordinates": [
     14.436028,
     50.105921
    ]
   },
   "properties": {
    "id": "ipr-kultzar-1012",
    "name": "Holešovická Šachta",
    "subtype": "galerie",
    "typ_uap": "05_08",
    "cooling": "ac",
    "tier": "A",
    "address": "Na Šachtě 242/3",
    "web": "www.holesovickasachta.cz",
    "bezbar": false,
    "source": "IPR Praha – ÚAP"
   }
  },
  {
   "type": "Feature",
   "geometry": {
    "type": "Point",
    "coordinates": [
     14.420226,
     50.083459
    ]
   },
   "properties": {
    "id": "ipr-kultzar-730",
    "name": "AD Galerie",
    "subtype": "galerie",
    "typ_uap": "05_08",
    "cooling": "ac",
    "tier": "A",
    "address": "Uhelný trh 416/11",
    "web": "www.adgalerie.cz",
    "bezbar": false,
    "source": "IPR Praha – ÚAP"
   }
  },
  {
   "type": "Feature",
   "geometry": {
    "type": "Point",
    "coordinates": [
     14.476278,
     50.103607
    ]
   },
   "properties": {
    "id": "ipr-kultzar-1212",
    "name": "Kino Humanita",
    "subtype": "kino",
    "typ_uap": "05_02",
    "cooling": "ac",
    "tier": "A",
    "address": "Novákových 489/20",
    "web": "www.humanita489.cz",
    "bezbar": false,
    "source": "IPR Praha – ÚAP"
   }
  },
  {
   "type": "Feature",
   "geometry": {
    "type": "Point",
    "coordinates": [
     14.403395,
     50.091338
    ]
   },
   "properties": {
    "id": "ipr-kultzar-922",
    "name": "Lobkowiczké sbírky",
    "subtype": "muzeum",
    "typ_uap": "05_07",
    "cooling": "ac",
    "tier": "A",
    "address": "Jiřská 2/3",
    "web": "www.lobkowicz.cz",
    "bezbar": false,
    "source": "IPR Praha – ÚAP"
   }
  },
  {
   "type": "Feature",
   "geometry": {
    "type": "Point",
    "coordinates": [
     14.428629,
     50.080145
    ]
   },
   "properties": {
    "id": "ipr-kultzar-787",
    "name": "Studio DVA",
    "subtype": "divadlo",
    "typ_uap": "05_01",
    "cooling": "ac",
    "tier": "A",
    "address": "Václavské náměstí 802/56",
    "web": "www.studiodva.cz",
    "bezbar": false,
    "source": "IPR Praha – ÚAP"
   }
  },
  {
   "type": "Feature",
   "geometry": {
    "type": "Point",
    "coordinates": [
     14.427318,
     50.086412
    ]
   },
   "properties": {
    "id": "ipr-kultzar-1087",
    "name": "Cinema City Slovanský dům",
    "subtype": "kino",
    "typ_uap": "05_02",
    "cooling": "ac",
    "tier": "A",
    "address": "Na příkopě 859/22",
    "web": "www.cinemacity.cz/SlovanskyDum",
    "bezbar": true,
    "source": "IPR Praha – ÚAP"
   }
  },
  {
   "type": "Feature",
   "geometry": {
    "type": "Point",
    "coordinates": [
     14.433016,
     50.080514
    ]
   },
   "properties": {
    "id": "ipr-kultzar-709",
    "name": "Státní opera Praha",
    "subtype": "divadlo",
    "typ_uap": "05_01",
    "cooling": "ac",
    "tier": "A",
    "address": "Wilsonova 101/4",
    "web": "www.narodni-divadlo.cz/cs/statni-opera",
    "bezbar": false,
    "source": "IPR Praha – ÚAP"
   }
  },
  {
   "type": "Feature",
   "geometry": {
    "type": "Point",
    "coordinates": [
     14.415693,
     50.101042
    ]
   },
   "properties": {
    "id": "ipr-kultzar-1105",
    "name": "Atelier radostné tvorby",
    "subtype": "galerie",
    "typ_uap": "05_08",
    "cooling": "ac",
    "tier": "A",
    "address": "Nad Královskou oborou 553/55",
    "web": "www.atelierradostnetvorby.cz/",
    "bezbar": false,
    "source": "IPR Praha – ÚAP"
   }
  },
  {
   "type": "Feature",
   "geometry": {
    "type": "Point",
    "coordinates": [
     14.442743,
     50.087131
    ]
   },
   "properties": {
    "id": "ipr-kultzar-886",
    "name": "Ponec - divadlo pro tanec",
    "subtype": "divadlo",
    "typ_uap": "05_01",
    "cooling": "ac",
    "tier": "A",
    "address": "Husitská 899/24a",
    "web": "www.divadloponec.cz",
    "bezbar": true,
    "source": "IPR Praha – ÚAP"
   }
  },
  {
   "type": "Feature",
   "geometry": {
    "type": "Point",
    "coordinates": [
     14.447779,
     50.105195
    ]
   },
   "properties": {
    "id": "ipr-kultzar-750",
    "name": "Mecca Club Prague",
    "subtype": "kulturní dům",
    "typ_uap": "05_03",
    "cooling": "ac",
    "tier": "B",
    "address": "U Průhonu 799/3",
    "web": "www.mecca.cz/",
    "bezbar": false,
    "source": "IPR Praha – ÚAP"
   }
  },
  {
   "type": "Feature",
   "geometry": {
    "type": "Point",
    "coordinates": [
     14.422857,
     50.062941
    ]
   },
   "properties": {
    "id": "ipr-kultzar-727",
    "name": "Galerie Vyšehrad",
    "subtype": "galerie",
    "typ_uap": "05_08",
    "cooling": "ac",
    "tier": "A",
    "address": "V pevnosti 159/5b",
    "web": "www.praha-vysehrad.cz",
    "bezbar": false,
    "source": "IPR Praha – ÚAP"
   }
  },
  {
   "type": "Feature",
   "geometry": {
    "type": "Point",
    "coordinates": [
     14.407805,
     50.074116
    ]
   },
   "properties": {
    "id": "ipr-kultzar-985",
    "name": "Futurum music Bar",
    "subtype": "kulturní dům",
    "typ_uap": "05_03",
    "cooling": "ac",
    "tier": "B",
    "address": "Zborovská 82/7",
    "web": "futurum.musicbar.cz/",
    "bezbar": false,
    "source": "IPR Praha – ÚAP"
   }
  },
  {
   "type": "Feature",
   "geometry": {
    "type": "Point",
    "coordinates": [
     14.424052,
     50.090494
    ]
   },
   "properties": {
    "id": "ipr-kultzar-810",
    "name": "Galerie Lapidarium",
    "subtype": "muzeum",
    "typ_uap": "05_07",
    "cooling": "ac",
    "tier": "A",
    "address": "Rámová 735/6",
    "web": "www.barok.cz",
    "bezbar": false,
    "source": "IPR Praha – ÚAP"
   }
  },
  {
   "type": "Feature",
   "geometry": {
    "type": "Point",
    "coordinates": [
     14.424277,
     50.079343
    ]
   },
   "properties": {
    "id": "ipr-kultzar-779",
    "name": "Komunikační prostor Školská 28",
    "subtype": "galerie",
    "typ_uap": "05_08",
    "cooling": "ac",
    "tier": "A",
    "address": "Školská 693/28",
    "web": "www.skolska28.cz",
    "bezbar": true,
    "source": "IPR Praha – ÚAP"
   }
  },
  {
   "type": "Feature",
   "geometry": {
    "type": "Point",
    "coordinates": [
     14.421302,
     50.078124
    ]
   },
   "properties": {
    "id": "ipr-kultzar-977",
    "name": "Neustadt Cafe",
    "subtype": "kulturní dům",
    "typ_uap": "05_03",
    "cooling": "ac",
    "tier": "B",
    "address": "Karlovo náměstí 1/23",
    "web": "https://www.cafeneustadt.cz/?fbclid=IwAR1SffRglFg5358fd3mdfs0uKSdhdQP0qVK7gkPf4frJkDyl7Jtd1wLA7MI",
    "bezbar": false,
    "source": "IPR Praha – ÚAP"
   }
  },
  {
   "type": "Feature",
   "geometry": {
    "type": "Point",
    "coordinates": [
     14.364255,
     50.091241
    ]
   },
   "properties": {
    "id": "ipr-kultzar-1117",
    "name": "Rothmayerova vila",
    "subtype": "muzeum",
    "typ_uap": "05_07",
    "cooling": "ac",
    "tier": "A",
    "address": "U Páté baterie 896/50",
    "web": "www.muzeumprahy.cz/rothmayerova-vila/",
    "bezbar": false,
    "source": "IPR Praha – ÚAP"
   }
  },
  {
   "type": "Feature",
   "geometry": {
    "type": "Point",
    "coordinates": [
     14.391498,
     50.030735
    ]
   },
   "properties": {
    "id": "ipr-kultzar-931",
    "name": "Filmpoint",
    "subtype": "muzeum",
    "typ_uap": "05_07",
    "cooling": "ac",
    "tier": "A",
    "address": "Kříženeckého náměstí 322/5",
    "web": "www.barrandov.cz/verejnost/filmpoint-stala-expozice-a-vystavy/",
    "bezbar": false,
    "source": "IPR Praha – ÚAP"
   }
  },
  {
   "type": "Feature",
   "geometry": {
    "type": "Point",
    "coordinates": [
     14.402924,
     50.087105
    ]
   },
   "properties": {
    "id": "ipr-kultzar-811",
    "name": "Galerie Millenium",
    "subtype": "galerie",
    "typ_uap": "05_08",
    "cooling": "ac",
    "tier": "A",
    "address": "Tržiště 370/5",
    "web": "www.gallerymillennium.cz",
    "bezbar": false,
    "source": "IPR Praha – ÚAP"
   }
  },
  {
   "type": "Feature",
   "geometry": {
    "type": "Point",
    "coordinates": [
     14.446164,
     50.08249
    ]
   },
   "properties": {
    "id": "ipr-kultzar-1189",
    "name": "Hidden Gallery",
    "subtype": "galerie",
    "typ_uap": "05_08",
    "cooling": "ac",
    "tier": "A",
    "address": "Bořivojova 536/106",
    "web": "hiddengallery.cz",
    "bezbar": false,
    "source": "IPR Praha – ÚAP"
   }
  },
  {
   "type": "Feature",
   "geometry": {
    "type": "Point",
    "coordinates": [
     14.430015,
     50.085085
    ]
   },
   "properties": {
    "id": "ipr-kultzar-718",
    "name": "Divadlo Ve věži",
    "subtype": "divadlo",
    "typ_uap": "05_01",
    "cooling": "ac",
    "tier": "A",
    "address": "Jindřišská 2122/33",
    "web": "www.divadlovevezi.cz/",
    "bezbar": true,
    "source": "IPR Praha – ÚAP"
   }
  },
  {
   "type": "Feature",
   "geometry": {
    "type": "Point",
    "coordinates": [
     14.414301,
     50.07884
    ]
   },
   "properties": {
    "id": "ipr-kultzar-814",
    "name": "Galerie Moderna",
    "subtype": "galerie",
    "typ_uap": "05_08",
    "cooling": "ac",
    "tier": "A",
    "address": "Masarykovo nábřeží 233/24",
    "web": "www.galeriemoderna.cz",
    "bezbar": false,
    "source": "IPR Praha – ÚAP"
   }
  },
  {
   "type": "Feature",
   "geometry": {
    "type": "Point",
    "coordinates": [
     14.4942,
     50.032968
    ]
   },
   "properties": {
    "id": "ipr-kultzar-850",
    "name": "Galerie cesty ke světlu Zdeňka Hajného",
    "subtype": "galerie",
    "typ_uap": "05_08",
    "cooling": "ac",
    "tier": "A",
    "address": "Zakouřilova 955/9",
    "web": "www.zdenekhajny.com",
    "bezbar": false,
    "source": "IPR Praha – ÚAP"
   }
  },
  {
   "type": "Feature",
   "geometry": {
    "type": "Point",
    "coordinates": [
     14.431349,
     50.103984
    ]
   },
   "properties": {
    "id": "ipr-kultzar-1081",
    "name": "Wildt",
    "subtype": "kulturní dům",
    "typ_uap": "05_03",
    "cooling": "ac",
    "tier": "B",
    "address": "Dukelských hrdinů 770/53",
    "web": "www.facebook.com/wildtbar",
    "bezbar": false,
    "source": "IPR Praha – ÚAP"
   }
  },
  {
   "type": "Feature",
   "geometry": {
    "type": "Point",
    "coordinates": [
     14.494907,
     50.038227
    ]
   },
   "properties": {
    "id": "ipr-kultzar-1112",
    "name": "Mercedes Forum Praha",
    "subtype": "multifunkční sál",
    "typ_uap": "05_05",
    "cooling": "ac",
    "tier": "A",
    "address": "Daimlerova 2296/2",
    "web": "www.mercedesforum.cz/",
    "bezbar": false,
    "source": "IPR Praha – ÚAP"
   }
  },
  {
   "type": "Feature",
   "geometry": {
    "type": "Point",
    "coordinates": [
     14.404806,
     50.003647
    ]
   },
   "properties": {
    "id": "ipr-kultzar-1102",
    "name": "Modřanský biograf",
    "subtype": "kino",
    "typ_uap": "05_02",
    "cooling": "ac",
    "tier": "A",
    "address": "U kina 44/1",
    "web": "www.modranskybiograf.cz/",
    "bezbar": false,
    "source": "IPR Praha – ÚAP"
   }
  },
  {
   "type": "Feature",
   "geometry": {
    "type": "Point",
    "coordinates": [
     14.432788,
     50.101074
    ]
   },
   "properties": {
    "id": "ipr-kultzar-788",
    "name": "Studio Hrdinů",
    "subtype": "divadlo",
    "typ_uap": "05_01",
    "cooling": "ac",
    "tier": "A",
    "address": "Dukelských hrdinů 530/47",
    "web": "www.studiohrdinu.cz/",
    "bezbar": false,
    "source": "IPR Praha – ÚAP"
   }
  },
  {
   "type": "Feature",
   "geometry": {
    "type": "Point",
    "coordinates": [
     14.421013,
     50.090211
    ]
   },
   "properties": {
    "id": "ipr-kultzar-926",
    "name": "Španělská synagoga",
    "subtype": "muzeum",
    "typ_uap": "05_07",
    "cooling": "ac",
    "tier": "A",
    "address": "Vězeňská 141/1",
    "web": "www.jewishmuseum.cz",
    "bezbar": false,
    "source": "IPR Praha – ÚAP"
   }
  },
  {
   "type": "Feature",
   "geometry": {
    "type": "Point",
    "coordinates": [
     14.422469,
     50.089254
    ]
   },
   "properties": {
    "id": "ipr-kultzar-1009",
    "name": "Cermak Eisenkraft gallery",
    "subtype": "galerie",
    "typ_uap": "05_08",
    "cooling": "ac",
    "tier": "A",
    "address": "Dlouhá 616/12",
    "web": null,
    "bezbar": false,
    "source": "IPR Praha – ÚAP"
   }
  },
  {
   "type": "Feature",
   "geometry": {
    "type": "Point",
    "coordinates": [
     14.413839,
     50.035837
    ]
   },
   "properties": {
    "id": "ipr-kultzar-1198",
    "name": "Divadlo Bravo!",
    "subtype": "divadlo",
    "typ_uap": "05_01",
    "cooling": "ac",
    "tier": "A",
    "address": "Branická 411/63",
    "web": "www.divadlobravo.cz",
    "bezbar": false,
    "source": "IPR Praha – ÚAP"
   }
  },
  {
   "type": "Feature",
   "geometry": {
    "type": "Point",
    "coordinates": [
     14.415209,
     50.090172
    ]
   },
   "properties": {
    "id": "ipr-kultzar-853",
    "name": "Galerie rudolfinum",
    "subtype": "galerie",
    "typ_uap": "05_08",
    "cooling": "ac",
    "tier": "A",
    "address": "Alšovo nábřeží 79/12",
    "web": "www.galerierudolfinum.cz/cs/",
    "bezbar": false,
    "source": "IPR Praha – ÚAP"
   }
  },
  {
   "type": "Feature",
   "geometry": {
    "type": "Point",
    "coordinates": [
     14.40902,
     50.0969
    ]
   },
   "properties": {
    "id": "ipr-kultzar-1050",
    "name": "Galerie Josefa Adamce",
    "subtype": "galerie",
    "typ_uap": "05_08",
    "cooling": "ac",
    "tier": "A",
    "address": "Na Špejcharu 291/3",
    "web": "www.gja.cz/",
    "bezbar": false,
    "source": "IPR Praha – ÚAP"
   }
  },
  {
   "type": "Feature",
   "geometry": {
    "type": "Point",
    "coordinates": [
     14.429283,
     50.074881
    ]
   },
   "properties": {
    "id": "ipr-kultzar-900",
    "name": "Zdravotnické muzeum",
    "subtype": "muzeum",
    "typ_uap": "05_07",
    "cooling": "ac",
    "tier": "A",
    "address": "Sokolská 1791/54",
    "web": "muzeum.nlk.cz/",
    "bezbar": false,
    "source": "IPR Praha – ÚAP"
   }
  },
  {
   "type": "Feature",
   "geometry": {
    "type": "Point",
    "coordinates": [
     14.450733,
     50.075497
    ]
   },
   "properties": {
    "id": "ipr-kultzar-1195",
    "name": "Restaurace U Vodárny - hudební klub",
    "subtype": "kulturní dům",
    "typ_uap": "05_03",
    "cooling": "ac",
    "tier": "B",
    "address": "Korunní 972/75",
    "web": null,
    "bezbar": false,
    "source": "IPR Praha – ÚAP"
   }
  },
  {
   "type": "Feature",
   "geometry": {
    "type": "Point",
    "coordinates": [
     14.436331,
     50.091135
    ]
   },
   "properties": {
    "id": "ipr-kultzar-996",
    "name": "Muzeum družstevnictví",
    "subtype": "muzeum",
    "typ_uap": "05_07",
    "cooling": "ac",
    "tier": "A",
    "address": "Těšnov 1163/5",
    "web": "www.dacr.cz",
    "bezbar": true,
    "source": "IPR Praha – ÚAP"
   }
  },
  {
   "type": "Feature",
   "geometry": {
    "type": "Point",
    "coordinates": [
     14.433988,
     50.09709
    ]
   },
   "properties": {
    "id": "ipr-kultzar-762",
    "name": "Galerie ARTWALL",
    "subtype": "galerie",
    "typ_uap": "05_08",
    "cooling": "ac",
    "tier": "A",
    "address": "Nábřeží Kapitána Jaroše 1000/7",
    "web": "www.artwallgallery.cz/en",
    "bezbar": true,
    "source": "IPR Praha – ÚAP"
   }
  },
  {
   "type": "Feature",
   "geometry": {
    "type": "Point",
    "coordinates": [
     14.415128,
     50.085937
    ]
   },
   "properties": {
    "id": "ipr-kultzar-712",
    "name": "Divadlo Lucie Bílé",
    "subtype": "divadlo",
    "typ_uap": "05_01",
    "cooling": "ac",
    "tier": "A",
    "address": "Karlova 186/8",
    "web": "https://www.divadloluciebile.cz/o-divadle/",
    "bezbar": true,
    "source": "IPR Praha – ÚAP"
   }
  },
  {
   "type": "Feature",
   "geometry": {
    "type": "Point",
    "coordinates": [
     14.443174,
     50.10818
    ]
   },
   "properties": {
    "id": "ipr-kultzar-799",
    "name": "Cross Club",
    "subtype": "kulturní dům",
    "typ_uap": "05_03",
    "cooling": "ac",
    "tier": "B",
    "address": "Plynární 1096/23",
    "web": "www.crossclub.cz/cs/",
    "bezbar": false,
    "source": "IPR Praha – ÚAP"
   }
  },
  {
   "type": "Feature",
   "geometry": {
    "type": "Point",
    "coordinates": [
     14.455011,
     50.091476
    ]
   },
   "properties": {
    "id": "ipr-kultzar-1174",
    "name": "Fórum Karlín",
    "subtype": "multifunkční sál",
    "typ_uap": "05_05",
    "cooling": "ac",
    "tier": "A",
    "address": "Pernerova 676/51",
    "web": "www.forumkarlin.cz",
    "bezbar": true,
    "source": "IPR Praha – ÚAP"
   }
  },
  {
   "type": "Feature",
   "geometry": {
    "type": "Point",
    "coordinates": [
     14.445755,
     50.086873
    ]
   },
   "properties": {
    "id": "ipr-kultzar-1197",
    "name": "ŽižkovŠiška",
    "subtype": "multifunkční sál",
    "typ_uap": "05_05",
    "cooling": "ac",
    "tier": "A",
    "address": "Husitská 888/11",
    "web": "www.zizkovsiska.cz",
    "bezbar": false,
    "source": "IPR Praha – ÚAP"
   }
  },
  {
   "type": "Feature",
   "geometry": {
    "type": "Point",
    "coordinates": [
     14.490275,
     50.031208
    ]
   },
   "properties": {
    "id": "ipr-kultzar-1063",
    "name": "Cinema City Chodov",
    "subtype": "kino",
    "typ_uap": "05_02",
    "cooling": "ac",
    "tier": "A",
    "address": "Roztylská 2321/19",
    "web": "www.cinemacity.cz/chodov",
    "bezbar": false,
    "source": "IPR Praha – ÚAP"
   }
  },
  {
   "type": "Feature",
   "geometry": {
    "type": "Point",
    "coordinates": [
     14.502664,
     50.111827
    ]
   },
   "properties": {
    "id": "ipr-kultzar-1059",
    "name": "Klub Kocour",
    "subtype": "kulturní dům",
    "typ_uap": "05_03",
    "cooling": "ac",
    "tier": "B",
    "address": "Jandova 207/4",
    "web": "www.divadlogong.cz/klub-kocour/o-klubu-kocour",
    "bezbar": false,
    "source": "IPR Praha – ÚAP"
   }
  },
  {
   "type": "Feature",
   "geometry": {
    "type": "Point",
    "coordinates": [
     14.40829,
     50.053243
    ]
   },
   "properties": {
    "id": "ipr-kultzar-1044",
    "name": "Galerie Kostka",
    "subtype": "galerie",
    "typ_uap": "05_08",
    "cooling": "ac",
    "tier": "A",
    "address": "Ke sklárně 3213/15",
    "web": "www.meetfactory.cz",
    "bezbar": false,
    "source": "IPR Praha – ÚAP"
   }
  },
  {
   "type": "Feature",
   "geometry": {
    "type": "Point",
    "coordinates": [
     14.44468,
     50.058085
    ]
   },
   "properties": {
    "id": "ipr-kultzar-878",
    "name": "Divadlo Na Jezerce",
    "subtype": "divadlo",
    "typ_uap": "05_01",
    "cooling": "ac",
    "tier": "A",
    "address": "Na Jezerce 1451/2a",
    "web": "www.divadlonajezerce.cz",
    "bezbar": true,
    "source": "IPR Praha – ÚAP"
   }
  },
  {
   "type": "Feature",
   "geometry": {
    "type": "Point",
    "coordinates": [
     14.441226,
     50.090208
    ]
   },
   "properties": {
    "id": "ipr-kultzar-1062",
    "name": "Theatro Music Club",
    "subtype": "kulturní dům",
    "typ_uap": "05_03",
    "cooling": "ac",
    "tier": "B",
    "address": "Křižíkova 283/10",
    "web": "theatro.cz/theatro-music-club/",
    "bezbar": true,
    "source": "IPR Praha – ÚAP"
   }
  },
  {
   "type": "Feature",
   "geometry": {
    "type": "Point",
    "coordinates": [
     14.419265,
     50.086684
    ]
   },
   "properties": {
    "id": "ipr-kultzar-983",
    "name": "Hard Rock Cafe Praha",
    "subtype": "kulturní dům",
    "typ_uap": "05_03",
    "cooling": "ac",
    "tier": "B",
    "address": "Malé náměstí 142/3",
    "web": "www.hardrock.com/cafes/prague/",
    "bezbar": false,
    "source": "IPR Praha – ÚAP"
   }
  },
  {
   "type": "Feature",
   "geometry": {
    "type": "Point",
    "coordinates": [
     14.407325,
     50.086924
    ]
   },
   "properties": {
    "id": "ipr-kultzar-942",
    "name": "Muzeum Karla Zemana",
    "subtype": "muzeum",
    "typ_uap": "05_07",
    "cooling": "ac",
    "tier": "A",
    "address": "Saská 520/3",
    "web": "www.muzeumkarlazemana.cz",
    "bezbar": true,
    "source": "IPR Praha – ÚAP"
   }
  },
  {
   "type": "Feature",
   "geometry": {
    "type": "Point",
    "coordinates": [
     14.45344,
     50.087693
    ]
   },
   "properties": {
    "id": "ipr-kultzar-976",
    "name": "Strom Club",
    "subtype": "kulturní dům",
    "typ_uap": "05_03",
    "cooling": "ac",
    "tier": "B",
    "address": "Tachovské náměstí 290/5",
    "web": "stormclub.cz",
    "bezbar": false,
    "source": "IPR Praha – ÚAP"
   }
  },
  {
   "type": "Feature",
   "geometry": {
    "type": "Point",
    "coordinates": [
     14.419937,
     50.086628
    ]
   },
   "properties": {
    "id": "ipr-kultzar-729",
    "name": "Staroměstská radnice – Křížová chodba, Rytířský sál",
    "subtype": "galerie",
    "typ_uap": "05_08",
    "cooling": "ac",
    "tier": "A",
    "address": "Staroměstské náměstí 4/1",
    "web": "www.staromestskaradnicepraha.cz/cs",
    "bezbar": false,
    "source": "IPR Praha – ÚAP"
   }
  },
  {
   "type": "Feature",
   "geometry": {
    "type": "Point",
    "coordinates": [
     14.449609,
     50.082123
    ]
   },
   "properties": {
    "id": "ipr-kultzar-782",
    "name": "NAU gallery",
    "subtype": "galerie",
    "typ_uap": "05_08",
    "cooling": "ac",
    "tier": "A",
    "address": "Kubelíkova 1089/22",
    "web": "www.naugallery.cz",
    "bezbar": false,
    "source": "IPR Praha – ÚAP"
   }
  },
  {
   "type": "Feature",
   "geometry": {
    "type": "Point",
    "coordinates": [
     14.417198,
     50.086966
    ]
   },
   "properties": {
    "id": "ipr-kultzar-1160",
    "name": "Zrcadlová kaple Klementina",
    "subtype": "multifunkční sál",
    "typ_uap": "05_05",
    "cooling": "ac",
    "tier": "A",
    "address": "Klementinum 190",
    "web": "https://www.zrcadlovakaple.cz/",
    "bezbar": false,
    "source": "IPR Praha – ÚAP"
   }
  },
  {
   "type": "Feature",
   "geometry": {
    "type": "Point",
    "coordinates": [
     14.40829,
     50.053243
    ]
   },
   "properties": {
    "id": "ipr-kultzar-1167",
    "name": "Meet Factory - Mezinárodní centrum současného umění",
    "subtype": "multifunkční sál",
    "typ_uap": "05_05",
    "cooling": "ac",
    "tier": "A",
    "address": "Ke sklárně 3213/15",
    "web": "www.meetfactory.cz",
    "bezbar": false,
    "source": "IPR Praha – ÚAP"
   }
  },
  {
   "type": "Feature",
   "geometry": {
    "type": "Point",
    "coordinates": [
     14.405791,
     50.098999
    ]
   },
   "properties": {
    "id": "ipr-kultzar-982",
    "name": "Potrvá",
    "subtype": "kulturní dům",
    "typ_uap": "05_03",
    "cooling": "ac",
    "tier": "B",
    "address": "Srbská 347/2",
    "web": "www.potrva.cz/cs/",
    "bezbar": false,
    "source": "IPR Praha – ÚAP"
   }
  },
  {
   "type": "Feature",
   "geometry": {
    "type": "Point",
    "coordinates": [
     14.414948,
     50.085944
    ]
   },
   "properties": {
    "id": "ipr-kultzar-1079",
    "name": "Zlatý strom",
    "subtype": "kulturní dům",
    "typ_uap": "05_03",
    "cooling": "ac",
    "tier": "B",
    "address": "Karlova 187/6",
    "web": "www.zlatystrom.com/",
    "bezbar": false,
    "source": "IPR Praha – ÚAP"
   }
  },
  {
   "type": "Feature",
   "geometry": {
    "type": "Point",
    "coordinates": [
     14.415357,
     50.072966
    ]
   },
   "properties": {
    "id": "ipr-kultzar-1152",
    "name": "Galerie NIKA - malá galerie Umprum",
    "subtype": "galerie",
    "typ_uap": "05_08",
    "cooling": "ac",
    "tier": "A",
    "address": null,
    "web": "www.umprum.cz/web/cs/galerie-nika",
    "bezbar": true,
    "source": "IPR Praha – ÚAP"
   }
  },
  {
   "type": "Feature",
   "geometry": {
    "type": "Point",
    "coordinates": [
     14.574515,
     50.10408
    ]
   },
   "properties": {
    "id": "ipr-kultzar-1144",
    "name": "Galerie 14",
    "subtype": "galerie",
    "typ_uap": "05_08",
    "cooling": "ac",
    "tier": "A",
    "address": "náměstí Plukovníka Vlčka 686/11",
    "web": "https://www.facebook.com/pages/Galerie-14/188987497891554",
    "bezbar": true,
    "source": "IPR Praha – ÚAP"
   }
  },
  {
   "type": "Feature",
   "geometry": {
    "type": "Point",
    "coordinates": [
     14.422727,
     50.082911
    ]
   },
   "properties": {
    "id": "ipr-kultzar-821",
    "name": "Galerie Petra Brandla",
    "subtype": "galerie",
    "typ_uap": "05_08",
    "cooling": "ac",
    "tier": "A",
    "address": "Jungmannovo náměstí 753/18",
    "web": "www.galeriepetrbrandl.cz",
    "bezbar": false,
    "source": "IPR Praha – ÚAP"
   }
  },
  {
   "type": "Feature",
   "geometry": {
    "type": "Point",
    "coordinates": [
     14.418513,
     50.082027
    ]
   },
   "properties": {
    "id": "ipr-kultzar-816",
    "name": "Galerie Rock Café",
    "subtype": "galerie",
    "typ_uap": "05_08",
    "cooling": "ac",
    "tier": "A",
    "address": "Národní 116/20",
    "web": "www.rockcafe.cz",
    "bezbar": false,
    "source": "IPR Praha – ÚAP"
   }
  },
  {
   "type": "Feature",
   "geometry": {
    "type": "Point",
    "coordinates": [
     14.399208,
     50.101133
    ]
   },
   "properties": {
    "id": "ipr-kultzar-1141",
    "name": "Galerie Skleňák",
    "subtype": "galerie",
    "typ_uap": "05_08",
    "cooling": "ac",
    "tier": "A",
    "address": "Náměstí Svobody 728/1",
    "web": "www.praha6.cz",
    "bezbar": false,
    "source": "IPR Praha – ÚAP"
   }
  },
  {
   "type": "Feature",
   "geometry": {
    "type": "Point",
    "coordinates": [
     14.435576,
     50.067169
    ]
   },
   "properties": {
    "id": "ipr-kultzar-739",
    "name": "Etc. Galerie",
    "subtype": "galerie",
    "typ_uap": "05_08",
    "cooling": "ac",
    "tier": "A",
    "address": "Sarajevská 68/16",
    "web": "www.etcgalerie.cz",
    "bezbar": true,
    "source": "IPR Praha – ÚAP"
   }
  },
  {
   "type": "Feature",
   "geometry": {
    "type": "Point",
    "coordinates": [
     14.430171,
     50.100056
    ]
   },
   "properties": {
    "id": "ipr-kultzar-1094",
    "name": "Bio Oko",
    "subtype": "kino",
    "typ_uap": "05_02",
    "cooling": "ac",
    "tier": "A",
    "address": "Františka Křížka 460/15",
    "web": "www.biooko.net",
    "bezbar": false,
    "source": "IPR Praha – ÚAP"
   }
  },
  {
   "type": "Feature",
   "geometry": {
    "type": "Point",
    "coordinates": [
     14.42608,
     50.100778
    ]
   },
   "properties": {
    "id": "ipr-kultzar-1022",
    "name": "Distrikt7",
    "subtype": "kulturní dům",
    "typ_uap": "05_03",
    "cooling": "ac",
    "tier": "B",
    "address": "Veletržní 826/61",
    "web": "https://distrikt7.cz/",
    "bezbar": false,
    "source": "IPR Praha – ÚAP"
   }
  },
  {
   "type": "Feature",
   "geometry": {
    "type": "Point",
    "coordinates": [
     14.448201,
     50.086892
    ]
   },
   "properties": {
    "id": "ipr-kultzar-778",
    "name": "INI Project",
    "subtype": "galerie",
    "typ_uap": "05_08",
    "cooling": "ac",
    "tier": "A",
    "address": "Jeronýmova 88/9",
    "web": "www.iniproject.org",
    "bezbar": true,
    "source": "IPR Praha – ÚAP"
   }
  },
  {
   "type": "Feature",
   "geometry": {
    "type": "Point",
    "coordinates": [
     14.399519,
     50.087183
    ]
   },
   "properties": {
    "id": "ipr-kultzar-944",
    "name": "Muzeum KGB",
    "subtype": "muzeum",
    "typ_uap": "05_07",
    "cooling": "ac",
    "tier": "A",
    "address": "Vlašská 591/13",
    "web": "kgbmuzeum.com",
    "bezbar": false,
    "source": "IPR Praha – ÚAP"
   }
  },
  {
   "type": "Feature",
   "geometry": {
    "type": "Point",
    "coordinates": [
     14.422517,
     50.090746
    ]
   },
   "properties": {
    "id": "ipr-kultzar-847",
    "name": "Speculum Alchemiae - Zrcadlo alchymie",
    "subtype": "muzeum",
    "typ_uap": "05_07",
    "cooling": "ac",
    "tier": "A",
    "address": "Haštalská 795/1",
    "web": "www.alchemiae.cz",
    "bezbar": false,
    "source": "IPR Praha – ÚAP"
   }
  },
  {
   "type": "Feature",
   "geometry": {
    "type": "Point",
    "coordinates": [
     14.42867,
     50.087053
    ]
   },
   "properties": {
    "id": "ipr-kultzar-1110",
    "name": "Kongresový sál České národní banky",
    "subtype": "multifunkční sál",
    "typ_uap": "05_05",
    "cooling": "ac",
    "tier": "A",
    "address": "Na příkopě 864/28",
    "web": "www.cnb.cz/cs/o_cnb/sidlo_ustredi/kongresove_centrum_cnb/index.html",
    "bezbar": true,
    "source": "IPR Praha – ÚAP"
   }
  },
  {
   "type": "Feature",
   "geometry": {
    "type": "Point",
    "coordinates": [
     14.416607,
     50.084042
    ]
   },
   "properties": {
    "id": "ipr-kultzar-903",
    "name": "Náprstkovo muzeum",
    "subtype": "muzeum",
    "typ_uap": "05_07",
    "cooling": "ac",
    "tier": "A",
    "address": "Betlémské náměstí 269/1",
    "web": "www.nm.cz",
    "bezbar": false,
    "source": "IPR Praha – ÚAP"
   }
  },
  {
   "type": "Feature",
   "geometry": {
    "type": "Point",
    "coordinates": [
     14.422187,
     50.08
    ]
   },
   "properties": {
    "id": "ipr-kultzar-741",
    "name": "Fotograf Gallery",
    "subtype": "galerie",
    "typ_uap": "05_08",
    "cooling": "ac",
    "tier": "A",
    "address": "Jungmannova 19/7",
    "web": "www.fotografgallery.cz",
    "bezbar": true,
    "source": "IPR Praha – ÚAP"
   }
  },
  {
   "type": "Feature",
   "geometry": {
    "type": "Point",
    "coordinates": [
     14.422805,
     50.085487
    ]
   },
   "properties": {
    "id": "ipr-kultzar-716",
    "name": "Divadlo V Rytířské",
    "subtype": "divadlo",
    "typ_uap": "05_01",
    "cooling": "ac",
    "tier": "A",
    "address": "Rytířská 539/31",
    "web": "www.divadlovrytirske.cz/",
    "bezbar": true,
    "source": "IPR Praha – ÚAP"
   }
  },
  {
   "type": "Feature",
   "geometry": {
    "type": "Point",
    "coordinates": [
     14.408934,
     50.090973
    ]
   },
   "properties": {
    "id": "ipr-kultzar-897",
    "name": "Valdštejnská jízdárna",
    "subtype": "muzeum",
    "typ_uap": "05_07",
    "cooling": "ac",
    "tier": "A",
    "address": null,
    "web": "www.ngprague.cz",
    "bezbar": true,
    "source": "IPR Praha – ÚAP"
   }
  },
  {
   "type": "Feature",
   "geometry": {
    "type": "Point",
    "coordinates": [
     14.435505,
     50.099719
    ]
   },
   "properties": {
    "id": "ipr-kultzar-736",
    "name": "Berlínskej model",
    "subtype": "galerie",
    "typ_uap": "05_08",
    "cooling": "ac",
    "tier": "A",
    "address": "Pplk. Sochora 1387/9",
    "web": "www.berlinskejmodel.cz",
    "bezbar": false,
    "source": "IPR Praha – ÚAP"
   }
  },
  {
   "type": "Feature",
   "geometry": {
    "type": "Point",
    "coordinates": [
     14.514345,
     50.129423
    ]
   },
   "properties": {
    "id": "ipr-kultzar-1170",
    "name": "PVA EXPO Praha",
    "subtype": "aréna",
    "typ_uap": "05_06",
    "cooling": "ac",
    "tier": "B",
    "address": "Beranových 667",
    "web": "www.pvaexpo.cz",
    "bezbar": true,
    "source": "IPR Praha – ÚAP"
   }
  },
  {
   "type": "Feature",
   "geometry": {
    "type": "Point",
    "coordinates": [
     14.398597,
     50.088035
    ]
   },
   "properties": {
    "id": "ipr-kultzar-1130",
    "name": "Muzeum alchymistů a mágů staré Prahy",
    "subtype": "muzeum",
    "typ_uap": "05_07",
    "cooling": "ac",
    "tier": "A",
    "address": "Jánský vršek 312/8",
    "web": "www.muzeumalchymistu.cz/",
    "bezbar": false,
    "source": "IPR Praha – ÚAP"
   }
  },
  {
   "type": "Feature",
   "geometry": {
    "type": "Point",
    "coordinates": [
     14.430362,
     50.08816
    ]
   },
   "properties": {
    "id": "ipr-kultzar-945",
    "name": "Muzeum komunismu",
    "subtype": "muzeum",
    "typ_uap": "05_07",
    "cooling": "ac",
    "tier": "A",
    "address": "V celnici 1031/4",
    "web": "www.muzeumkomunismu.cz",
    "bezbar": false,
    "source": "IPR Praha – ÚAP"
   }
  },
  {
   "type": "Feature",
   "geometry": {
    "type": "Point",
    "coordinates": [
     14.352855,
     50.092753
    ]
   },
   "properties": {
    "id": "ipr-kultzar-948",
    "name": "S galerie",
    "subtype": "galerie",
    "typ_uap": "05_08",
    "cooling": "ac",
    "tier": "A",
    "address": "Nad hradním potokem 394/15a",
    "web": "www.sgalerie.cz",
    "bezbar": false,
    "source": "IPR Praha – ÚAP"
   }
  },
  {
   "type": "Feature",
   "geometry": {
    "type": "Point",
    "coordinates": [
     14.442761,
     50.091086
    ]
   },
   "properties": {
    "id": "ipr-kultzar-1041",
    "name": "8gallery",
    "subtype": "galerie",
    "typ_uap": "05_08",
    "cooling": "ac",
    "tier": "A",
    "address": "Prvního pluku 172/6",
    "web": "8gallery.cz/",
    "bezbar": false,
    "source": "IPR Praha – ÚAP"
   }
  },
  {
   "type": "Feature",
   "geometry": {
    "type": "Point",
    "coordinates": [
     14.452997,
     50.103685
    ]
   },
   "properties": {
    "id": "ipr-kultzar-1203",
    "name": "Divadlo Na Maninách",
    "subtype": "divadlo",
    "typ_uap": "05_01",
    "cooling": "ac",
    "tier": "A",
    "address": "Na Maninách 1525/32a",
    "web": "www.divadlonamaninach.cz",
    "bezbar": false,
    "source": "IPR Praha – ÚAP"
   }
  },
  {
   "type": "Feature",
   "geometry": {
    "type": "Point",
    "coordinates": [
     14.414685,
     50.083686
    ]
   },
   "properties": {
    "id": "ipr-kultzar-965",
    "name": "HILT black light theatre",
    "subtype": "divadlo",
    "typ_uap": "05_01",
    "cooling": "ac",
    "tier": "A",
    "address": "Betlémská 286/5",
    "web": "www.hilt-theatre.cz",
    "bezbar": true,
    "source": "IPR Praha – ÚAP"
   }
  },
  {
   "type": "Feature",
   "geometry": {
    "type": "Point",
    "coordinates": [
     14.428407,
     50.081161
    ]
   },
   "properties": {
    "id": "ipr-kultzar-840",
    "name": "Muzeum studené války",
    "subtype": "muzeum",
    "typ_uap": "05_07",
    "cooling": "ac",
    "tier": "A",
    "address": "Václavské náměstí 818/45",
    "web": "www.muzeum-studene-valky.cz/",
    "bezbar": false,
    "source": "IPR Praha – ÚAP"
   }
  },
  {
   "type": "Feature",
   "geometry": {
    "type": "Point",
    "coordinates": [
     14.450559,
     50.083341
    ]
   },
   "properties": {
    "id": "ipr-kultzar-1038",
    "name": "City Surfer Office",
    "subtype": "galerie",
    "typ_uap": "05_08",
    "cooling": "ac",
    "tier": "A",
    "address": "Bořivojova 1577/67",
    "web": "citysurferoffice.tumblr.com/",
    "bezbar": false,
    "source": "IPR Praha – ÚAP"
   }
  },
  {
   "type": "Feature",
   "geometry": {
    "type": "Point",
    "coordinates": [
     14.417081,
     50.090034
    ]
   },
   "properties": {
    "id": "ipr-kultzar-927",
    "name": "Židovské muzeum v Praze - Obřadní síň",
    "subtype": "muzeum",
    "typ_uap": "05_07",
    "cooling": "ac",
    "tier": "A",
    "address": "U starého hřbitova 243/3a",
    "web": "www.jewishmuseum.cz/pamatky-a-expozice/pamatky/obradni-sin/",
    "bezbar": false,
    "source": "IPR Praha – ÚAP"
   }
  },
  {
   "type": "Feature",
   "geometry": {
    "type": "Point",
    "coordinates": [
     14.426843,
     50.084596
    ]
   },
   "properties": {
    "id": "ipr-kultzar-936",
    "name": "Magic Garnet Museum",
    "subtype": "muzeum",
    "typ_uap": "05_07",
    "cooling": "ac",
    "tier": "A",
    "address": "Panská 895/6",
    "web": "www.magicgarnet.cz",
    "bezbar": false,
    "source": "IPR Praha – ÚAP"
   }
  },
  {
   "type": "Feature",
   "geometry": {
    "type": "Point",
    "coordinates": [
     14.418151,
     50.082234
    ]
   },
   "properties": {
    "id": "ipr-kultzar-1027",
    "name": "Jam Cafe",
    "subtype": "kulturní dům",
    "typ_uap": "05_03",
    "cooling": "ac",
    "tier": "B",
    "address": "Národní 961/25",
    "web": "jamcafe.cz",
    "bezbar": false,
    "source": "IPR Praha – ÚAP"
   }
  },
  {
   "type": "Feature",
   "geometry": {
    "type": "Point",
    "coordinates": [
     14.42768,
     50.093499
    ]
   },
   "properties": {
    "id": "ipr-kultzar-981",
    "name": "U Bukanýra",
    "subtype": "kulturní dům",
    "typ_uap": "05_03",
    "cooling": "ac",
    "tier": "B",
    "address": null,
    "web": "www.bukanyr.cz/",
    "bezbar": false,
    "source": "IPR Praha – ÚAP"
   }
  },
  {
   "type": "Feature",
   "geometry": {
    "type": "Point",
    "coordinates": [
     14.414924,
     50.088678
    ]
   },
   "properties": {
    "id": "ipr-kultzar-921",
    "name": "Galerie UM",
    "subtype": "galerie",
    "typ_uap": "05_08",
    "cooling": "ac",
    "tier": "A",
    "address": "náměstí Jana Palacha 80/3",
    "web": "www.umprum.cz/web/cs/galerie-um",
    "bezbar": true,
    "source": "IPR Praha – ÚAP"
   }
  },
  {
   "type": "Feature",
   "geometry": {
    "type": "Point",
    "coordinates": [
     14.416314,
     50.083788
    ]
   },
   "properties": {
    "id": "ipr-kultzar-774",
    "name": "Galerie Ztichlá klika",
    "subtype": "galerie",
    "typ_uap": "05_08",
    "cooling": "ac",
    "tier": "A",
    "address": "Betlémská 262/10",
    "web": "www.ztichlaklika.cz",
    "bezbar": false,
    "source": "IPR Praha – ÚAP"
   }
  },
  {
   "type": "Feature",
   "geometry": {
    "type": "Point",
    "coordinates": [
     14.43172,
     50.105603
    ]
   },
   "properties": {
    "id": "ipr-kultzar-1126",
    "name": "Mořský svět",
    "subtype": "muzeum",
    "typ_uap": "05_07",
    "cooling": "ac",
    "tier": "A",
    "address": null,
    "web": "www.vystavistepraha.eu/areal-vystaviste/morsky-svet/",
    "bezbar": false,
    "source": "IPR Praha – ÚAP"
   }
  },
  {
   "type": "Feature",
   "geometry": {
    "type": "Point",
    "coordinates": [
     14.449674,
     50.071466
    ]
   },
   "properties": {
    "id": "ipr-kultzar-1217",
    "name": "Knihkupectví a galerie Xao",
    "subtype": "literární kavárna",
    "typ_uap": "05_10",
    "cooling": "ac",
    "tier": "B",
    "address": "Krymská 227/29",
    "web": "www.xaoxax.cz",
    "bezbar": false,
    "source": "IPR Praha – ÚAP"
   }
  },
  {
   "type": "Feature",
   "geometry": {
    "type": "Point",
    "coordinates": [
     14.491856,
     50.078472
    ]
   },
   "properties": {
    "id": "ipr-kultzar-984",
    "name": "Divadelní ateliér",
    "subtype": "divadlo",
    "typ_uap": "05_01",
    "cooling": "ac",
    "tier": "A",
    "address": "Pod Strašnickou vinicí 623/23",
    "web": "divadelniatelier.cz/?page_id=816",
    "bezbar": true,
    "source": "IPR Praha – ÚAP"
   }
  },
  {
   "type": "Feature",
   "geometry": {
    "type": "Point",
    "coordinates": [
     14.425213,
     50.085135
    ]
   },
   "properties": {
    "id": "ipr-kultzar-820",
    "name": "Galerie Petr Žaloudek",
    "subtype": "galerie",
    "typ_uap": "05_08",
    "cooling": "ac",
    "tier": "A",
    "address": "Na příkopě 853/12",
    "web": "www.galerie-zaloudek.cz",
    "bezbar": false,
    "source": "IPR Praha – ÚAP"
   }
  },
  {
   "type": "Feature",
   "geometry": {
    "type": "Point",
    "coordinates": [
     14.448916,
     50.082258
    ]
   },
   "properties": {
    "id": "ipr-kultzar-992",
    "name": "Palác Akropolis",
    "subtype": "multifunkční sál",
    "typ_uap": "05_05",
    "cooling": "ac",
    "tier": "A",
    "address": "Kubelíkova 1548/27",
    "web": "www.palacakropolis.cz",
    "bezbar": false,
    "source": "IPR Praha – ÚAP"
   }
  },
  {
   "type": "Feature",
   "geometry": {
    "type": "Point",
    "coordinates": [
     14.427517,
     50.084317
    ]
   },
   "properties": {
    "id": "ipr-kultzar-937",
    "name": "Muchovo museum",
    "subtype": "muzeum",
    "typ_uap": "05_07",
    "cooling": "ac",
    "tier": "A",
    "address": "Panská 890/7",
    "web": "www.mucha.cz",
    "bezbar": true,
    "source": "IPR Praha – ÚAP"
   }
  },
  {
   "type": "Feature",
   "geometry": {
    "type": "Point",
    "coordinates": [
     14.424042,
     50.092155
    ]
   },
   "properties": {
    "id": "ipr-kultzar-894",
    "name": "Klášter svaté Anežky České",
    "subtype": "muzeum",
    "typ_uap": "05_07",
    "cooling": "ac",
    "tier": "A",
    "address": "Anežská 811/12",
    "web": "www.ngprague.cz",
    "bezbar": false,
    "source": "IPR Praha – ÚAP"
   }
  },
  {
   "type": "Feature",
   "geometry": {
    "type": "Point",
    "coordinates": [
     14.426981,
     50.086597
    ]
   },
   "properties": {
    "id": "ipr-kultzar-868",
    "name": "Divadlo Broadway",
    "subtype": "divadlo",
    "typ_uap": "05_01",
    "cooling": "ac",
    "tier": "A",
    "address": "Na Příkopě 988/31",
    "web": "www.divadlo-broadway.cz",
    "bezbar": true,
    "source": "IPR Praha – ÚAP"
   }
  },
  {
   "type": "Feature",
   "geometry": {
    "type": "Point",
    "coordinates": [
     14.451698,
     50.062118
    ]
   },
   "properties": {
    "id": "ipr-kultzar-947",
    "name": "Pražská galerie českého skla",
    "subtype": "galerie",
    "typ_uap": "05_08",
    "cooling": "ac",
    "tier": "A",
    "address": "Bartoškova 1448/26",
    "web": "www.prazskagalerie.cz",
    "bezbar": false,
    "source": "IPR Praha – ÚAP"
   }
  },
  {
   "type": "Feature",
   "geometry": {
    "type": "Point",
    "coordinates": [
     14.418151,
     50.082234
    ]
   },
   "properties": {
    "id": "ipr-kultzar-978",
    "name": "Vagon",
    "subtype": "kulturní dům",
    "typ_uap": "05_03",
    "cooling": "ac",
    "tier": "B",
    "address": "Národní 961/25",
    "web": "www.vagon.cz/",
    "bezbar": false,
    "source": "IPR Praha – ÚAP"
   }
  },
  {
   "type": "Feature",
   "geometry": {
    "type": "Point",
    "coordinates": [
     14.415367,
     50.040663
    ]
   },
   "properties": {
    "id": "ipr-kultzar-972",
    "name": "Divadlo Sklep",
    "subtype": "divadlo",
    "typ_uap": "05_01",
    "cooling": "ac",
    "tier": "A",
    "address": "Jasná I 1181/6",
    "web": "www.divadlosklep.cz/",
    "bezbar": true,
    "source": "IPR Praha – ÚAP"
   }
  },
  {
   "type": "Feature",
   "geometry": {
    "type": "Point",
    "coordinates": [
     14.419867,
     50.084924
    ]
   },
   "properties": {
    "id": "ipr-kultzar-761",
    "name": "U Staré paní",
    "subtype": "kulturní dům",
    "typ_uap": "05_03",
    "cooling": "ac",
    "tier": "B",
    "address": "Michalská 441/9",
    "web": "www.oldladys.cz/",
    "bezbar": false,
    "source": "IPR Praha – ÚAP"
   }
  },
  {
   "type": "Feature",
   "geometry": {
    "type": "Point",
    "coordinates": [
     14.461297,
     50.078295
    ]
   },
   "properties": {
    "id": "ipr-kultzar-1084",
    "name": "Cinema City IMAX Flora",
    "subtype": "kino",
    "typ_uap": "05_02",
    "cooling": "ac",
    "tier": "A",
    "address": "Vinohradská 2828/151",
    "web": "www.cinemacity.cz/imax",
    "bezbar": true,
    "source": "IPR Praha – ÚAP"
   }
  },
  {
   "type": "Feature",
   "geometry": {
    "type": "Point",
    "coordinates": [
     14.430362,
     50.08816
    ]
   },
   "properties": {
    "id": "ipr-kultzar-1020",
    "name": "Nebe Music Bar",
    "subtype": "kulturní dům",
    "typ_uap": "05_03",
    "cooling": "ac",
    "tier": "B",
    "address": "V Celnici 1031/4",
    "web": "www.nebepraha.cz/cz/celnice/",
    "bezbar": false,
    "source": "IPR Praha – ÚAP"
   }
  },
  {
   "type": "Feature",
   "geometry": {
    "type": "Point",
    "coordinates": [
     14.42162,
     50.087857
    ]
   },
   "properties": {
    "id": "ipr-kultzar-895",
    "name": "Palác Kinských",
    "subtype": "muzeum",
    "typ_uap": "05_07",
    "cooling": "ac",
    "tier": "A",
    "address": "Staroměstské náměstí 606/12",
    "web": "www.ngprague.cz/palac-kinskych",
    "bezbar": true,
    "source": "IPR Praha – ÚAP"
   }
  },
  {
   "type": "Feature",
   "geometry": {
    "type": "Point",
    "coordinates": [
     14.434505,
     50.07859
    ]
   },
   "properties": {
    "id": "ipr-kultzar-1127",
    "name": "Galerie Vinohradská 12",
    "subtype": "muzeum",
    "typ_uap": "05_07",
    "cooling": "ac",
    "tier": "A",
    "address": "Vinohradská 1409/12",
    "web": "www.rozhlas.cz/informace/galerie",
    "bezbar": false,
    "source": "IPR Praha – ÚAP"
   }
  },
  {
   "type": "Feature",
   "geometry": {
    "type": "Point",
    "coordinates": [
     14.427806,
     50.089814
    ]
   },
   "properties": {
    "id": "ipr-kultzar-1060",
    "name": "Epic",
    "subtype": "kulturní dům",
    "typ_uap": "05_03",
    "cooling": "ac",
    "tier": "B",
    "address": "Revoluční 1003/3",
    "web": "www.epicprague.com",
    "bezbar": false,
    "source": "IPR Praha – ÚAP"
   }
  },
  {
   "type": "Feature",
   "geometry": {
    "type": "Point",
    "coordinates": [
     14.431632,
     50.105282
    ]
   },
   "properties": {
    "id": "ipr-kultzar-904",
    "name": "Lapidárium Národního muzea",
    "subtype": "muzeum",
    "typ_uap": "05_07",
    "cooling": "ac",
    "tier": "A",
    "address": "Výstaviště 422",
    "web": "https://www.nm.cz/navstivte-nas/objekty/lapidarium-narodniho-muzea",
    "bezbar": true,
    "source": "IPR Praha – ÚAP"
   }
  },
  {
   "type": "Feature",
   "geometry": {
    "type": "Point",
    "coordinates": [
     14.443466,
     50.092963
    ]
   },
   "properties": {
    "id": "ipr-kultzar-1017",
    "name": "Hauch Gallery",
    "subtype": "galerie",
    "typ_uap": "05_08",
    "cooling": "ac",
    "tier": "A",
    "address": "Pobřežní 636/20a",
    "web": "www.hauchgallery.com/",
    "bezbar": false,
    "source": "IPR Praha – ÚAP"
   }
  },
  {
   "type": "Feature",
   "geometry": {
    "type": "Point",
    "coordinates": [
     14.444301,
     50.082488
    ]
   },
   "properties": {
    "id": "ipr-kultzar-783",
    "name": "Nevan Contempo",
    "subtype": "galerie",
    "typ_uap": "05_08",
    "cooling": "ac",
    "tier": "A",
    "address": "U Rajské zahrady 809/14",
    "web": "www.nevan.gallery",
    "bezbar": true,
    "source": "IPR Praha – ÚAP"
   }
  },
  {
   "type": "Feature",
   "geometry": {
    "type": "Point",
    "coordinates": [
     14.405599,
     50.088425
    ]
   },
   "properties": {
    "id": "ipr-kultzar-1071",
    "name": "Portugalské centrum Instituto Camões v Praze",
    "subtype": "kulturní institut",
    "typ_uap": "05_09",
    "cooling": "ac",
    "tier": "A",
    "address": "Josefská 34/6",
    "web": "institutocamoes-praga.cz/",
    "bezbar": false,
    "source": "IPR Praha – ÚAP"
   }
  },
  {
   "type": "Feature",
   "geometry": {
    "type": "Point",
    "coordinates": [
     14.43644,
     50.095328
    ]
   },
   "properties": {
    "id": "ipr-kultzar-1209",
    "name": "Fuchs2",
    "subtype": "kulturní dům",
    "typ_uap": "05_03",
    "cooling": "ac",
    "tier": "B",
    "address": "Ostrov Štvanice 1125",
    "web": "www.fuchs2.cz",
    "bezbar": false,
    "source": "IPR Praha – ÚAP"
   }
  },
  {
   "type": "Feature",
   "geometry": {
    "type": "Point",
    "coordinates": [
     14.421698,
     50.084724
    ]
   },
   "properties": {
    "id": "ipr-kultzar-1051",
    "name": "Lisztův institut Maďarské kulturní centrum Praha",
    "subtype": "kulturní institut",
    "typ_uap": "05_09",
    "cooling": "ac",
    "tier": "A",
    "address": "Rytířská 963/25",
    "web": "https://culture.hu/cz/praha/o-nas",
    "bezbar": false,
    "source": "IPR Praha – ÚAP"
   }
  },
  {
   "type": "Feature",
   "geometry": {
    "type": "Point",
    "coordinates": [
     14.398431,
     50.090775
    ]
   },
   "properties": {
    "id": "ipr-kultzar-1109",
    "name": "Španělský sál",
    "subtype": "multifunkční sál",
    "typ_uap": "05_05",
    "cooling": "ac",
    "tier": "A",
    "address": "Praha 1",
    "web": "www.hrad.cz",
    "bezbar": false,
    "source": "IPR Praha – ÚAP"
   }
  },
  {
   "type": "Feature",
   "geometry": {
    "type": "Point",
    "coordinates": [
     14.426407,
     50.080891
    ]
   },
   "properties": {
    "id": "ipr-kultzar-1151",
    "name": "Galerie Lucerna - Prostor pro současné umění",
    "subtype": "galerie",
    "typ_uap": "05_08",
    "cooling": "ac",
    "tier": "A",
    "address": "Štěpánská 704/61",
    "web": "www.lucerna.cz/cz/141_galerie",
    "bezbar": false,
    "source": "IPR Praha – ÚAP"
   }
  },
  {
   "type": "Feature",
   "geometry": {
    "type": "Point",
    "coordinates": [
     14.42732,
     50.079272
    ]
   },
   "properties": {
    "id": "ipr-kultzar-862",
    "name": "Činoherní klub",
    "subtype": "divadlo",
    "typ_uap": "05_01",
    "cooling": "ac",
    "tier": "A",
    "address": "Ve Smečkách 594/26",
    "web": "www.cinoherniklub.cz",
    "bezbar": false,
    "source": "IPR Praha – ÚAP"
   }
  },
  {
   "type": "Feature",
   "geometry": {
    "type": "Point",
    "coordinates": [
     14.451851,
     50.087142
    ]
   },
   "properties": {
    "id": "ipr-kultzar-1185",
    "name": "Galerie Gambit",
    "subtype": "galerie",
    "typ_uap": "05_08",
    "cooling": "ac",
    "tier": "A",
    "address": "Husitská 115/86",
    "web": null,
    "bezbar": false,
    "source": "IPR Praha – ÚAP"
   }
  },
  {
   "type": "Feature",
   "geometry": {
    "type": "Point",
    "coordinates": [
     14.417678,
     50.087724
    ]
   },
   "properties": {
    "id": "ipr-kultzar-793",
    "name": "Divadlo Říše loutek",
    "subtype": "divadlo",
    "typ_uap": "05_01",
    "cooling": "ac",
    "tier": "A",
    "address": "Žatecká 98/1",
    "web": "www.riseloutek.cz",
    "bezbar": false,
    "source": "IPR Praha – ÚAP"
   }
  },
  {
   "type": "Feature",
   "geometry": {
    "type": "Point",
    "coordinates": [
     14.42224,
     50.085092
    ]
   },
   "properties": {
    "id": "ipr-kultzar-1133",
    "name": "Galerie České spořitelny",
    "subtype": "muzeum",
    "typ_uap": "05_07",
    "cooling": "ac",
    "tier": "A",
    "address": "Rytířská 536/29",
    "web": "www.galerieceskesporitelny.cz",
    "bezbar": false,
    "source": "IPR Praha – ÚAP"
   }
  },
  {
   "type": "Feature",
   "geometry": {
    "type": "Point",
    "coordinates": [
     14.402129,
     50.088171
    ]
   },
   "properties": {
    "id": "ipr-kultzar-702",
    "name": "Divadlo Inspirace - scénický ateliér HAMU",
    "subtype": "divadlo",
    "typ_uap": "05_01",
    "cooling": "ac",
    "tier": "A",
    "address": "Malostranské náměstí 258/13",
    "web": "www.divadloinspirace.cz",
    "bezbar": true,
    "source": "IPR Praha – ÚAP"
   }
  },
  {
   "type": "Feature",
   "geometry": {
    "type": "Point",
    "coordinates": [
     14.380051,
     50.085684
    ]
   },
   "properties": {
    "id": "ipr-kultzar-1101",
    "name": "Kino Dlabačov",
    "subtype": "kino",
    "typ_uap": "05_02",
    "cooling": "ac",
    "tier": "A",
    "address": "Bělohorská 125/24",
    "web": "www.mcdlabacov.cz",
    "bezbar": false,
    "source": "IPR Praha – ÚAP"
   }
  },
  {
   "type": "Feature",
   "geometry": {
    "type": "Point",
    "coordinates": [
     14.420946,
     50.086704
    ]
   },
   "properties": {
    "id": "ipr-kultzar-1048",
    "name": "Illusion Art Museum",
    "subtype": "galerie",
    "typ_uap": "05_08",
    "cooling": "ac",
    "tier": "A",
    "address": "Staroměstské náměstí 480/24",
    "web": "iamprague.eu/",
    "bezbar": false,
    "source": "IPR Praha – ÚAP"
   }
  },
  {
   "type": "Feature",
   "geometry": {
    "type": "Point",
    "coordinates": [
     14.422574,
     50.077653
    ]
   },
   "properties": {
    "id": "ipr-kultzar-1035",
    "name": "Ex post",
    "subtype": "galerie",
    "typ_uap": "05_08",
    "cooling": "ac",
    "tier": "A",
    "address": "Příčná 668/1",
    "web": "www.expost.space/",
    "bezbar": false,
    "source": "IPR Praha – ÚAP"
   }
  },
  {
   "type": "Feature",
   "geometry": {
    "type": "Point",
    "coordinates": [
     14.388928,
     50.071938
    ]
   },
   "properties": {
    "id": "ipr-kultzar-883",
    "name": "Divadlo Orfeus",
    "subtype": "divadlo",
    "typ_uap": "05_01",
    "cooling": "ac",
    "tier": "A",
    "address": "Plzeňská 470/76",
    "web": "www.orfeus.cz",
    "bezbar": false,
    "source": "IPR Praha – ÚAP"
   }
  },
  {
   "type": "Feature",
   "geometry": {
    "type": "Point",
    "coordinates": [
     14.449747,
     50.100062
    ]
   },
   "properties": {
    "id": "ipr-kultzar-726",
    "name": "RockOpera Praha",
    "subtype": "divadlo",
    "typ_uap": "05_01",
    "cooling": "ac",
    "tier": "A",
    "address": "Komunardů 306/1",
    "web": "www.rockopera.cz",
    "bezbar": false,
    "source": "IPR Praha – ÚAP"
   }
  },
  {
   "type": "Feature",
   "geometry": {
    "type": "Point",
    "coordinates": [
     14.39618,
     49.975791
    ]
   },
   "properties": {
    "id": "ipr-kultzar-1146",
    "name": "Galerie Zbraslav",
    "subtype": "galerie",
    "typ_uap": "05_08",
    "cooling": "ac",
    "tier": "A",
    "address": "U Malé řeky 3",
    "web": "www.facebook.com/galeriezbraslav/",
    "bezbar": false,
    "source": "IPR Praha – ÚAP"
   }
  },
  {
   "type": "Feature",
   "geometry": {
    "type": "Point",
    "coordinates": [
     14.430018,
     50.082491
    ]
   },
   "properties": {
    "id": "ipr-kultzar-1073",
    "name": "British Council v České republice",
    "subtype": "kulturní institut",
    "typ_uap": "05_09",
    "cooling": "ac",
    "tier": "A",
    "address": "Politických vězňů 935/13",
    "web": "www.britishcouncil.cz/",
    "bezbar": false,
    "source": "IPR Praha – ÚAP"
   }
  },
  {
   "type": "Feature",
   "geometry": {
    "type": "Point",
    "coordinates": [
     14.494465,
     50.117307
    ]
   },
   "properties": {
    "id": "ipr-kultzar-1215",
    "name": "Plzeňka u Brabců",
    "subtype": "galerie",
    "typ_uap": "05_08",
    "cooling": "ac",
    "tier": "A",
    "address": "Na Proseku 2/11",
    "web": "www.plzenkaubrabcu.cz",
    "bezbar": false,
    "source": "IPR Praha – ÚAP"
   }
  },
  {
   "type": "Feature",
   "geometry": {
    "type": "Point",
    "coordinates": [
     14.312508,
     50.029887
    ]
   },
   "properties": {
    "id": "ipr-kultzar-1019",
    "name": "Galerie Bubec",
    "subtype": "galerie",
    "typ_uap": "05_08",
    "cooling": "ac",
    "tier": "A",
    "address": "Tělovýchovná 748",
    "web": "www.bubec.cz/",
    "bezbar": true,
    "source": "IPR Praha – ÚAP"
   }
  },
  {
   "type": "Feature",
   "geometry": {
    "type": "Point",
    "coordinates": [
     14.429431,
     50.105427
    ]
   },
   "properties": {
    "id": "ipr-kultzar-1210",
    "name": "Gauč Na Výstavišti",
    "subtype": "kulturní dům",
    "typ_uap": "05_03",
    "cooling": "ac",
    "tier": "B",
    "address": "Výstaviště 415",
    "web": "www.facebook.com/gaucnavystavisti/",
    "bezbar": false,
    "source": "IPR Praha – ÚAP"
   }
  },
  {
   "type": "Feature",
   "geometry": {
    "type": "Point",
    "coordinates": [
     14.415196,
     50.081573
    ]
   },
   "properties": {
    "id": "ipr-kultzar-719",
    "name": "Divadlo Viola",
    "subtype": "divadlo",
    "typ_uap": "05_01",
    "cooling": "ac",
    "tier": "A",
    "address": "Národní 1011/7",
    "web": "www.divadloviola.cz",
    "bezbar": true,
    "source": "IPR Praha – ÚAP"
   }
  },
  {
   "type": "Feature",
   "geometry": {
    "type": "Point",
    "coordinates": [
     14.418737,
     50.084361
    ]
   },
   "properties": {
    "id": "ipr-kultzar-756",
    "name": "Jazz Republic",
    "subtype": "kulturní dům",
    "typ_uap": "05_03",
    "cooling": "ac",
    "tier": "B",
    "address": "Jilská 361/1",
    "web": "www.jazzrepublic.cz/",
    "bezbar": false,
    "source": "IPR Praha – ÚAP"
   }
  },
  {
   "type": "Feature",
   "geometry": {
    "type": "Point",
    "coordinates": [
     14.423125,
     50.087154
    ]
   },
   "properties": {
    "id": "ipr-kultzar-933",
    "name": "Choco-Story Praha – Muzeum čokolády",
    "subtype": "muzeum",
    "typ_uap": "05_07",
    "cooling": "ac",
    "tier": "A",
    "address": "Celetná 557/10",
    "web": "www.choco-story-praha.cz",
    "bezbar": true,
    "source": "IPR Praha – ÚAP"
   }
  },
  {
   "type": "Feature",
   "geometry": {
    "type": "Point",
    "coordinates": [
     14.459179,
     50.082026
    ]
   },
   "properties": {
    "id": "ipr-kultzar-1182",
    "name": "Coffee imrvére",
    "subtype": "literární kavárna",
    "typ_uap": "05_10",
    "cooling": "ac",
    "tier": "B",
    "address": "Olšanské náměstí 1785/5",
    "web": "www.coffeeimrvere.cz",
    "bezbar": false,
    "source": "IPR Praha – ÚAP"
   }
  },
  {
   "type": "Feature",
   "geometry": {
    "type": "Point",
    "coordinates": [
     14.437201,
     50.072138
    ]
   },
   "properties": {
    "id": "ipr-kultzar-869",
    "name": "Divadlo D21",
    "subtype": "divadlo",
    "typ_uap": "05_01",
    "cooling": "ac",
    "tier": "A",
    "address": "Záhřebská 468/21",
    "web": "www.divadlod21.cz",
    "bezbar": false,
    "source": "IPR Praha – ÚAP"
   }
  },
  {
   "type": "Feature",
   "geometry": {
    "type": "Point",
    "coordinates": [
     14.397695,
     50.08921
    ]
   },
   "properties": {
    "id": "ipr-kultzar-1120",
    "name": "Salmovský palác",
    "subtype": "muzeum",
    "typ_uap": "05_07",
    "cooling": "ac",
    "tier": "A",
    "address": "Hradčanské náměstí 186/1",
    "web": "www.ngprague.cz",
    "bezbar": true,
    "source": "IPR Praha – ÚAP"
   }
  },
  {
   "type": "Feature",
   "geometry": {
    "type": "Point",
    "coordinates": [
     14.449674,
     50.071466
    ]
   },
   "properties": {
    "id": "ipr-kultzar-1033",
    "name": "Xaoxax",
    "subtype": "galerie",
    "typ_uap": "05_08",
    "cooling": "ac",
    "tier": "A",
    "address": "Krymská 227/29",
    "web": "www.xaoxax.cz/",
    "bezbar": true,
    "source": "IPR Praha – ÚAP"
   }
  },
  {
   "type": "Feature",
   "geometry": {
    "type": "Point",
    "coordinates": [
     14.421279,
     50.081345
    ]
   },
   "properties": {
    "id": "ipr-kultzar-864",
    "name": "Divadelní klub Troníček",
    "subtype": "divadlo",
    "typ_uap": "05_01",
    "cooling": "ac",
    "tier": "A",
    "address": "Vladislavova 2053/22",
    "web": "www.divadlotronicek.cz/; www.divadlo-tronicek.estranky.cz/",
    "bezbar": false,
    "source": "IPR Praha – ÚAP"
   }
  },
  {
   "type": "Feature",
   "geometry": {
    "type": "Point",
    "coordinates": [
     14.41769,
     50.084034
    ]
   },
   "properties": {
    "id": "ipr-kultzar-825",
    "name": "Galerie U Betlémské kaple",
    "subtype": "galerie",
    "typ_uap": "05_08",
    "cooling": "ac",
    "tier": "A",
    "address": "Betlémské náměstí 1004/8",
    "web": "www.galerieubetlemskekaple.cz",
    "bezbar": false,
    "source": "IPR Praha – ÚAP"
   }
  },
  {
   "type": "Feature",
   "geometry": {
    "type": "Point",
    "coordinates": [
     14.448201,
     50.086892
    ]
   },
   "properties": {
    "id": "ipr-kultzar-1040",
    "name": "Galerie A.M. 180",
    "subtype": "galerie",
    "typ_uap": "05_08",
    "cooling": "ac",
    "tier": "A",
    "address": "Jeronýmova 88/9",
    "web": "www.facebook.com/galerieam180/",
    "bezbar": false,
    "source": "IPR Praha – ÚAP"
   }
  },
  {
   "type": "Feature",
   "geometry": {
    "type": "Point",
    "coordinates": [
     14.416423,
     50.077766
    ]
   },
   "properties": {
    "id": "ipr-kultzar-731",
    "name": "Ars Diva Galerie",
    "subtype": "galerie",
    "typ_uap": "05_08",
    "cooling": "ac",
    "tier": "A",
    "address": "Pštrossova 187/2",
    "web": "www.arsdiva.cz",
    "bezbar": false,
    "source": "IPR Praha – ÚAP"
   }
  },
  {
   "type": "Feature",
   "geometry": {
    "type": "Point",
    "coordinates": [
     14.414902,
     50.086727
    ]
   },
   "properties": {
    "id": "ipr-kultzar-899",
    "name": "Galerie Klementinum",
    "subtype": "galerie",
    "typ_uap": "05_08",
    "cooling": "ac",
    "tier": "A",
    "address": "Klementinum 190",
    "web": "www.nkp.cz",
    "bezbar": false,
    "source": "IPR Praha – ÚAP"
   }
  },
  {
   "type": "Feature",
   "geometry": {
    "type": "Point",
    "coordinates": [
     14.422699,
     50.087217
    ]
   },
   "properties": {
    "id": "ipr-kultzar-935",
    "name": "Madame Tussauds Prague",
    "subtype": "muzeum",
    "typ_uap": "05_07",
    "cooling": "ac",
    "tier": "A",
    "address": "Celetná 555/6",
    "web": "www.madametussauds.com/prague",
    "bezbar": false,
    "source": "IPR Praha – ÚAP"
   }
  },
  {
   "type": "Feature",
   "geometry": {
    "type": "Point",
    "coordinates": [
     14.434814,
     50.047623
    ]
   },
   "properties": {
    "id": "ipr-kultzar-748",
    "name": "Café Na půl cesty",
    "subtype": "kulturní dům",
    "typ_uap": "05_03",
    "cooling": "ac",
    "tier": "B",
    "address": "Pujmanové 1219/8",
    "web": "www.greendoors.cz",
    "bezbar": true,
    "source": "IPR Praha – ÚAP"
   }
  },
  {
   "type": "Feature",
   "geometry": {
    "type": "Point",
    "coordinates": [
     14.473056,
     50.105499
    ]
   },
   "properties": {
    "id": "ipr-kultzar-885",
    "name": "Divadlo Pod Palmovkou",
    "subtype": "divadlo",
    "typ_uap": "05_01",
    "cooling": "ac",
    "tier": "A",
    "address": "Zenklova 566/34",
    "web": "www.divadlopodpalmovkou.cz",
    "bezbar": true,
    "source": "IPR Praha – ÚAP"
   }
  },
  {
   "type": "Feature",
   "geometry": {
    "type": "Point",
    "coordinates": [
     14.418151,
     50.082234
    ]
   },
   "properties": {
    "id": "ipr-kultzar-969",
    "name": "Image Black Light Theatre",
    "subtype": "divadlo",
    "typ_uap": "05_01",
    "cooling": "ac",
    "tier": "A",
    "address": "Národní 961/25",
    "web": "www.imagetheatre.cz/; www.divadlometro.cz/cz/",
    "bezbar": true,
    "source": "IPR Praha – ÚAP"
   }
  },
  {
   "type": "Feature",
   "geometry": {
    "type": "Point",
    "coordinates": [
     14.448065,
     50.083659
    ]
   },
   "properties": {
    "id": "ipr-kultzar-1179",
    "name": "Pracovna",
    "subtype": "galerie",
    "typ_uap": "05_08",
    "cooling": "ac",
    "tier": "A",
    "address": "Vlkova 628/36",
    "web": "www.pracovna.cz",
    "bezbar": false,
    "source": "IPR Praha – ÚAP"
   }
  },
  {
   "type": "Feature",
   "geometry": {
    "type": "Point",
    "coordinates": [
     14.448087,
     50.106954
    ]
   },
   "properties": {
    "id": "ipr-kultzar-1107",
    "name": "DOX+",
    "subtype": "multifunkční sál",
    "typ_uap": "05_05",
    "cooling": "ac",
    "tier": "A",
    "address": "Poupětova 1339/3",
    "web": "www.doxplus.cz/",
    "bezbar": true,
    "source": "IPR Praha – ÚAP"
   }
  },
  {
   "type": "Feature",
   "geometry": {
    "type": "Point",
    "coordinates": [
     14.505748,
     50.101394
    ]
   },
   "properties": {
    "id": "ipr-kultzar-1157",
    "name": "Studio PRÁM",
    "subtype": "galerie",
    "typ_uap": "05_08",
    "cooling": "ac",
    "tier": "A",
    "address": "Čerpadlová 536/4",
    "web": "pramstudio.cz",
    "bezbar": false,
    "source": "IPR Praha – ÚAP"
   }
  },
  {
   "type": "Feature",
   "geometry": {
    "type": "Point",
    "coordinates": [
     14.432788,
     50.101074
    ]
   },
   "properties": {
    "id": "ipr-kultzar-898",
    "name": "Veletržní palác",
    "subtype": "muzeum",
    "typ_uap": "05_07",
    "cooling": "ac",
    "tier": "A",
    "address": "Dukelských hrdinů 530/47",
    "web": "www.ngprague.cz",
    "bezbar": true,
    "source": "IPR Praha – ÚAP"
   }
  },
  {
   "type": "Feature",
   "geometry": {
    "type": "Point",
    "coordinates": [
     14.438944,
     50.075484
    ]
   },
   "properties": {
    "id": "ipr-kultzar-1155",
    "name": "SVIT Praha",
    "subtype": "galerie",
    "typ_uap": "05_08",
    "cooling": "ac",
    "tier": "A",
    "address": "Blanická 845/9",
    "web": "www.svitpraha.org",
    "bezbar": false,
    "source": "IPR Praha – ÚAP"
   }
  },
  {
   "type": "Feature",
   "geometry": {
    "type": "Point",
    "coordinates": [
     14.418631,
     50.115937
    ]
   },
   "properties": {
    "id": "ipr-kultzar-1145",
    "name": "Galerie U zřícené lávky",
    "subtype": "galerie",
    "typ_uap": "05_08",
    "cooling": "ac",
    "tier": "A",
    "address": "Povltavská 21/42",
    "web": "www.facebook.com/pages/category/Art-Gallery/Galerie-u-z%C5%99%C3%ADcen%C3%A9-l%C3%A1vky-197426440979653/",
    "bezbar": false,
    "source": "IPR Praha – ÚAP"
   }
  },
  {
   "type": "Feature",
   "geometry": {
    "type": "Point",
    "coordinates": [
     14.418325,
     50.084484
    ]
   },
   "properties": {
    "id": "ipr-kultzar-765",
    "name": "Galerie DO/OKA",
    "subtype": "galerie",
    "typ_uap": "05_08",
    "cooling": "ac",
    "tier": "A",
    "address": "Husova 352/4",
    "web": "www.dooka.cz",
    "bezbar": true,
    "source": "IPR Praha – ÚAP"
   }
  },
  {
   "type": "Feature",
   "geometry": {
    "type": "Point",
    "coordinates": [
     14.408389,
     50.077357
    ]
   },
   "properties": {
    "id": "ipr-kultzar-970",
    "name": "Jazz Dock",
    "subtype": "kulturní dům",
    "typ_uap": "05_03",
    "cooling": "ac",
    "tier": "B",
    "address": "Janáčkovo nábřeží 3249/2",
    "web": "www.jazzdock.cz/cs/",
    "bezbar": false,
    "source": "IPR Praha – ÚAP"
   }
  },
  {
   "type": "Feature",
   "geometry": {
    "type": "Point",
    "coordinates": [
     14.434344,
     50.090037
    ]
   },
   "properties": {
    "id": "ipr-kultzar-732",
    "name": "Art & Event Gallery Černá labuť",
    "subtype": "galerie",
    "typ_uap": "05_08",
    "cooling": "ac",
    "tier": "A",
    "address": "Na Poříčí 1067/25",
    "web": "https://www.cernalabut.cz/cs/",
    "bezbar": true,
    "source": "IPR Praha – ÚAP"
   }
  },
  {
   "type": "Feature",
   "geometry": {
    "type": "Point",
    "coordinates": [
     14.429591,
     50.081369
    ]
   },
   "properties": {
    "id": "ipr-kultzar-887",
    "name": "Divadlo Radka Brzobohatého",
    "subtype": "divadlo",
    "typ_uap": "05_01",
    "cooling": "ac",
    "tier": "A",
    "address": "Opletalova 919/5",
    "web": "www.divadlorb.cz",
    "bezbar": false,
    "source": "IPR Praha – ÚAP"
   }
  },
  {
   "type": "Feature",
   "geometry": {
    "type": "Point",
    "coordinates": [
     14.428707,
     50.101223
    ]
   },
   "properties": {
    "id": "ipr-kultzar-959",
    "name": "Polansky Gallery",
    "subtype": "galerie",
    "typ_uap": "05_08",
    "cooling": "ac",
    "tier": "A",
    "address": "Veletržní 841/45",
    "web": "www.polanskygallery.com",
    "bezbar": false,
    "source": "IPR Praha – ÚAP"
   }
  },
  {
   "type": "Feature",
   "geometry": {
    "type": "Point",
    "coordinates": [
     14.428509,
     50.069199
    ]
   },
   "properties": {
    "id": "ipr-kultzar-837",
    "name": "Muzeum Policie České Republiky",
    "subtype": "muzeum",
    "typ_uap": "05_07",
    "cooling": "ac",
    "tier": "A",
    "address": "Ke Karlovu 453/1",
    "web": "www.muzeumpolicie.cz",
    "bezbar": false,
    "source": "IPR Praha – ÚAP"
   }
  },
  {
   "type": "Feature",
   "geometry": {
    "type": "Point",
    "coordinates": [
     14.418914,
     50.066265
    ]
   },
   "properties": {
    "id": "ipr-kultzar-819",
    "name": "Galerie Pecka",
    "subtype": "galerie",
    "typ_uap": "05_08",
    "cooling": "ac",
    "tier": "A",
    "address": "Vratislavova 20/24",
    "web": "www.galeriepecka.cz",
    "bezbar": false,
    "source": "IPR Praha – ÚAP"
   }
  },
  {
   "type": "Feature",
   "geometry": {
    "type": "Point",
    "coordinates": [
     14.419852,
     50.084623
    ]
   },
   "properties": {
    "id": "ipr-kultzar-826",
    "name": "Galerie U Zlatého kohouta",
    "subtype": "galerie",
    "typ_uap": "05_08",
    "cooling": "ac",
    "tier": "A",
    "address": "Michalská 430/3",
    "web": "www.guzk.cz",
    "bezbar": false,
    "source": "IPR Praha – ÚAP"
   }
  },
  {
   "type": "Feature",
   "geometry": {
    "type": "Point",
    "coordinates": [
     14.420074,
     50.084831
    ]
   },
   "properties": {
    "id": "ipr-kultzar-817",
    "name": "Galerie Ostrov",
    "subtype": "galerie",
    "typ_uap": "05_08",
    "cooling": "ac",
    "tier": "A",
    "address": "Michalská 510/8",
    "web": "www.galerie-ostrov.cz",
    "bezbar": true,
    "source": "IPR Praha – ÚAP"
   }
  },
  {
   "type": "Feature",
   "geometry": {
    "type": "Point",
    "coordinates": [
     14.453607,
     50.085653
    ]
   },
   "properties": {
    "id": "ipr-kultzar-1187",
    "name": "Galerie Prokopka",
    "subtype": "galerie",
    "typ_uap": "05_08",
    "cooling": "ac",
    "tier": "A",
    "address": "Prokopova 197/9",
    "web": null,
    "bezbar": false,
    "source": "IPR Praha – ÚAP"
   }
  },
  {
   "type": "Feature",
   "geometry": {
    "type": "Point",
    "coordinates": [
     14.435842,
     50.06466
    ]
   },
   "properties": {
    "id": "ipr-kultzar-877",
    "name": "Divadlo Na Fidlovačce",
    "subtype": "divadlo",
    "typ_uap": "05_01",
    "cooling": "ac",
    "tier": "A",
    "address": "Křesomyslova 625/4",
    "web": "www.fidlovacka.cz",
    "bezbar": false,
    "source": "IPR Praha – ÚAP"
   }
  },
  {
   "type": "Feature",
   "geometry": {
    "type": "Point",
    "coordinates": [
     14.389667,
     50.086708
    ]
   },
   "properties": {
    "id": "ipr-kultzar-911",
    "name": "Památník národního písemnictví / Sídlo PNP",
    "subtype": "muzeum",
    "typ_uap": "05_07",
    "cooling": "ac",
    "tier": "A",
    "address": "Strahovské nádvoří 132/1",
    "web": "www.pamatniknarodnihopisemnictvi.cz",
    "bezbar": false,
    "source": "IPR Praha – ÚAP"
   }
  },
  {
   "type": "Feature",
   "geometry": {
    "type": "Point",
    "coordinates": [
     14.421527,
     50.083428
    ]
   },
   "properties": {
    "id": "ipr-kultzar-734",
    "name": "Artinbox Gallery",
    "subtype": "galerie",
    "typ_uap": "05_08",
    "cooling": "ac",
    "tier": "A",
    "address": "Perlová 370/3",
    "web": "www.artinbox.cz",
    "bezbar": false,
    "source": "IPR Praha – ÚAP"
   }
  },
  {
   "type": "Feature",
   "geometry": {
    "type": "Point",
    "coordinates": [
     14.424491,
     50.068889
    ]
   },
   "properties": {
    "id": "ipr-kultzar-1123",
    "name": "Mineralogické muzeum",
    "subtype": "muzeum",
    "typ_uap": "05_07",
    "cooling": "ac",
    "tier": "A",
    "address": "Albertov 2038/6",
    "web": "www.natur.cuni.cz/geologie/mineralogicke-muzeum",
    "bezbar": false,
    "source": "IPR Praha – ÚAP"
   }
  },
  {
   "type": "Feature",
   "geometry": {
    "type": "Point",
    "coordinates": [
     14.449323,
     50.101946
    ]
   },
   "properties": {
    "id": "ipr-kultzar-1113",
    "name": "Vnitroblock",
    "subtype": "multifunkční sál",
    "typ_uap": "05_05",
    "cooling": "ac",
    "tier": "A",
    "address": "Tusarova 791/31",
    "web": "vnitroblock.cz/",
    "bezbar": true,
    "source": "IPR Praha – ÚAP"
   }
  },
  {
   "type": "Feature",
   "geometry": {
    "type": "Point",
    "coordinates": [
     14.425617,
     50.079661
    ]
   },
   "properties": {
    "id": "ipr-kultzar-855",
    "name": "Galerie 1",
    "subtype": "galerie",
    "typ_uap": "05_08",
    "cooling": "ac",
    "tier": "A",
    "address": "Štěpánská 639/47",
    "web": "www.galerie1.cz",
    "bezbar": false,
    "source": "IPR Praha – ÚAP"
   }
  },
  {
   "type": "Feature",
   "geometry": {
    "type": "Point",
    "coordinates": [
     14.425295,
     50.081412
    ]
   },
   "properties": {
    "id": "ipr-kultzar-971",
    "name": "Lucerna Music Bar",
    "subtype": "kulturní dům",
    "typ_uap": "05_03",
    "cooling": "ac",
    "tier": "B",
    "address": "Vodičkova 704/36",
    "web": "www.musicbar.cz",
    "bezbar": false,
    "source": "IPR Praha – ÚAP"
   }
  },
  {
   "type": "Feature",
   "geometry": {
    "type": "Point",
    "coordinates": [
     14.583954,
     50.108182
    ]
   },
   "properties": {
    "id": "ipr-kultzar-1219",
    "name": "Cinestar Praha Černý Most",
    "subtype": "kino",
    "typ_uap": "05_02",
    "cooling": "ac",
    "tier": "A",
    "address": "Chlumecká 765/6",
    "web": "www.cinestar.cz/cz/praha9/domu",
    "bezbar": false,
    "source": "IPR Praha – ÚAP"
   }
  },
  {
   "type": "Feature",
   "geometry": {
    "type": "Point",
    "coordinates": [
     14.433736,
     50.024488
    ]
   },
   "properties": {
    "id": "ipr-kultzar-967",
    "name": "Tradiční loutkové divadlo Zvoneček",
    "subtype": "divadlo",
    "typ_uap": "05_01",
    "cooling": "ac",
    "tier": "A",
    "address": "Novodvorská 452/151",
    "web": "www.zvonecek.info",
    "bezbar": true,
    "source": "IPR Praha – ÚAP"
   }
  },
  {
   "type": "Feature",
   "geometry": {
    "type": "Point",
    "coordinates": [
     14.488516,
     50.106957
    ]
   },
   "properties": {
    "id": "ipr-kultzar-870",
    "name": "Divadlo Gong",
    "subtype": "divadlo",
    "typ_uap": "05_01",
    "cooling": "ac",
    "tier": "A",
    "address": "Sokolovská 969/191",
    "web": "www.divadlogong.cz/",
    "bezbar": true,
    "source": "IPR Praha – ÚAP"
   }
  },
  {
   "type": "Feature",
   "geometry": {
    "type": "Point",
    "coordinates": [
     14.326198,
     50.083373
    ]
   },
   "properties": {
    "id": "ipr-kultzar-910",
    "name": "Letohrádek hvězda",
    "subtype": "muzeum",
    "typ_uap": "05_07",
    "cooling": "ac",
    "tier": "A",
    "address": "Obora Hvězda 445",
    "web": "www.pamatniknarodnihopisemnictvi.cz",
    "bezbar": false,
    "source": "IPR Praha – ÚAP"
   }
  },
  {
   "type": "Feature",
   "geometry": {
    "type": "Point",
    "coordinates": [
     14.360813,
     50.083556
    ]
   },
   "properties": {
    "id": "ipr-kultzar-941",
    "name": "Muzeum a archiv populární hudby - PopMuseum",
    "subtype": "muzeum",
    "typ_uap": "05_07",
    "cooling": "ac",
    "tier": "A",
    "address": "Bělohorská 201/150",
    "web": "www.popmuseum.cz",
    "bezbar": false,
    "source": "IPR Praha – ÚAP"
   }
  },
  {
   "type": "Feature",
   "geometry": {
    "type": "Point",
    "coordinates": [
     14.420712,
     50.082294
    ]
   },
   "properties": {
    "id": "ipr-kultzar-957",
    "name": "Dup39",
    "subtype": "divadlo",
    "typ_uap": "05_01",
    "cooling": "ac",
    "tier": "A",
    "address": "Charvátova 39/10",
    "web": "www.dup39.cz; www.divadlox10.cz/",
    "bezbar": false,
    "source": "IPR Praha – ÚAP"
   }
  },
  {
   "type": "Feature",
   "geometry": {
    "type": "Point",
    "coordinates": [
     14.425534,
     50.081974
    ]
   },
   "properties": {
    "id": "ipr-kultzar-1065",
    "name": "Kino Europa",
    "subtype": "kino",
    "typ_uap": "05_02",
    "cooling": "ac",
    "tier": "A",
    "address": "Vodičkova 791/41",
    "web": "https://evropskydum.cz/aktivity/kino/",
    "bezbar": false,
    "source": "IPR Praha – ÚAP"
   }
  },
  {
   "type": "Feature",
   "geometry": {
    "type": "Point",
    "coordinates": [
     14.414607,
     50.08597
    ]
   },
   "properties": {
    "id": "ipr-kultzar-998",
    "name": "Colloredo-Mansfeldský palác",
    "subtype": "muzeum",
    "typ_uap": "05_07",
    "cooling": "ac",
    "tier": "A",
    "address": "Karlova 189/2",
    "web": "www.ghmp.cz",
    "bezbar": false,
    "source": "IPR Praha – ÚAP"
   }
  },
  {
   "type": "Feature",
   "geometry": {
    "type": "Point",
    "coordinates": [
     14.426204,
     50.066309
    ]
   },
   "properties": {
    "id": "ipr-kultzar-949",
    "name": "Studio Prototyp",
    "subtype": "galerie",
    "typ_uap": "05_08",
    "cooling": "ac",
    "tier": "A",
    "address": "Sekaninova 486/16",
    "web": "www.studio-prototyp.cz",
    "bezbar": false,
    "source": "IPR Praha – ÚAP"
   }
  },
  {
   "type": "Feature",
   "geometry": {
    "type": "Point",
    "coordinates": [
     14.418174,
     50.085029
    ]
   },
   "properties": {
    "id": "ipr-kultzar-836",
    "name": "Muzeum piva (Beer museum)",
    "subtype": "muzeum",
    "typ_uap": "05_07",
    "cooling": "ac",
    "tier": "A",
    "address": "Husova 241/7",
    "web": "www.beermuseum.cz",
    "bezbar": false,
    "source": "IPR Praha – ÚAP"
   }
  },
  {
   "type": "Feature",
   "geometry": {
    "type": "Point",
    "coordinates": [
     14.435601,
     50.079033
    ]
   },
   "properties": {
    "id": "ipr-kultzar-784",
    "name": "Nová galerie",
    "subtype": "galerie",
    "typ_uap": "05_08",
    "cooling": "ac",
    "tier": "A",
    "address": "Balbínova 409/26",
    "web": "www.novagalerie.cz",
    "bezbar": false,
    "source": "IPR Praha – ÚAP"
   }
  },
  {
   "type": "Feature",
   "geometry": {
    "type": "Point",
    "coordinates": [
     14.427739,
     50.090082
    ]
   },
   "properties": {
    "id": "ipr-kultzar-999",
    "name": "Dům fotografie",
    "subtype": "muzeum",
    "typ_uap": "05_07",
    "cooling": "ac",
    "tier": "A",
    "address": "Revoluční 1006/5",
    "web": "ghmp.cz/dum-fotografie/",
    "bezbar": false,
    "source": "IPR Praha – ÚAP"
   }
  },
  {
   "type": "Feature",
   "geometry": {
    "type": "Point",
    "coordinates": [
     14.670302,
     50.096855
    ]
   },
   "properties": {
    "id": "ipr-kultzar-1064",
    "name": "Kino Beseda Praha - Klánovice",
    "subtype": "kino",
    "typ_uap": "05_02",
    "cooling": "ac",
    "tier": "A",
    "address": "Slavětínská 120",
    "web": "www.kcbeseda.eu",
    "bezbar": false,
    "source": "IPR Praha – ÚAP"
   }
  },
  {
   "type": "Feature",
   "geometry": {
    "type": "Point",
    "coordinates": [
     14.398864,
     50.099002
    ]
   },
   "properties": {
    "id": "ipr-kultzar-711",
    "name": "Divadlo Spejbla a Hurvínka",
    "subtype": "divadlo",
    "typ_uap": "05_01",
    "cooling": "ac",
    "tier": "A",
    "address": "Dejvická 919/38",
    "web": "www.spejbl-hurvinek.cz",
    "bezbar": true,
    "source": "IPR Praha – ÚAP"
   }
  },
  {
   "type": "Feature",
   "geometry": {
    "type": "Point",
    "coordinates": [
     14.413471,
     50.081258
    ]
   },
   "properties": {
    "id": "ipr-kultzar-707",
    "name": "Národní divadlo - historická budova",
    "subtype": "divadlo",
    "typ_uap": "05_01",
    "cooling": "ac",
    "tier": "A",
    "address": "Národní 223/2",
    "web": "www.narodni-divadlo.cz",
    "bezbar": false,
    "source": "IPR Praha – ÚAP"
   }
  },
  {
   "type": "Feature",
   "geometry": {
    "type": "Point",
    "coordinates": [
     14.42211,
     50.079603
    ]
   },
   "properties": {
    "id": "ipr-kultzar-780",
    "name": "Latin Art Gallery",
    "subtype": "galerie",
    "typ_uap": "05_08",
    "cooling": "ac",
    "tier": "A",
    "address": "Jungmannova 17/3",
    "web": "www.latin-art.com",
    "bezbar": false,
    "source": "IPR Praha – ÚAP"
   }
  },
  {
   "type": "Feature",
   "geometry": {
    "type": "Point",
    "coordinates": [
     14.403705,
     50.086815
    ]
   },
   "properties": {
    "id": "ipr-kultzar-759",
    "name": "U Malého Glena",
    "subtype": "kulturní dům",
    "typ_uap": "05_03",
    "cooling": "ac",
    "tier": "B",
    "address": "Karmelitská 374/23",
    "web": "www.malyglen.cz",
    "bezbar": false,
    "source": "IPR Praha – ÚAP"
   }
  },
  {
   "type": "Feature",
   "geometry": {
    "type": "Point",
    "coordinates": [
     14.448431,
     50.081112
    ]
   },
   "properties": {
    "id": "ipr-kultzar-1193",
    "name": "POP-UP Galerie AVU",
    "subtype": "galerie",
    "typ_uap": "05_08",
    "cooling": "ac",
    "tier": "A",
    "address": "Křížkovského 1288/10",
    "web": null,
    "bezbar": false,
    "source": "IPR Praha – ÚAP"
   }
  },
  {
   "type": "Feature",
   "geometry": {
    "type": "Point",
    "coordinates": [
     14.41903,
     50.08307
    ]
   },
   "properties": {
    "id": "ipr-kultzar-879",
    "name": "Malá scéna StudiaDva",
    "subtype": "divadlo",
    "typ_uap": "05_01",
    "cooling": "ac",
    "tier": "A",
    "address": "Na Perštýně 359/6",
    "web": "https://www.studiodva.cz/o-divadle/mala-scena/",
    "bezbar": false,
    "source": "IPR Praha – ÚAP"
   }
  },
  {
   "type": "Feature",
   "geometry": {
    "type": "Point",
    "coordinates": [
     14.414964,
     50.08455
    ]
   },
   "properties": {
    "id": "ipr-kultzar-768",
    "name": "Galerie Fotografic",
    "subtype": "galerie",
    "typ_uap": "05_08",
    "cooling": "ac",
    "tier": "A",
    "address": "Stříbrná 212/2",
    "web": "www.fotografic.cz",
    "bezbar": true,
    "source": "IPR Praha – ÚAP"
   }
  },
  {
   "type": "Feature",
   "geometry": {
    "type": "Point",
    "coordinates": [
     14.511067,
     50.110416
    ]
   },
   "properties": {
    "id": "ipr-kultzar-1036",
    "name": "The White Room Gallery",
    "subtype": "galerie",
    "typ_uap": "05_08",
    "cooling": "ac",
    "tier": "A",
    "address": "Kolbenova 923/34a",
    "web": "www.pragovka.com",
    "bezbar": false,
    "source": "IPR Praha – ÚAP"
   }
  },
  {
   "type": "Feature",
   "geometry": {
    "type": "Point",
    "coordinates": [
     14.42059,
     50.057119
    ]
   },
   "properties": {
    "id": "ipr-kultzar-838",
    "name": "Muzeum pražského vodárenství",
    "subtype": "muzeum",
    "typ_uap": "05_07",
    "cooling": "ac",
    "tier": "A",
    "address": "Podolská 15/17",
    "web": "www.pvk.cz/voda-hrou/muzeum-prazskeho-vodarenstvi/",
    "bezbar": true,
    "source": "IPR Praha – ÚAP"
   }
  },
  {
   "type": "Feature",
   "geometry": {
    "type": "Point",
    "coordinates": [
     14.448234,
     50.105722
    ]
   },
   "properties": {
    "id": "ipr-kultzar-1204",
    "name": "Bold Gallery",
    "subtype": "muzeum",
    "typ_uap": "05_07",
    "cooling": "ac",
    "tier": "A",
    "address": "U Měšťanského pivovaru 1507/6",
    "web": "www.boldgallery.art",
    "bezbar": false,
    "source": "IPR Praha – ÚAP"
   }
  },
  {
   "type": "Feature",
   "geometry": {
    "type": "Point",
    "coordinates": [
     14.374859,
     50.084271
    ]
   },
   "properties": {
    "id": "ipr-kultzar-1169",
    "name": "Na Marjánce",
    "subtype": "multifunkční sál",
    "typ_uap": "05_05",
    "cooling": "ac",
    "tier": "A",
    "address": "Bělohorská 262/35",
    "web": "www.namarjance.cz",
    "bezbar": false,
    "source": "IPR Praha – ÚAP"
   }
  },
  {
   "type": "Feature",
   "geometry": {
    "type": "Point",
    "coordinates": [
     14.470902,
     50.067549
    ]
   },
   "properties": {
    "id": "ipr-kultzar-1171",
    "name": "EDEN Aréna",
    "subtype": "aréna",
    "typ_uap": "05_06",
    "cooling": "ac",
    "tier": "B",
    "address": "U Slavie 1540/2a",
    "web": "www.edenarena.cz",
    "bezbar": true,
    "source": "IPR Praha – ÚAP"
   }
  },
  {
   "type": "Feature",
   "geometry": {
    "type": "Point",
    "coordinates": [
     14.35611,
     50.029744
    ]
   },
   "properties": {
    "id": "ipr-kultzar-1138",
    "name": "Galerie Kaple Holyně",
    "subtype": "galerie",
    "typ_uap": "05_08",
    "cooling": "ac",
    "tier": "A",
    "address": "náměstí Pod Lípou 11/22",
    "web": "https://www.praha-slivenec.cz/kultura-a-sport/vystavy-v-kapli/",
    "bezbar": false,
    "source": "IPR Praha – ÚAP"
   }
  },
  {
   "type": "Feature",
   "geometry": {
    "type": "Point",
    "coordinates": [
     14.500218,
     50.135311
    ]
   },
   "properties": {
    "id": "ipr-kultzar-1085",
    "name": "Cinema City Letňany",
    "subtype": "kino",
    "typ_uap": "05_02",
    "cooling": "ac",
    "tier": "A",
    "address": "Veselská 663",
    "web": "https://www.cinemacity.cz/cinemas/letnany",
    "bezbar": true,
    "source": "IPR Praha – ÚAP"
   }
  },
  {
   "type": "Feature",
   "geometry": {
    "type": "Point",
    "coordinates": [
     14.418151,
     50.082234
    ]
   },
   "properties": {
    "id": "ipr-kultzar-875",
    "name": "Divadlo Metro",
    "subtype": "divadlo",
    "typ_uap": "05_01",
    "cooling": "ac",
    "tier": "A",
    "address": "Národní 961/25",
    "web": "www.divadlometro.cz",
    "bezbar": true,
    "source": "IPR Praha – ÚAP"
   }
  },
  {
   "type": "Feature",
   "geometry": {
    "type": "Point",
    "coordinates": [
     14.425231,
     50.076119
    ]
   },
   "properties": {
    "id": "ipr-kultzar-1057",
    "name": "Institut Cervantes",
    "subtype": "kulturní institut",
    "typ_uap": "05_09",
    "cooling": "ac",
    "tier": "A",
    "address": "Na Rybníčku 536/6",
    "web": "praga.cervantes.es/",
    "bezbar": true,
    "source": "IPR Praha – ÚAP"
   }
  },
  {
   "type": "Feature",
   "geometry": {
    "type": "Point",
    "coordinates": [
     14.423689,
     50.078089
    ]
   },
   "properties": {
    "id": "ipr-kultzar-717",
    "name": "Divadlo V Řeznické",
    "subtype": "divadlo",
    "typ_uap": "05_01",
    "cooling": "ac",
    "tier": "A",
    "address": "Řeznická 662/17",
    "web": "www.reznicka.cz",
    "bezbar": false,
    "source": "IPR Praha – ÚAP"
   }
  },
  {
   "type": "Feature",
   "geometry": {
    "type": "Point",
    "coordinates": [
     14.431079,
     50.10021
    ]
   },
   "properties": {
    "id": "ipr-kultzar-1046",
    "name": "Galerie Petr Novotný",
    "subtype": "galerie",
    "typ_uap": "05_08",
    "cooling": "ac",
    "tier": "A",
    "address": "Heřmanova 743/35",
    "web": "www.galeriepn.cz",
    "bezbar": false,
    "source": "IPR Praha – ÚAP"
   }
  },
  {
   "type": "Feature",
   "geometry": {
    "type": "Point",
    "coordinates": [
     14.427701,
     50.106684
    ]
   },
   "properties": {
    "id": "ipr-kultzar-845",
    "name": "Pavilon panorámatu Bitvy u Lipan - Maroldovo panorama",
    "subtype": "muzeum",
    "typ_uap": "05_07",
    "cooling": "ac",
    "tier": "A",
    "address": "Výstaviště 417",
    "web": "https://www.navystavisti.cz/areal/maroldovo-panorama/",
    "bezbar": false,
    "source": "IPR Praha – ÚAP"
   }
  },
  {
   "type": "Feature",
   "geometry": {
    "type": "Point",
    "coordinates": [
     14.433925,
     50.076977
    ]
   },
   "properties": {
    "id": "ipr-kultzar-755",
    "name": "Balbínova poetická hospůdka",
    "subtype": "kulturní dům",
    "typ_uap": "05_03",
    "cooling": "ac",
    "tier": "B",
    "address": "Balbínova 323/6",
    "web": "www.balbinka.cz",
    "bezbar": false,
    "source": "IPR Praha – ÚAP"
   }
  },
  {
   "type": "Feature",
   "geometry": {
    "type": "Point",
    "coordinates": [
     14.455604,
     50.079236
    ]
   },
   "properties": {
    "id": "ipr-kultzar-1184",
    "name": "DZOMSA",
    "subtype": "galerie",
    "typ_uap": "05_08",
    "cooling": "ac",
    "tier": "A",
    "address": "Lucemburská 1261/23",
    "web": "www.dzomsa.cz",
    "bezbar": false,
    "source": "IPR Praha – ÚAP"
   }
  },
  {
   "type": "Feature",
   "geometry": {
    "type": "Point",
    "coordinates": [
     14.405124,
     50.098229
    ]
   },
   "properties": {
    "id": "ipr-kultzar-1031",
    "name": "Jamm Club",
    "subtype": "kulturní dům",
    "typ_uap": "05_03",
    "cooling": "ac",
    "tier": "B",
    "address": "Pod kaštany 183/3",
    "web": "www.jammclub.cz/",
    "bezbar": false,
    "source": "IPR Praha – ÚAP"
   }
  },
  {
   "type": "Feature",
   "geometry": {
    "type": "Point",
    "coordinates": [
     14.450142,
     50.103729
    ]
   },
   "properties": {
    "id": "ipr-kultzar-703",
    "name": "Studio 1",
    "subtype": "divadlo",
    "typ_uap": "05_01",
    "cooling": "ac",
    "tier": "A",
    "address": "Komunardů 1001/30",
    "web": "www.lafabrika.cz/",
    "bezbar": true,
    "source": "IPR Praha – ÚAP"
   }
  },
  {
   "type": "Feature",
   "geometry": {
    "type": "Point",
    "coordinates": [
     14.415471,
     50.090725
    ]
   },
   "properties": {
    "id": "ipr-kultzar-1161",
    "name": "Koncertní sál",
    "subtype": "koncertní sál",
    "typ_uap": "05_04",
    "cooling": "ac",
    "tier": "A",
    "address": "Dvořákovo nábřeží 77/2",
    "web": "www.prgcons.cz",
    "bezbar": false,
    "source": "IPR Praha – ÚAP"
   }
  },
  {
   "type": "Feature",
   "geometry": {
    "type": "Point",
    "coordinates": [
     14.400838,
     50.088489
    ]
   },
   "properties": {
    "id": "ipr-kultzar-1069",
    "name": "Rumunský kulturní institut v Praze",
    "subtype": "kulturní institut",
    "typ_uap": "05_09",
    "cooling": "ac",
    "tier": "A",
    "address": "Nerudova 256/5",
    "web": "www.icr.ro/",
    "bezbar": false,
    "source": "IPR Praha – ÚAP"
   }
  },
  {
   "type": "Feature",
   "geometry": {
    "type": "Point",
    "coordinates": [
     14.423283,
     50.097076
    ]
   },
   "properties": {
    "id": "ipr-kultzar-843",
    "name": "Národní zemědělské muzeum",
    "subtype": "muzeum",
    "typ_uap": "05_07",
    "cooling": "ac",
    "tier": "A",
    "address": "Kostelní 1300/44",
    "web": "www.nzm.cz",
    "bezbar": true,
    "source": "IPR Praha – ÚAP"
   }
  },
  {
   "type": "Feature",
   "geometry": {
    "type": "Point",
    "coordinates": [
     14.423297,
     50.085782
    ]
   },
   "properties": {
    "id": "ipr-kultzar-710",
    "name": "Stavovské divadlo",
    "subtype": "divadlo",
    "typ_uap": "05_01",
    "cooling": "ac",
    "tier": "A",
    "address": "Železná 540/11",
    "web": "www.narodni-divadlo.cz/cs/stavovske-divadlo",
    "bezbar": false,
    "source": "IPR Praha – ÚAP"
   }
  },
  {
   "type": "Feature",
   "geometry": {
    "type": "Point",
    "coordinates": [
     14.442283,
     50.072324
    ]
   },
   "properties": {
    "id": "ipr-kultzar-1016",
    "name": "Galerie Gema",
    "subtype": "galerie",
    "typ_uap": "05_08",
    "cooling": "ac",
    "tier": "A",
    "address": "Máchova 439/27",
    "web": "www.gemagalerie.cz",
    "bezbar": false,
    "source": "IPR Praha – ÚAP"
   }
  },
  {
   "type": "Feature",
   "geometry": {
    "type": "Point",
    "coordinates": [
     14.424491,
     50.068889
    ]
   },
   "properties": {
    "id": "ipr-kultzar-1129",
    "name": "Chlupáčovo muzeum historie Země",
    "subtype": "muzeum",
    "typ_uap": "05_07",
    "cooling": "ac",
    "tier": "A",
    "address": "Albertov 2038/6",
    "web": "www.natur.cuni.cz/geologie/chlupacovo-muzeum",
    "bezbar": true,
    "source": "IPR Praha – ÚAP"
   }
  },
  {
   "type": "Feature",
   "geometry": {
    "type": "Point",
    "coordinates": [
     14.402888,
     50.087689
    ]
   },
   "properties": {
    "id": "ipr-kultzar-859",
    "name": "A studio Rubín",
    "subtype": "divadlo",
    "typ_uap": "05_01",
    "cooling": "ac",
    "tier": "A",
    "address": "Malostranské náměstí 262/9",
    "web": "www.astudiorubin.cz",
    "bezbar": false,
    "source": "IPR Praha – ÚAP"
   }
  },
  {
   "type": "Feature",
   "geometry": {
    "type": "Point",
    "coordinates": [
     14.424908,
     50.097334
    ]
   },
   "properties": {
    "id": "ipr-kultzar-842",
    "name": "Národní technické muzeum",
    "subtype": "muzeum",
    "typ_uap": "05_07",
    "cooling": "ac",
    "tier": "A",
    "address": "Kostelní 1320/42",
    "web": "www.ntm.cz",
    "bezbar": true,
    "source": "IPR Praha – ÚAP"
   }
  },
  {
   "type": "Feature",
   "geometry": {
    "type": "Point",
    "coordinates": [
     14.426123,
     50.079836
    ]
   },
   "properties": {
    "id": "ipr-kultzar-767",
    "name": "Galerie Ferdinanda Baumanna",
    "subtype": "galerie",
    "typ_uap": "05_08",
    "cooling": "ac",
    "tier": "A",
    "address": "Štěpánská 622/36",
    "web": "www.fbgallery.cz",
    "bezbar": true,
    "source": "IPR Praha – ÚAP"
   }
  },
  {
   "type": "Feature",
   "geometry": {
    "type": "Point",
    "coordinates": [
     14.40829,
     50.053243
    ]
   },
   "properties": {
    "id": "ipr-kultzar-1043",
    "name": "Galerie MeetFactory",
    "subtype": "galerie",
    "typ_uap": "05_08",
    "cooling": "ac",
    "tier": "A",
    "address": "Ke sklárně 3213/15",
    "web": "www.meetfactory.cz",
    "bezbar": false,
    "source": "IPR Praha – ÚAP"
   }
  },
  {
   "type": "Feature",
   "geometry": {
    "type": "Point",
    "coordinates": [
     14.407583,
     50.104466
    ]
   },
   "properties": {
    "id": "ipr-kultzar-1015",
    "name": "Arthouse Hejtmánek",
    "subtype": "galerie",
    "typ_uap": "05_08",
    "cooling": "ac",
    "tier": "A",
    "address": "Goetheho 17/2",
    "web": "www.arthousehejtmanek.cz",
    "bezbar": false,
    "source": "IPR Praha – ÚAP"
   }
  },
  {
   "type": "Feature",
   "geometry": {
    "type": "Point",
    "coordinates": [
     14.4457,
     50.085588
    ]
   },
   "properties": {
    "id": "ipr-kultzar-1192",
    "name": "POLAGRAPH",
    "subtype": "galerie",
    "typ_uap": "05_08",
    "cooling": "ac",
    "tier": "A",
    "address": "Husinecká 948/14",
    "web": "www.polagraph.cz",
    "bezbar": false,
    "source": "IPR Praha – ÚAP"
   }
  },
  {
   "type": "Feature",
   "geometry": {
    "type": "Point",
    "coordinates": [
     14.288632,
     50.054322
    ]
   },
   "properties": {
    "id": "ipr-kultzar-1088",
    "name": "Cinema City Zličín",
    "subtype": "kino",
    "typ_uap": "05_02",
    "cooling": "ac",
    "tier": "A",
    "address": "Řevnická 121/1",
    "web": "https://www.cinemacity.cz/cinemas/zlicin",
    "bezbar": true,
    "source": "IPR Praha – ÚAP"
   }
  },
  {
   "type": "Feature",
   "geometry": {
    "type": "Point",
    "coordinates": [
     14.407299,
     50.101796
    ]
   },
   "properties": {
    "id": "ipr-kultzar-1124",
    "name": "Malá vila (Pracovna Ladislava Mňačka)",
    "subtype": "muzeum",
    "typ_uap": "05_07",
    "cooling": "ac",
    "tier": "A",
    "address": "Pelléova 70/20",
    "web": "www.pamatniknarodnihopisemnictvi.cz",
    "bezbar": false,
    "source": "IPR Praha – ÚAP"
   }
  },
  {
   "type": "Feature",
   "geometry": {
    "type": "Point",
    "coordinates": [
     14.398597,
     50.088035
    ]
   },
   "properties": {
    "id": "ipr-kultzar-954",
    "name": "Divadlo Apropo",
    "subtype": "divadlo",
    "typ_uap": "05_01",
    "cooling": "ac",
    "tier": "A",
    "address": "Jánský vršek 312/8",
    "web": "www.muzeumpovesti.cz/cz/clanek/997/",
    "bezbar": true,
    "source": "IPR Praha – ÚAP"
   }
  },
  {
   "type": "Feature",
   "geometry": {
    "type": "Point",
    "coordinates": [
     14.670302,
     50.096855
    ]
   },
   "properties": {
    "id": "ipr-kultzar-1218",
    "name": "Kulturní centrum Beseda",
    "subtype": "divadlo",
    "typ_uap": "05_01",
    "cooling": "ac",
    "tier": "A",
    "address": "Slavětínská 120/52",
    "web": "www.kcbeseda.eu",
    "bezbar": false,
    "source": "IPR Praha – ÚAP"
   }
  },
  {
   "type": "Feature",
   "geometry": {
    "type": "Point",
    "coordinates": [
     14.431782,
     50.108032
    ]
   },
   "properties": {
    "id": "ipr-kultzar-721",
    "name": "Goja Music Hall",
    "subtype": "divadlo",
    "typ_uap": "05_01",
    "cooling": "ac",
    "tier": "A",
    "address": null,
    "web": "www.goja.cz",
    "bezbar": true,
    "source": "IPR Praha – ÚAP"
   }
  },
  {
   "type": "Feature",
   "geometry": {
    "type": "Point",
    "coordinates": [
     14.417682,
     50.084333
    ]
   },
   "properties": {
    "id": "ipr-kultzar-800",
    "name": "Galerie Jaroslava Fragnera",
    "subtype": "galerie",
    "typ_uap": "05_08",
    "cooling": "ac",
    "tier": "A",
    "address": "Betlémské náměstí 256/5",
    "web": "www.gjf.cz",
    "bezbar": false,
    "source": "IPR Praha – ÚAP"
   }
  },
  {
   "type": "Feature",
   "geometry": {
    "type": "Point",
    "coordinates": [
     14.4201,
     50.082449
    ]
   },
   "properties": {
    "id": "ipr-kultzar-1100",
    "name": "Komorní kino Evald",
    "subtype": "kino",
    "typ_uap": "05_02",
    "cooling": "ac",
    "tier": "A",
    "address": "Národní 60/28",
    "web": "www.evald.cz/",
    "bezbar": false,
    "source": "IPR Praha – ÚAP"
   }
  },
  {
   "type": "Feature",
   "geometry": {
    "type": "Point",
    "coordinates": [
     14.421645,
     50.089842
    ]
   },
   "properties": {
    "id": "ipr-kultzar-1021",
    "name": "Cafe 80's",
    "subtype": "kulturní dům",
    "typ_uap": "05_03",
    "cooling": "ac",
    "tier": "B",
    "address": "V Kolkovně 909/6",
    "web": "www.cafe80.cz",
    "bezbar": false,
    "source": "IPR Praha – ÚAP"
   }
  },
  {
   "type": "Feature",
   "geometry": {
    "type": "Point",
    "coordinates": [
     14.424332,
     50.080685
    ]
   },
   "properties": {
    "id": "ipr-kultzar-705",
    "name": "Divadlo ABC",
    "subtype": "divadlo",
    "typ_uap": "05_01",
    "cooling": "ac",
    "tier": "A",
    "address": "Vodičkova 699/28",
    "web": "www.mestskadivadlaprazska.cz/abc/divadlo-abc/",
    "bezbar": false,
    "source": "IPR Praha – ÚAP"
   }
  },
  {
   "type": "Feature",
   "geometry": {
    "type": "Point",
    "coordinates": [
     14.428247,
     50.08762
    ]
   },
   "properties": {
    "id": "ipr-kultzar-1165",
    "name": "Obecní dům",
    "subtype": "koncertní sál",
    "typ_uap": "05_04",
    "cooling": "ac",
    "tier": "A",
    "address": "náměstí Republiky 1090/5",
    "web": "www.obecnidum.cz",
    "bezbar": false,
    "source": "IPR Praha – ÚAP"
   }
  },
  {
   "type": "Feature",
   "geometry": {
    "type": "Point",
    "coordinates": [
     14.422629,
     50.08811
    ]
   },
   "properties": {
    "id": "ipr-kultzar-1077",
    "name": "Jazz & Blues Club Ungelt",
    "subtype": "kulturní dům",
    "typ_uap": "05_03",
    "cooling": "ac",
    "tier": "B",
    "address": "Týnská ulička 628/2",
    "web": "jazzungelt.cz/",
    "bezbar": false,
    "source": "IPR Praha – ÚAP"
   }
  },
  {
   "type": "Feature",
   "geometry": {
    "type": "Point",
    "coordinates": [
     14.425978,
     50.090113
    ]
   },
   "properties": {
    "id": "ipr-kultzar-1032",
    "name": "Karpuchina Gallery",
    "subtype": "galerie",
    "typ_uap": "05_08",
    "cooling": "ac",
    "tier": "A",
    "address": "Rybná 694/22",
    "web": "https://www.karpuchina.gallery/cs",
    "bezbar": false,
    "source": "IPR Praha – ÚAP"
   }
  },
  {
   "type": "Feature",
   "geometry": {
    "type": "Point",
    "coordinates": [
     14.424449,
     50.087836
    ]
   },
   "properties": {
    "id": "ipr-kultzar-960",
    "name": "Divadlo Ungelt",
    "subtype": "divadlo",
    "typ_uap": "05_01",
    "cooling": "ac",
    "tier": "A",
    "address": "Malá Štupartská 646/1",
    "web": "www.divadloungelt.cz",
    "bezbar": false,
    "source": "IPR Praha – ÚAP"
   }
  },
  {
   "type": "Feature",
   "geometry": {
    "type": "Point",
    "coordinates": [
     14.449407,
     50.08575
    ]
   },
   "properties": {
    "id": "ipr-kultzar-796",
    "name": "Žižkovské divadlo Járy Cimrmana",
    "subtype": "divadlo",
    "typ_uap": "05_01",
    "cooling": "ac",
    "tier": "A",
    "address": "Štítného 520/5",
    "web": "www.zdjc.cz",
    "bezbar": false,
    "source": "IPR Praha – ÚAP"
   }
  },
  {
   "type": "Feature",
   "geometry": {
    "type": "Point",
    "coordinates": [
     14.424772,
     50.087224
    ]
   },
   "properties": {
    "id": "ipr-kultzar-786",
    "name": "Spolek Kašpar",
    "subtype": "divadlo",
    "typ_uap": "05_01",
    "cooling": "ac",
    "tier": "A",
    "address": "Celetná 595/17",
    "web": "www.divadlovceletne.cz/",
    "bezbar": false,
    "source": "IPR Praha – ÚAP"
   }
  },
  {
   "type": "Feature",
   "geometry": {
    "type": "Point",
    "coordinates": [
     14.43559,
     50.090761
    ]
   },
   "properties": {
    "id": "ipr-kultzar-807",
    "name": "Galerie KusKovu",
    "subtype": "galerie",
    "typ_uap": "05_08",
    "cooling": "ac",
    "tier": "A",
    "address": "Biskupský dvůr 1147/6",
    "web": "www.kuskovu.cz",
    "bezbar": true,
    "source": "IPR Praha – ÚAP"
   }
  },
  {
   "type": "Feature",
   "geometry": {
    "type": "Point",
    "coordinates": [
     14.433978,
     50.107223
    ]
   },
   "properties": {
    "id": "ipr-kultzar-1173",
    "name": "Tipsport arena",
    "subtype": "aréna",
    "typ_uap": "05_06",
    "cooling": "ac",
    "tier": "B",
    "address": "Za elektrárnou 419/1",
    "web": "www.tipsportarena-praha.cz",
    "bezbar": false,
    "source": "IPR Praha – ÚAP"
   }
  },
  {
   "type": "Feature",
   "geometry": {
    "type": "Point",
    "coordinates": [
     14.418513,
     50.082027
    ]
   },
   "properties": {
    "id": "ipr-kultzar-974",
    "name": "Rock Café",
    "subtype": "kulturní dům",
    "typ_uap": "05_03",
    "cooling": "ac",
    "tier": "B",
    "address": "Národní 116/20",
    "web": "www.rockcafe.cz",
    "bezbar": false,
    "source": "IPR Praha – ÚAP"
   }
  },
  {
   "type": "Feature",
   "geometry": {
    "type": "Point",
    "coordinates": [
     14.416077,
     50.075344
    ]
   },
   "properties": {
    "id": "ipr-kultzar-829",
    "name": "Galerie Via Art",
    "subtype": "galerie",
    "typ_uap": "05_08",
    "cooling": "ac",
    "tier": "A",
    "address": "Resslova 300/6",
    "web": "www.galerieviaart.com",
    "bezbar": true,
    "source": "IPR Praha – ÚAP"
   }
  },
  {
   "type": "Feature",
   "geometry": {
    "type": "Point",
    "coordinates": [
     14.397668,
     50.099185
    ]
   },
   "properties": {
    "id": "ipr-kultzar-785",
    "name": "Semafor",
    "subtype": "divadlo",
    "typ_uap": "05_01",
    "cooling": "ac",
    "tier": "A",
    "address": "Dejvická 688/27",
    "web": "www.semafor.cz",
    "bezbar": true,
    "source": "IPR Praha – ÚAP"
   }
  },
  {
   "type": "Feature",
   "geometry": {
    "type": "Point",
    "coordinates": [
     14.415196,
     50.081573
    ]
   },
   "properties": {
    "id": "ipr-kultzar-804",
    "name": "Galerie Kodl",
    "subtype": "galerie",
    "typ_uap": "05_08",
    "cooling": "ac",
    "tier": "A",
    "address": "Národní 1011/7",
    "web": "www.galeriekodl.cz",
    "bezbar": false,
    "source": "IPR Praha – ÚAP"
   }
  },
  {
   "type": "Feature",
   "geometry": {
    "type": "Point",
    "coordinates": [
     14.417801,
     50.08153
    ]
   },
   "properties": {
    "id": "ipr-kultzar-1149",
    "name": "Galerie Zdeněk Sklenář - Schönkirchovský palác",
    "subtype": "galerie",
    "typ_uap": "05_08",
    "cooling": "ac",
    "tier": "A",
    "address": "Mikulandská 135/7",
    "web": "www.zdeneksklenar.cz",
    "bezbar": false,
    "source": "IPR Praha – ÚAP"
   }
  },
  {
   "type": "Feature",
   "geometry": {
    "type": "Point",
    "coordinates": [
     14.439123,
     50.064955
    ]
   },
   "properties": {
    "id": "ipr-kultzar-866",
    "name": "Divadlo Bez Hranic",
    "subtype": "divadlo",
    "typ_uap": "05_01",
    "cooling": "ac",
    "tier": "A",
    "address": "Křesomyslova 594/14",
    "web": "www.divadlobezhranic.cz",
    "bezbar": false,
    "source": "IPR Praha – ÚAP"
   }
  },
  {
   "type": "Feature",
   "geometry": {
    "type": "Point",
    "coordinates": [
     14.42319,
     50.088247
    ]
   },
   "properties": {
    "id": "ipr-kultzar-889",
    "name": "Dům U Zlatého prstenu",
    "subtype": "muzeum",
    "typ_uap": "05_07",
    "cooling": "ac",
    "tier": "A",
    "address": "Týnská 630/6",
    "web": "www.muzeumprahy.cz/dum-u-zlateho-prstenu",
    "bezbar": true,
    "source": "IPR Praha – ÚAP"
   }
  },
  {
   "type": "Feature",
   "geometry": {
    "type": "Point",
    "coordinates": [
     14.429666,
     50.06252
    ]
   },
   "properties": {
    "id": "ipr-kultzar-1115",
    "name": "Kongresové centrum Praha",
    "subtype": "multifunkční sál",
    "typ_uap": "05_05",
    "cooling": "ac",
    "tier": "A",
    "address": "5. května 1640/65",
    "web": "www.praguecc.cz/",
    "bezbar": false,
    "source": "IPR Praha – ÚAP"
   }
  },
  {
   "type": "Feature",
   "geometry": {
    "type": "Point",
    "coordinates": [
     14.430563,
     50.104616
    ]
   },
   "properties": {
    "id": "ipr-kultzar-991",
    "name": "Průmyslový palác",
    "subtype": "multifunkční sál",
    "typ_uap": "05_05",
    "cooling": "ac",
    "tier": "A",
    "address": "Výstaviště 67",
    "web": "https://www.navystavisti.cz/areal/prumyslovy-palac/",
    "bezbar": false,
    "source": "IPR Praha – ÚAP"
   }
  },
  {
   "type": "Feature",
   "geometry": {
    "type": "Point",
    "coordinates": [
     14.367932,
     50.070072
    ]
   },
   "properties": {
    "id": "ipr-kultzar-1199",
    "name": "Kino Kavalírka",
    "subtype": "kino",
    "typ_uap": "05_02",
    "cooling": "ac",
    "tier": "A",
    "address": "Plzeňská 2576/210",
    "web": "https://www.kinokavalirka.cz/cs/uvod",
    "bezbar": false,
    "source": "IPR Praha – ÚAP"
   }
  },
  {
   "type": "Feature",
   "geometry": {
    "type": "Point",
    "coordinates": [
     14.396444,
     50.089873
    ]
   },
   "properties": {
    "id": "ipr-kultzar-776",
    "name": "Hradčanská Galerie Josefa Kalouska",
    "subtype": "galerie",
    "typ_uap": "05_08",
    "cooling": "ac",
    "tier": "A",
    "address": "Hradčanské náměstí 60/12",
    "web": "www.galerie-kalousek.cz/",
    "bezbar": false,
    "source": "IPR Praha – ÚAP"
   }
  },
  {
   "type": "Feature",
   "geometry": {
    "type": "Point",
    "coordinates": [
     14.445529,
     50.098386
    ]
   },
   "properties": {
    "id": "ipr-kultzar-723",
    "name": "Jatka 78",
    "subtype": "divadlo",
    "typ_uap": "05_01",
    "cooling": "ac",
    "tier": "A",
    "address": "Bubenské nábřeží 306/13",
    "web": "www.jatka78.cz",
    "bezbar": false,
    "source": "IPR Praha – ÚAP"
   }
  },
  {
   "type": "Feature",
   "geometry": {
    "type": "Point",
    "coordinates": [
     14.449558,
     50.087154
    ]
   },
   "properties": {
    "id": "ipr-kultzar-1177",
    "name": "U Vystřelenýho oka",
    "subtype": "kulturní dům",
    "typ_uap": "05_03",
    "cooling": "ac",
    "tier": "B",
    "address": "U Božích bojovníků 606/3",
    "web": "http://uvoka.cz/",
    "bezbar": false,
    "source": "IPR Praha – ÚAP"
   }
  },
  {
   "type": "Feature",
   "geometry": {
    "type": "Point",
    "coordinates": [
     14.423377,
     50.081054
    ]
   },
   "properties": {
    "id": "ipr-kultzar-1121",
    "name": "Památník Františka Palackého a Františka Ladislava Riegra",
    "subtype": "muzeum",
    "typ_uap": "05_07",
    "cooling": "ac",
    "tier": "A",
    "address": "Palackého 719/7",
    "web": "www.nm.cz",
    "bezbar": false,
    "source": "IPR Praha – ÚAP"
   }
  },
  {
   "type": "Feature",
   "geometry": {
    "type": "Point",
    "coordinates": [
     14.402399,
     50.07218
    ]
   },
   "properties": {
    "id": "ipr-kultzar-1086",
    "name": "Cinema City Nový Smíchov",
    "subtype": "kino",
    "typ_uap": "05_02",
    "cooling": "ac",
    "tier": "A",
    "address": "Plzeňská 233/8",
    "web": "www.cinemacity.cz/NovySmichov",
    "bezbar": true,
    "source": "IPR Praha – ÚAP"
   }
  },
  {
   "type": "Feature",
   "geometry": {
    "type": "Point",
    "coordinates": [
     14.42818,
     50.081326
    ]
   },
   "properties": {
    "id": "ipr-kultzar-884",
    "name": "Divadlo Palace",
    "subtype": "divadlo",
    "typ_uap": "05_01",
    "cooling": "ac",
    "tier": "A",
    "address": "Václavské náměstí 819/43",
    "web": "www.divadlopalace.cz",
    "bezbar": false,
    "source": "IPR Praha – ÚAP"
   }
  },
  {
   "type": "Feature",
   "geometry": {
    "type": "Point",
    "coordinates": [
     14.441226,
     50.090208
    ]
   },
   "properties": {
    "id": "ipr-kultzar-722",
    "name": "Hudební divadlo Karlín",
    "subtype": "divadlo",
    "typ_uap": "05_01",
    "cooling": "ac",
    "tier": "A",
    "address": "Křižíkova 283/10",
    "web": "www.hdk.cz",
    "bezbar": true,
    "source": "IPR Praha – ÚAP"
   }
  },
  {
   "type": "Feature",
   "geometry": {
    "type": "Point",
    "coordinates": [
     14.422727,
     50.082911
    ]
   },
   "properties": {
    "id": "ipr-kultzar-953",
    "name": "Ambit kláštera františkánů u Panny Marie Sněžné",
    "subtype": "galerie",
    "typ_uap": "05_08",
    "cooling": "ac",
    "tier": "A",
    "address": "Jungmannovo náměstí 753/18",
    "web": "www.prague.eu/cs/objekt/mista/937/galerie-ambit",
    "bezbar": false,
    "source": "IPR Praha – ÚAP"
   }
  },
  {
   "type": "Feature",
   "geometry": {
    "type": "Point",
    "coordinates": [
     14.425478,
     50.098191
    ]
   },
   "properties": {
    "id": "ipr-kultzar-724",
    "name": "Divadelní klub Letka",
    "subtype": "divadlo",
    "typ_uap": "05_01",
    "cooling": "ac",
    "tier": "A",
    "address": "Letohradská 557/44",
    "web": "https://www.klubletka.cz/",
    "bezbar": false,
    "source": "IPR Praha – ÚAP"
   }
  },
  {
   "type": "Feature",
   "geometry": {
    "type": "Point",
    "coordinates": [
     14.43165,
     50.084489
    ]
   },
   "properties": {
    "id": "ipr-kultzar-1134",
    "name": "Galerie Emilie Paličkové",
    "subtype": "galerie",
    "typ_uap": "05_08",
    "cooling": "ac",
    "tier": "A",
    "address": "U Půjčovny  1274/9",
    "web": "textilniskola.cz/sin/?tx=88",
    "bezbar": false,
    "source": "IPR Praha – ÚAP"
   }
  },
  {
   "type": "Feature",
   "geometry": {
    "type": "Point",
    "coordinates": [
     14.429466,
     50.082524
    ]
   },
   "properties": {
    "id": "ipr-kultzar-1153",
    "name": "Art Mozaika",
    "subtype": "galerie",
    "typ_uap": "05_08",
    "cooling": "ac",
    "tier": "A",
    "address": "Politických vězňů 911/8",
    "web": "www.artmozaika.eu",
    "bezbar": false,
    "source": "IPR Praha – ÚAP"
   }
  },
  {
   "type": "Feature",
   "geometry": {
    "type": "Point",
    "coordinates": [
     14.454012,
     50.084748
    ]
   },
   "properties": {
    "id": "ipr-kultzar-1137",
    "name": "Galerie pod radnicí",
    "subtype": "galerie",
    "typ_uap": "05_08",
    "cooling": "ac",
    "tier": "A",
    "address": "Havlíčkovo náměstí 700/9",
    "web": "www.praha3.cz",
    "bezbar": false,
    "source": "IPR Praha – ÚAP"
   }
  },
  {
   "type": "Feature",
   "geometry": {
    "type": "Point",
    "coordinates": [
     14.425295,
     50.081412
    ]
   },
   "properties": {
    "id": "ipr-kultzar-1097",
    "name": "Kino Lucerna",
    "subtype": "kino",
    "typ_uap": "05_02",
    "cooling": "ac",
    "tier": "A",
    "address": "Vodičkova 704/36",
    "web": "www.lucerna.cz",
    "bezbar": false,
    "source": "IPR Praha – ÚAP"
   }
  },
  {
   "type": "Feature",
   "geometry": {
    "type": "Point",
    "coordinates": [
     14.433943,
     50.08971
    ]
   },
   "properties": {
    "id": "ipr-kultzar-865",
    "name": "Divadlo Archa",
    "subtype": "divadlo",
    "typ_uap": "05_01",
    "cooling": "ac",
    "tier": "A",
    "address": "Na Poříčí 1047/26",
    "web": "www.archatheatre.cz",
    "bezbar": true,
    "source": "IPR Praha – ÚAP"
   }
  },
  {
   "type": "Feature",
   "geometry": {
    "type": "Point",
    "coordinates": [
     14.412938,
     50.085446
    ]
   },
   "properties": {
    "id": "ipr-kultzar-902",
    "name": "Muzeum Bedřicha Smetany",
    "subtype": "muzeum",
    "typ_uap": "05_07",
    "cooling": "ac",
    "tier": "A",
    "address": "Novotného lávka 201/1",
    "web": "www.nm.cz/Hlavni-strana/Navstivte-nas/Muzeum-Bedricha-Smetany.html",
    "bezbar": false,
    "source": "IPR Praha – ÚAP"
   }
  },
  {
   "type": "Feature",
   "geometry": {
    "type": "Point",
    "coordinates": [
     14.416355,
     50.068014
    ]
   },
   "properties": {
    "id": "ipr-kultzar-772",
    "name": "Galerie Výtoň",
    "subtype": "galerie",
    "typ_uap": "05_08",
    "cooling": "ac",
    "tier": "A",
    "address": "Na výtoni 254/2",
    "web": "www.vyton.cz",
    "bezbar": false,
    "source": "IPR Praha – ÚAP"
   }
  },
  {
   "type": "Feature",
   "geometry": {
    "type": "Point",
    "coordinates": [
     14.432651,
     50.098385
    ]
   },
   "properties": {
    "id": "ipr-kultzar-1142",
    "name": "Galerie Kurzor",
    "subtype": "galerie",
    "typ_uap": "05_08",
    "cooling": "ac",
    "tier": "A",
    "address": "Dukelských hrdinů 500/25a",
    "web": "www.fcca.cz",
    "bezbar": false,
    "source": "IPR Praha – ÚAP"
   }
  },
  {
   "type": "Feature",
   "geometry": {
    "type": "Point",
    "coordinates": [
     14.419416,
     50.083002
    ]
   },
   "properties": {
    "id": "ipr-kultzar-1047",
    "name": "Galerie Havelka",
    "subtype": "galerie",
    "typ_uap": "05_08",
    "cooling": "ac",
    "tier": "A",
    "address": "Martinská 418/4",
    "web": "galeriehavelka.cz/",
    "bezbar": false,
    "source": "IPR Praha – ÚAP"
   }
  },
  {
   "type": "Feature",
   "geometry": {
    "type": "Point",
    "coordinates": [
     14.431652,
     50.086072
    ]
   },
   "properties": {
    "id": "ipr-kultzar-740",
    "name": "European Arts - galerie a aukční síň",
    "subtype": "galerie",
    "typ_uap": "05_08",
    "cooling": "ac",
    "tier": "A",
    "address": "Senovážné náměstí 992/8",
    "web": "www.europeanarts.cz",
    "bezbar": true,
    "source": "IPR Praha – ÚAP"
   }
  },
  {
   "type": "Feature",
   "geometry": {
    "type": "Point",
    "coordinates": [
     14.453117,
     50.086225
    ]
   },
   "properties": {
    "id": "ipr-kultzar-1178",
    "name": "O (The Unity is back)",
    "subtype": "galerie",
    "typ_uap": "05_08",
    "cooling": "ac",
    "tier": "A",
    "address": "Prokopova 572/14",
    "web": "https://www.facebook.com/theunityisback",
    "bezbar": false,
    "source": "IPR Praha – ÚAP"
   }
  },
  {
   "type": "Feature",
   "geometry": {
    "type": "Point",
    "coordinates": [
     14.415377,
     50.067851
    ]
   },
   "properties": {
    "id": "ipr-kultzar-892",
    "name": "Podskalská celnice na Výtoni",
    "subtype": "muzeum",
    "typ_uap": "05_07",
    "cooling": "ac",
    "tier": "A",
    "address": "Rašínovo nábřeží 412/30",
    "web": "www.muzeumprahy.cz/podskalska-celnice-na-vytoni/",
    "bezbar": false,
    "source": "IPR Praha – ÚAP"
   }
  },
  {
   "type": "Feature",
   "geometry": {
    "type": "Point",
    "coordinates": [
     14.433203,
     50.085876
    ]
   },
   "properties": {
    "id": "ipr-kultzar-808",
    "name": "Galerie Kvalitář",
    "subtype": "galerie",
    "typ_uap": "05_08",
    "cooling": "ac",
    "tier": "A",
    "address": "Senovážné náměstí 1628/17",
    "web": "www.kvalitar.cz",
    "bezbar": true,
    "source": "IPR Praha – ÚAP"
   }
  },
  {
   "type": "Feature",
   "geometry": {
    "type": "Point",
    "coordinates": [
     14.500046,
     50.110384
    ]
   },
   "properties": {
    "id": "ipr-kultzar-856",
    "name": "Galerie 9",
    "subtype": "galerie",
    "typ_uap": "05_08",
    "cooling": "ac",
    "tier": "A",
    "address": "Sokolovská 324/14",
    "web": "galerie9.cz/",
    "bezbar": true,
    "source": "IPR Praha – ÚAP"
   }
  },
  {
   "type": "Feature",
   "geometry": {
    "type": "Point",
    "coordinates": [
     14.413974,
     50.085503
    ]
   },
   "properties": {
    "id": "ipr-kultzar-1083",
    "name": "Karlovy lázně",
    "subtype": "kulturní dům",
    "typ_uap": "05_03",
    "cooling": "ac",
    "tier": "B",
    "address": "Smetanovo nábřeží 198/1",
    "web": "www.karlovylazne.cz",
    "bezbar": false,
    "source": "IPR Praha – ÚAP"
   }
  },
  {
   "type": "Feature",
   "geometry": {
    "type": "Point",
    "coordinates": [
     14.445529,
     50.098386
    ]
   },
   "properties": {
    "id": "ipr-kultzar-1011",
    "name": "Trafo Gallery",
    "subtype": "galerie",
    "typ_uap": "05_08",
    "cooling": "ac",
    "tier": "A",
    "address": "Bubenské nábřeží 306/13",
    "web": "trafogallery.cz",
    "bezbar": false,
    "source": "IPR Praha – ÚAP"
   }
  },
  {
   "type": "Feature",
   "geometry": {
    "type": "Point",
    "coordinates": [
     14.422522,
     50.075016
    ]
   },
   "properties": {
    "id": "ipr-kultzar-757",
    "name": "Salmovská Literární kavárna",
    "subtype": "kulturní dům",
    "typ_uap": "05_03",
    "cooling": "ac",
    "tier": "B",
    "address": "Salmovská 2003/16",
    "web": "www.salmovska.cz/",
    "bezbar": false,
    "source": "IPR Praha – ÚAP"
   }
  },
  {
   "type": "Feature",
   "geometry": {
    "type": "Point",
    "coordinates": [
     14.414041,
     50.080077
    ]
   },
   "properties": {
    "id": "ipr-kultzar-771",
    "name": "Galerie Vltavín",
    "subtype": "galerie",
    "typ_uap": "05_08",
    "cooling": "ac",
    "tier": "A",
    "address": "Masarykovo nábřeží 1648/36",
    "web": "www.galerie-vltavin.cz",
    "bezbar": false,
    "source": "IPR Praha – ÚAP"
   }
  },
  {
   "type": "Feature",
   "geometry": {
    "type": "Point",
    "coordinates": [
     14.421525,
     50.079234
    ]
   },
   "properties": {
    "id": "ipr-kultzar-827",
    "name": "Galerie v Lazarské",
    "subtype": "galerie",
    "typ_uap": "05_08",
    "cooling": "ac",
    "tier": "A",
    "address": "Lazarská 15/7",
    "web": "www.galerie-lazarska.cz",
    "bezbar": true,
    "source": "IPR Praha – ÚAP"
   }
  },
  {
   "type": "Feature",
   "geometry": {
    "type": "Point",
    "coordinates": [
     14.409683,
     50.073153
    ]
   },
   "properties": {
    "id": "ipr-kultzar-1154",
    "name": "Galerie Jiřího Švestky",
    "subtype": "galerie",
    "typ_uap": "05_08",
    "cooling": "ac",
    "tier": "A",
    "address": "Janáčkovo nábřeží 85/5",
    "web": "www.jirisvestka.cz",
    "bezbar": false,
    "source": "IPR Praha – ÚAP"
   }
  },
  {
   "type": "Feature",
   "geometry": {
    "type": "Point",
    "coordinates": [
     14.395298,
     50.070402
    ]
   },
   "properties": {
    "id": "ipr-kultzar-952",
    "name": "Vila Bertramka",
    "subtype": "galerie",
    "typ_uap": "05_08",
    "cooling": "ac",
    "tier": "A",
    "address": "U mrázovky 169/2",
    "web": "www.bertramka.eu",
    "bezbar": false,
    "source": "IPR Praha – ÚAP"
   }
  },
  {
   "type": "Feature",
   "geometry": {
    "type": "Point",
    "coordinates": [
     14.428545,
     50.092251
    ]
   },
   "properties": {
    "id": "ipr-kultzar-994",
    "name": "Poštovní muzeum",
    "subtype": "muzeum",
    "typ_uap": "05_07",
    "cooling": "ac",
    "tier": "A",
    "address": "Nové mlýny 1239/2",
    "web": "www.postovnimuzeum.cz/",
    "bezbar": false,
    "source": "IPR Praha – ÚAP"
   }
  },
  {
   "type": "Feature",
   "geometry": {
    "type": "Point",
    "coordinates": [
     14.426407,
     50.080891
    ]
   },
   "properties": {
    "id": "ipr-kultzar-987",
    "name": "Palác Lucerna",
    "subtype": "multifunkční sál",
    "typ_uap": "05_05",
    "cooling": "ac",
    "tier": "A",
    "address": "Štěpánská 704/61",
    "web": "www.lucerna.cz",
    "bezbar": false,
    "source": "IPR Praha – ÚAP"
   }
  },
  {
   "type": "Feature",
   "geometry": {
    "type": "Point",
    "coordinates": [
     14.417558,
     50.083072
    ]
   },
   "properties": {
    "id": "ipr-kultzar-1099",
    "name": "Kino Ponrepo",
    "subtype": "kino",
    "typ_uap": "05_02",
    "cooling": "ac",
    "tier": "A",
    "address": "Bartolomějská 291/11",
    "web": "www.nfa.cz/cz/kino-ponrepo/cykly/",
    "bezbar": false,
    "source": "IPR Praha – ÚAP"
   }
  },
  {
   "type": "Feature",
   "geometry": {
    "type": "Point",
    "coordinates": [
     14.406484,
     50.087223
    ]
   },
   "properties": {
    "id": "ipr-kultzar-852",
    "name": "Galerie Pavilon",
    "subtype": "galerie",
    "typ_uap": "05_08",
    "cooling": "ac",
    "tier": "A",
    "address": "Mostecká 55/3",
    "web": "www.galeriepavilon.cz, www.facebook.com/Galerie-Pavilon-226034830178/",
    "bezbar": true,
    "source": "IPR Praha – ÚAP"
   }
  },
  {
   "type": "Feature",
   "geometry": {
    "type": "Point",
    "coordinates": [
     14.43992,
     50.077181
    ]
   },
   "properties": {
    "id": "ipr-kultzar-986",
    "name": "Radiopalác",
    "subtype": "multifunkční sál",
    "typ_uap": "05_05",
    "cooling": "ac",
    "tier": "A",
    "address": "Vinohradská 1789/40",
    "web": "www.radiopalac.cz/",
    "bezbar": false,
    "source": "IPR Praha – ÚAP"
   }
  },
  {
   "type": "Feature",
   "geometry": {
    "type": "Point",
    "coordinates": [
     14.41411,
     50.077499
    ]
   },
   "properties": {
    "id": "ipr-kultzar-857",
    "name": "Galerie Mánes",
    "subtype": "galerie",
    "typ_uap": "05_08",
    "cooling": "ac",
    "tier": "A",
    "address": "Masarykovo nábřeží 250/1",
    "web": "www.galeriemanes.com",
    "bezbar": false,
    "source": "IPR Praha – ÚAP"
   }
  },
  {
   "type": "Feature",
   "geometry": {
    "type": "Point",
    "coordinates": [
     14.438481,
     50.090102
    ]
   },
   "properties": {
    "id": "ipr-kultzar-890",
    "name": "Hlavní budova muzea",
    "subtype": "muzeum",
    "typ_uap": "05_07",
    "cooling": "ac",
    "tier": "A",
    "address": "Na poříčí 1554/52",
    "web": "www.muzeumprahy.cz",
    "bezbar": false,
    "source": "IPR Praha – ÚAP"
   }
  },
  {
   "type": "Feature",
   "geometry": {
    "type": "Point",
    "coordinates": [
     14.49701,
     50.121369
    ]
   },
   "properties": {
    "id": "ipr-kultzar-1214",
    "name": "Restaurace Parčík",
    "subtype": "kulturní dům",
    "typ_uap": "05_03",
    "cooling": "ac",
    "tier": "B",
    "address": "Park Přátelství 816",
    "web": "www.restauraceparcik.cz",
    "bezbar": false,
    "source": "IPR Praha – ÚAP"
   }
  },
  {
   "type": "Feature",
   "geometry": {
    "type": "Point",
    "coordinates": [
     14.461278,
     50.077214
    ]
   },
   "properties": {
    "id": "ipr-kultzar-1061",
    "name": "Carpe Diem",
    "subtype": "kulturní dům",
    "typ_uap": "05_03",
    "cooling": "ac",
    "tier": "B",
    "address": "Jičínská 2285/4",
    "web": "www.carpediemflora.cz/index.php/klub",
    "bezbar": false,
    "source": "IPR Praha – ÚAP"
   }
  },
  {
   "type": "Feature",
   "geometry": {
    "type": "Point",
    "coordinates": [
     14.418876,
     50.101106
    ]
   },
   "properties": {
    "id": "ipr-kultzar-1206",
    "name": "stone projects",
    "subtype": "muzeum",
    "typ_uap": "05_07",
    "cooling": "ac",
    "tier": "A",
    "address": "Korunovační 704/14",
    "web": "www.stoneprojects.cz",
    "bezbar": false,
    "source": "IPR Praha – ÚAP"
   }
  },
  {
   "type": "Feature",
   "geometry": {
    "type": "Point",
    "coordinates": [
     14.404651,
     50.081587
    ]
   },
   "properties": {
    "id": "ipr-kultzar-1074",
    "name": "Klub Újezd",
    "subtype": "kulturní dům",
    "typ_uap": "05_03",
    "cooling": "ac",
    "tier": "B",
    "address": "Újezd 422/18",
    "web": "www.klubujezd.cz",
    "bezbar": false,
    "source": "IPR Praha – ÚAP"
   }
  },
  {
   "type": "Feature",
   "geometry": {
    "type": "Point",
    "coordinates": [
     14.379317,
     50.071539
    ]
   },
   "properties": {
    "id": "ipr-kultzar-962",
    "name": "Klub Klamovka",
    "subtype": "divadlo",
    "typ_uap": "05_01",
    "cooling": "ac",
    "tier": "A",
    "address": "Podbělohorská 154/3",
    "web": "ddmpraha.cz/klamovka",
    "bezbar": false,
    "source": "IPR Praha – ÚAP"
   }
  },
  {
   "type": "Feature",
   "geometry": {
    "type": "Point",
    "coordinates": [
     14.399628,
     50.071102
    ]
   },
   "properties": {
    "id": "ipr-kultzar-1200",
    "name": "400 ASA Gallery",
    "subtype": "galerie",
    "typ_uap": "05_08",
    "cooling": "ac",
    "tier": "A",
    "address": "Kováků 2237/32",
    "web": "https://400asa.org/gallery",
    "bezbar": false,
    "source": "IPR Praha – ÚAP"
   }
  },
  {
   "type": "Feature",
   "geometry": {
    "type": "Point",
    "coordinates": [
     14.425881,
     50.090693
    ]
   },
   "properties": {
    "id": "ipr-kultzar-1010",
    "name": "Galerie NoD",
    "subtype": "galerie",
    "typ_uap": "05_08",
    "cooling": "ac",
    "tier": "A",
    "address": "Dlouhá 731/33",
    "web": "nod.roxy.cz",
    "bezbar": false,
    "source": "IPR Praha – ÚAP"
   }
  },
  {
   "type": "Feature",
   "geometry": {
    "type": "Point",
    "coordinates": [
     14.432081,
     50.107538
    ]
   },
   "properties": {
    "id": "ipr-kultzar-1111",
    "name": "Malá sportovní hala",
    "subtype": "multifunkční sál",
    "typ_uap": "05_05",
    "cooling": "ac",
    "tier": "A",
    "address": "Areál Výstaviště 67",
    "web": "www.vystavistepraha.eu/pronajem/detail/mala-sportovni-hala/",
    "bezbar": false,
    "source": "IPR Praha – ÚAP"
   }
  },
  {
   "type": "Feature",
   "geometry": {
    "type": "Point",
    "coordinates": [
     14.436065,
     50.086822
    ]
   },
   "properties": {
    "id": "ipr-kultzar-1082",
    "name": "Studio 54",
    "subtype": "kulturní dům",
    "typ_uap": "05_03",
    "cooling": "ac",
    "tier": "B",
    "address": "Hybernská 1613/38",
    "web": "www.studio54.cz/",
    "bezbar": false,
    "source": "IPR Praha – ÚAP"
   }
  },
  {
   "type": "Feature",
   "geometry": {
    "type": "Point",
    "coordinates": [
     14.453886,
     50.068995
    ]
   },
   "properties": {
    "id": "ipr-kultzar-795",
    "name": "Vršovické divadlo MANA",
    "subtype": "divadlo",
    "typ_uap": "05_01",
    "cooling": "ac",
    "tier": "A",
    "address": "Moskevská 967/34",
    "web": "www.vrsovickedivadlo.cz",
    "bezbar": false,
    "source": "IPR Praha – ÚAP"
   }
  },
  {
   "type": "Feature",
   "geometry": {
    "type": "Point",
    "coordinates": [
     14.418919,
     50.090726
    ]
   },
   "properties": {
    "id": "ipr-kultzar-809",
    "name": "Galerie La Femme",
    "subtype": "galerie",
    "typ_uap": "05_08",
    "cooling": "ac",
    "tier": "A",
    "address": "Bílkova 131/2",
    "web": "www.glf.cz",
    "bezbar": true,
    "source": "IPR Praha – ÚAP"
   }
  },
  {
   "type": "Feature",
   "geometry": {
    "type": "Point",
    "coordinates": [
     14.402566,
     50.071226
    ]
   },
   "properties": {
    "id": "ipr-kultzar-934",
    "name": "Království železnic",
    "subtype": "muzeum",
    "typ_uap": "05_07",
    "cooling": "ac",
    "tier": "A",
    "address": "Stroupežnického 3181/23",
    "web": "www.kralovstvi-zeleznic.cz",
    "bezbar": true,
    "source": "IPR Praha – ÚAP"
   }
  },
  {
   "type": "Feature",
   "geometry": {
    "type": "Point",
    "coordinates": [
     14.431988,
     50.079807
    ]
   },
   "properties": {
    "id": "ipr-kultzar-908",
    "name": "Nová budova Národního muzea",
    "subtype": "muzeum",
    "typ_uap": "05_07",
    "cooling": "ac",
    "tier": "A",
    "address": "Vinohradská 52/1",
    "web": "www.nm.cz",
    "bezbar": true,
    "source": "IPR Praha – ÚAP"
   }
  },
  {
   "type": "Feature",
   "geometry": {
    "type": "Point",
    "coordinates": [
     14.443146,
     50.084491
    ]
   },
   "properties": {
    "id": "ipr-kultzar-1181",
    "name": "Kino Přítomnost",
    "subtype": "kino",
    "typ_uap": "05_02",
    "cooling": "ac",
    "tier": "A",
    "address": "Siwiecova 1800/1",
    "web": "www.kinopritomnost.cz/",
    "bezbar": false,
    "source": "IPR Praha – ÚAP"
   }
  },
  {
   "type": "Feature",
   "geometry": {
    "type": "Point",
    "coordinates": [
     14.431443,
     50.091574
    ]
   },
   "properties": {
    "id": "ipr-kultzar-789",
    "name": "Studio Paměť",
    "subtype": "divadlo",
    "typ_uap": "05_01",
    "cooling": "ac",
    "tier": "A",
    "address": "Soukenická 1187/29",
    "web": "www.studiopamet.cz/index.html",
    "bezbar": false,
    "source": "IPR Praha – ÚAP"
   }
  },
  {
   "type": "Feature",
   "geometry": {
    "type": "Point",
    "coordinates": [
     14.414306,
     50.081274
    ]
   },
   "properties": {
    "id": "ipr-kultzar-708",
    "name": "Nová scéna ND",
    "subtype": "divadlo",
    "typ_uap": "05_01",
    "cooling": "ac",
    "tier": "A",
    "address": "Národní 1393/4",
    "web": "www.narodni-divadlo.cz/cs/nova-scena",
    "bezbar": false,
    "source": "IPR Praha – ÚAP"
   }
  },
  {
   "type": "Feature",
   "geometry": {
    "type": "Point",
    "coordinates": [
     14.438621,
     50.076649
    ]
   },
   "properties": {
    "id": "ipr-kultzar-713",
    "name": "Divadlo U Hasičů",
    "subtype": "divadlo",
    "typ_uap": "05_01",
    "cooling": "ac",
    "tier": "A",
    "address": "Římská 2135/45",
    "web": "www.divadlouhasicu.net/",
    "bezbar": true,
    "source": "IPR Praha – ÚAP"
   }
  },
  {
   "type": "Feature",
   "geometry": {
    "type": "Point",
    "coordinates": [
     14.412403,
     50.116483
    ]
   },
   "properties": {
    "id": "ipr-kultzar-1002",
    "name": "Zámek Troja",
    "subtype": "muzeum",
    "typ_uap": "05_07",
    "cooling": "ac",
    "tier": "A",
    "address": "U trojského zámku 1/4",
    "web": "www.ghmp.cz/zamek-troja/",
    "bezbar": true,
    "source": "IPR Praha – ÚAP"
   }
  },
  {
   "type": "Feature",
   "geometry": {
    "type": "Point",
    "coordinates": [
     14.414231,
     50.081541
    ]
   },
   "properties": {
    "id": "ipr-kultzar-1135",
    "name": "Galerie věda a umění",
    "subtype": "galerie",
    "typ_uap": "05_08",
    "cooling": "ac",
    "tier": "A",
    "address": "Národní 1009/3",
    "web": "www.avcr.cz/cs/pro-verejnost/vystavy/vystavy-v-budove-av-cr/",
    "bezbar": true,
    "source": "IPR Praha – ÚAP"
   }
  },
  {
   "type": "Feature",
   "geometry": {
    "type": "Point",
    "coordinates": [
     14.420622,
     50.088801
    ]
   },
   "properties": {
    "id": "ipr-kultzar-773",
    "name": "Galerie Zdeněk Sklenář - Salvátorská",
    "subtype": "galerie",
    "typ_uap": "05_08",
    "cooling": "ac",
    "tier": "A",
    "address": "Salvátorská 932/6",
    "web": "www.zdeneksklenar.cz",
    "bezbar": true,
    "source": "IPR Praha – ÚAP"
   }
  },
  {
   "type": "Feature",
   "geometry": {
    "type": "Point",
    "coordinates": [
     14.424005,
     50.102709
    ]
   },
   "properties": {
    "id": "ipr-kultzar-1205",
    "name": "SKLAD M1",
    "subtype": "muzeum",
    "typ_uap": "05_07",
    "cooling": "ac",
    "tier": "A",
    "address": "U Akademi 172/4",
    "web": "www.facebook.com/skladM1galerie",
    "bezbar": false,
    "source": "IPR Praha – ÚAP"
   }
  },
  {
   "type": "Feature",
   "geometry": {
    "type": "Point",
    "coordinates": [
     14.338613,
     50.08663
    ]
   },
   "properties": {
    "id": "ipr-kultzar-1156",
    "name": "Galerie Makráč",
    "subtype": "galerie",
    "typ_uap": "05_08",
    "cooling": "ac",
    "tier": "A",
    "address": "Heyrovského náměstí 1888/2",
    "web": "www.imc.cas.cz",
    "bezbar": false,
    "source": "IPR Praha – ÚAP"
   }
  },
  {
   "type": "Feature",
   "geometry": {
    "type": "Point",
    "coordinates": [
     14.451505,
     50.100576
    ]
   },
   "properties": {
    "id": "ipr-kultzar-1023",
    "name": "Centrála",
    "subtype": "kulturní dům",
    "typ_uap": "05_03",
    "cooling": "ac",
    "tier": "B",
    "address": "Jateční 498/39",
    "web": "www.facebook.com/klubcentrala/",
    "bezbar": false,
    "source": "IPR Praha – ÚAP"
   }
  },
  {
   "type": "Feature",
   "geometry": {
    "type": "Point",
    "coordinates": [
     14.493334,
     50.103691
    ]
   },
   "properties": {
    "id": "ipr-kultzar-1172",
    "name": "O2 arena",
    "subtype": "aréna",
    "typ_uap": "05_06",
    "cooling": "ac",
    "tier": "B",
    "address": "Českomoravská 2345/17",
    "web": "www.o2arena.cz",
    "bezbar": true,
    "source": "IPR Praha – ÚAP"
   }
  },
  {
   "type": "Feature",
   "geometry": {
    "type": "Point",
    "coordinates": [
     14.349131,
     50.050714
    ]
   },
   "properties": {
    "id": "ipr-kultzar-930",
    "name": "České centrum fotografie (Czech Photo centre)",
    "subtype": "muzeum",
    "typ_uap": "05_07",
    "cooling": "ac",
    "tier": "A",
    "address": "Seydlerova 2835/4",
    "web": "www.czechphoto.org/cpc/",
    "bezbar": false,
    "source": "IPR Praha – ÚAP"
   }
  },
  {
   "type": "Feature",
   "geometry": {
    "type": "Point",
    "coordinates": [
     14.424907,
     50.084946
    ]
   },
   "properties": {
    "id": "ipr-kultzar-861",
    "name": "Black Light Theatre Srnec",
    "subtype": "divadlo",
    "typ_uap": "05_01",
    "cooling": "ac",
    "tier": "A",
    "address": "Na Příkopě 852/10",
    "web": "www.srnectheatre.com",
    "bezbar": false,
    "source": "IPR Praha – ÚAP"
   }
  },
  {
   "type": "Feature",
   "geometry": {
    "type": "Point",
    "coordinates": [
     14.435505,
     50.099719
    ]
   },
   "properties": {
    "id": "ipr-kultzar-701",
    "name": "Divadlo Radar",
    "subtype": "divadlo",
    "typ_uap": "05_01",
    "cooling": "ac",
    "tier": "A",
    "address": "Pplk. Sochora 1387/9",
    "web": "divadloradar.cz/",
    "bezbar": false,
    "source": "IPR Praha – ÚAP"
   }
  },
  {
   "type": "Feature",
   "geometry": {
    "type": "Point",
    "coordinates": [
     14.415987,
     50.094679
    ]
   },
   "properties": {
    "id": "ipr-kultzar-1208",
    "name": "Containall Stalin",
    "subtype": "kulturní dům",
    "typ_uap": "05_03",
    "cooling": "ac",
    "tier": "B",
    "address": null,
    "web": "www.containall.cz",
    "bezbar": false,
    "source": "IPR Praha – ÚAP"
   }
  },
  {
   "type": "Feature",
   "geometry": {
    "type": "Point",
    "coordinates": [
     14.417393,
     50.087395
    ]
   },
   "properties": {
    "id": "ipr-kultzar-1092",
    "name": "Kino Městské knihovny v Praze",
    "subtype": "kino",
    "typ_uap": "05_02",
    "cooling": "ac",
    "tier": "A",
    "address": "Mariánské náměstí 98/1",
    "web": "www.mlp.cz/cz/",
    "bezbar": false,
    "source": "IPR Praha – ÚAP"
   }
  },
  {
   "type": "Feature",
   "geometry": {
    "type": "Point",
    "coordinates": [
     14.357471,
     50.08511
    ]
   },
   "properties": {
    "id": "ipr-kultzar-738",
    "name": "Entrance Gallery",
    "subtype": "galerie",
    "typ_uap": "05_08",
    "cooling": "ac",
    "tier": "A",
    "address": "Markétská 1/28",
    "web": "www.entrancegallery.com",
    "bezbar": false,
    "source": "IPR Praha – ÚAP"
   }
  },
  {
   "type": "Feature",
   "geometry": {
    "type": "Point",
    "coordinates": [
     14.446369,
     50.086843
    ]
   },
   "properties": {
    "id": "ipr-kultzar-1183",
    "name": "Dark Velvet Café",
    "subtype": "literární kavárna",
    "typ_uap": "05_10",
    "cooling": "ac",
    "tier": "B",
    "address": "Husitská 677/15",
    "web": null,
    "bezbar": false,
    "source": "IPR Praha – ÚAP"
   }
  },
  {
   "type": "Feature",
   "geometry": {
    "type": "Point",
    "coordinates": [
     14.451144,
     50.104089
    ]
   },
   "properties": {
    "id": "ipr-kultzar-797",
    "name": "Studio 2 - Slévárna",
    "subtype": "divadlo",
    "typ_uap": "05_01",
    "cooling": "ac",
    "tier": "A",
    "address": "Přístavní 503/22",
    "web": "www.lafabrika.cz",
    "bezbar": true,
    "source": "IPR Praha – ÚAP"
   }
  },
  {
   "type": "Feature",
   "geometry": {
    "type": "Point",
    "coordinates": [
     14.471905,
     50.090336
    ]
   },
   "properties": {
    "id": "ipr-kultzar-1095",
    "name": "Kino Aero",
    "subtype": "kino",
    "typ_uap": "05_02",
    "cooling": "ac",
    "tier": "A",
    "address": "Biskupcova 87/31a",
    "web": "www.kinoaero.cz",
    "bezbar": false,
    "source": "IPR Praha – ÚAP"
   }
  },
  {
   "type": "Feature",
   "geometry": {
    "type": "Point",
    "coordinates": [
     14.413727,
     50.073716
    ]
   },
   "properties": {
    "id": "ipr-kultzar-854",
    "name": "(A)Void floating gallery",
    "subtype": "galerie",
    "typ_uap": "05_08",
    "cooling": "ac",
    "tier": "A",
    "address": null,
    "web": "www.facebook.com/AVOIDFloatingGallery/",
    "bezbar": false,
    "source": "IPR Praha – ÚAP"
   }
  },
  {
   "type": "Feature",
   "geometry": {
    "type": "Point",
    "coordinates": [
     14.42224,
     50.085092
    ]
   },
   "properties": {
    "id": "ipr-kultzar-1034",
    "name": "Pražská galerie českého skla",
    "subtype": "galerie",
    "typ_uap": "05_08",
    "cooling": "ac",
    "tier": "A",
    "address": "Rytířská 536/29",
    "web": "www.prazskagalerie.cz",
    "bezbar": false,
    "source": "IPR Praha – ÚAP"
   }
  },
  {
   "type": "Feature",
   "geometry": {
    "type": "Point",
    "coordinates": [
     14.414056,
     50.086411
    ]
   },
   "properties": {
    "id": "ipr-kultzar-943",
    "name": "Muzeum Karlova mostu",
    "subtype": "muzeum",
    "typ_uap": "05_07",
    "cooling": "ac",
    "tier": "A",
    "address": "Křižovnické náměstí 191/3",
    "web": "www.muzeumkarlovamostu.cz",
    "bezbar": false,
    "source": "IPR Praha – ÚAP"
   }
  },
  {
   "type": "Feature",
   "geometry": {
    "type": "Point",
    "coordinates": [
     14.422727,
     50.082911
    ]
   },
   "properties": {
    "id": "ipr-kultzar-1056",
    "name": "Rakouské kulturní fórum v Praze",
    "subtype": "kulturní institut",
    "typ_uap": "05_09",
    "cooling": "ac",
    "tier": "A",
    "address": "Jungmannovo náměstí 753/18",
    "web": "www.rkfpraha.cz/",
    "bezbar": true,
    "source": "IPR Praha – ÚAP"
   }
  },
  {
   "type": "Feature",
   "geometry": {
    "type": "Point",
    "coordinates": [
     14.399701,
     50.091036
    ]
   },
   "properties": {
    "id": "ipr-kultzar-916",
    "name": "Císařská konírna",
    "subtype": "muzeum",
    "typ_uap": "05_07",
    "cooling": "ac",
    "tier": "A",
    "address": null,
    "web": "www.kulturanahrade.cz",
    "bezbar": false,
    "source": "IPR Praha – ÚAP"
   }
  },
  {
   "type": "Feature",
   "geometry": {
    "type": "Point",
    "coordinates": [
     14.457198,
     50.06382
    ]
   },
   "properties": {
    "id": "ipr-kultzar-751",
    "name": "Ankali",
    "subtype": "kulturní dům",
    "typ_uap": "05_03",
    "cooling": "ac",
    "tier": "B",
    "address": "Lopuchová 58/6",
    "web": "www.anka.li",
    "bezbar": false,
    "source": "IPR Praha – ÚAP"
   }
  },
  {
   "type": "Feature",
   "geometry": {
    "type": "Point",
    "coordinates": [
     14.499204,
     50.075361
    ]
   },
   "properties": {
    "id": "ipr-kultzar-1220",
    "name": "Strašnické divadlo Adverte",
    "subtype": "divadlo",
    "typ_uap": "05_01",
    "cooling": "ac",
    "tier": "A",
    "address": "Solidarity 1986/53",
    "web": "https://www.strasnicke-divadlo.cz/",
    "bezbar": false,
    "source": "IPR Praha – ÚAP"
   }
  },
  {
   "type": "Feature",
   "geometry": {
    "type": "Point",
    "coordinates": [
     14.393329,
     50.106844
    ]
   },
   "properties": {
    "id": "ipr-kultzar-863",
    "name": "Dejvické divadlo",
    "subtype": "divadlo",
    "typ_uap": "05_01",
    "cooling": "ac",
    "tier": "A",
    "address": "Zelená 1084/15a",
    "web": "www.dejvickedivadlo.cz/",
    "bezbar": true,
    "source": "IPR Praha – ÚAP"
   }
  },
  {
   "type": "Feature",
   "geometry": {
    "type": "Point",
    "coordinates": [
     14.442755,
     50.075215
    ]
   },
   "properties": {
    "id": "ipr-kultzar-1106",
    "name": "BERGAMASKA, s.r.o.",
    "subtype": "multifunkční sál",
    "typ_uap": "05_05",
    "cooling": "ac",
    "tier": "A",
    "address": "Korunní 926/30",
    "web": "www.casagelmi.cz/",
    "bezbar": false,
    "source": "IPR Praha – ÚAP"
   }
  },
  {
   "type": "Feature",
   "geometry": {
    "type": "Point",
    "coordinates": [
     14.425195,
     50.078827
    ]
   },
   "properties": {
    "id": "ipr-kultzar-1052",
    "name": "Francouzský institut v Praze",
    "subtype": "kulturní institut",
    "typ_uap": "05_09",
    "cooling": "ac",
    "tier": "A",
    "address": "Štěpánská 644/35",
    "web": "www.ifp.cz",
    "bezbar": true,
    "source": "IPR Praha – ÚAP"
   }
  },
  {
   "type": "Feature",
   "geometry": {
    "type": "Point",
    "coordinates": [
     14.419791,
     50.086421
    ]
   },
   "properties": {
    "id": "ipr-kultzar-818",
    "name": "Galerie Pastelka",
    "subtype": "galerie",
    "typ_uap": "05_08",
    "cooling": "ac",
    "tier": "A",
    "address": "Malé náměstí 459/11",
    "web": "www.pastelky.cz",
    "bezbar": true,
    "source": "IPR Praha – ÚAP"
   }
  },
  {
   "type": "Feature",
   "geometry": {
    "type": "Point",
    "coordinates": [
     14.418725,
     50.0821
    ]
   },
   "properties": {
    "id": "ipr-kultzar-1042",
    "name": "Galerie kavárny Louvre",
    "subtype": "galerie",
    "typ_uap": "05_08",
    "cooling": "ac",
    "tier": "A",
    "address": "Národní 1987/22",
    "web": "galerielouvre.cz",
    "bezbar": false,
    "source": "IPR Praha – ÚAP"
   }
  },
  {
   "type": "Feature",
   "geometry": {
    "type": "Point",
    "coordinates": [
     14.44681,
     50.083371
    ]
   },
   "properties": {
    "id": "ipr-kultzar-754",
    "name": "Vlkova 26",
    "subtype": "kulturní dům",
    "typ_uap": "05_03",
    "cooling": "ac",
    "tier": "B",
    "address": "Vlkova 699/26",
    "web": "www.facebook.com/Vlkova26/",
    "bezbar": false,
    "source": "IPR Praha – ÚAP"
   }
  },
  {
   "type": "Feature",
   "geometry": {
    "type": "Point",
    "coordinates": [
     14.447031,
     50.106777
    ]
   },
   "properties": {
    "id": "ipr-kultzar-737",
    "name": "DOX - Centrum současného umění",
    "subtype": "galerie",
    "typ_uap": "05_08",
    "cooling": "ac",
    "tier": "A",
    "address": "Poupětova 793/1",
    "web": "www.dox.cz",
    "bezbar": true,
    "source": "IPR Praha – ÚAP"
   }
  },
  {
   "type": "Feature",
   "geometry": {
    "type": "Point",
    "coordinates": [
     14.388495,
     50.067313
    ]
   },
   "properties": {
    "id": "ipr-kultzar-1202",
    "name": "Winternitzova vila",
    "subtype": "muzeum",
    "typ_uap": "05_07",
    "cooling": "ac",
    "tier": "A",
    "address": "Na Cihlářce 2092/10",
    "web": "https://www.loosovavila.cz",
    "bezbar": false,
    "source": "IPR Praha – ÚAP"
   }
  },
  {
   "type": "Feature",
   "geometry": {
    "type": "Point",
    "coordinates": [
     14.412058,
     50.037897
    ]
   },
   "properties": {
    "id": "ipr-kultzar-798",
    "name": "Divadlo Duncan Centre",
    "subtype": "divadlo",
    "typ_uap": "05_01",
    "cooling": "ac",
    "tier": "A",
    "address": "Branická 145/41",
    "web": "www.duncancentre.cz/",
    "bezbar": false,
    "source": "IPR Praha – ÚAP"
   }
  },
  {
   "type": "Feature",
   "geometry": {
    "type": "Point",
    "coordinates": [
     14.425881,
     50.090693
    ]
   },
   "properties": {
    "id": "ipr-kultzar-830",
    "name": "Roxy Prague",
    "subtype": "kulturní dům",
    "typ_uap": "05_03",
    "cooling": "ac",
    "tier": "B",
    "address": "Dlouhá 731/33",
    "web": "www.roxy.cz",
    "bezbar": false,
    "source": "IPR Praha – ÚAP"
   }
  },
  {
   "type": "Feature",
   "geometry": {
    "type": "Point",
    "coordinates": [
     14.448806,
     50.084222
    ]
   },
   "properties": {
    "id": "ipr-kultzar-744",
    "name": "Galerie 35M2",
    "subtype": "galerie",
    "typ_uap": "05_08",
    "cooling": "ac",
    "tier": "A",
    "address": "Víta Nejedlého 487/23",
    "web": "www.35m2.cz",
    "bezbar": true,
    "source": "IPR Praha – ÚAP"
   }
  },
  {
   "type": "Feature",
   "geometry": {
    "type": "Point",
    "coordinates": [
     14.412828,
     50.079236
    ]
   },
   "properties": {
    "id": "ipr-kultzar-988",
    "name": "Palác Žofín",
    "subtype": "multifunkční sál",
    "typ_uap": "05_05",
    "cooling": "ac",
    "tier": "A",
    "address": "Slovanský ostrov 226",
    "web": "www.zofin.cz",
    "bezbar": false,
    "source": "IPR Praha – ÚAP"
   }
  },
  {
   "type": "Feature",
   "geometry": {
    "type": "Point",
    "coordinates": [
     14.426901,
     50.090793
    ]
   },
   "properties": {
    "id": "ipr-kultzar-715",
    "name": "Divadlo V Dlouhé",
    "subtype": "divadlo",
    "typ_uap": "05_01",
    "cooling": "ac",
    "tier": "A",
    "address": "Dlouhá 727/39",
    "web": "www.divadlovdlouhe.cz/",
    "bezbar": false,
    "source": "IPR Praha – ÚAP"
   }
  },
  {
   "type": "Feature",
   "geometry": {
    "type": "Point",
    "coordinates": [
     14.448803,
     50.070517
    ]
   },
   "properties": {
    "id": "ipr-kultzar-964",
    "name": "HarOLD",
    "subtype": "divadlo",
    "typ_uap": "05_01",
    "cooling": "ac",
    "tier": "A",
    "address": "Charkovská 385/15",
    "web": "oldstars.cz/index.php/photo/album/harold",
    "bezbar": false,
    "source": "IPR Praha – ÚAP"
   }
  },
  {
   "type": "Feature",
   "geometry": {
    "type": "Point",
    "coordinates": [
     14.658874,
     50.076405
    ]
   },
   "properties": {
    "id": "ipr-kultzar-1132",
    "name": "Muzeum Újezd nad Lesy",
    "subtype": "muzeum",
    "typ_uap": "05_07",
    "cooling": "ac",
    "tier": "A",
    "address": "Starokolínská 2300",
    "web": "https://www.praha21.cz/informace/ujezdske-muzeum",
    "bezbar": true,
    "source": "IPR Praha – ÚAP"
   }
  },
  {
   "type": "Feature",
   "geometry": {
    "type": "Point",
    "coordinates": [
     14.419375,
     50.101394
    ]
   },
   "properties": {
    "id": "ipr-kultzar-763",
    "name": "Galerie budoart",
    "subtype": "galerie",
    "typ_uap": "05_08",
    "cooling": "ac",
    "tier": "A",
    "address": "Havanská 1087/3a",
    "web": "www.budoart.cz",
    "bezbar": false,
    "source": "IPR Praha – ÚAP"
   }
  },
  {
   "type": "Feature",
   "geometry": {
    "type": "Point",
    "coordinates": [
     14.437941,
     50.07563
    ]
   },
   "properties": {
    "id": "ipr-kultzar-990",
    "name": "Národní dům na Vinohradech",
    "subtype": "multifunkční sál",
    "typ_uap": "05_05",
    "cooling": "ac",
    "tier": "A",
    "address": "náměstí Míru 820/9",
    "web": "www.nardum.cz/",
    "bezbar": false,
    "source": "IPR Praha – ÚAP"
   }
  },
  {
   "type": "Feature",
   "geometry": {
    "type": "Point",
    "coordinates": [
     14.430383,
     50.101172
    ]
   },
   "properties": {
    "id": "ipr-kultzar-860",
    "name": "Alfred ve dvoře",
    "subtype": "divadlo",
    "typ_uap": "05_01",
    "cooling": "ac",
    "tier": "A",
    "address": "Františka Křížka 495/36",
    "web": "www.alfredvedvore.cz",
    "bezbar": false,
    "source": "IPR Praha – ÚAP"
   }
  },
  {
   "type": "Feature",
   "geometry": {
    "type": "Point",
    "coordinates": [
     14.605896,
     50.028789
    ]
   },
   "properties": {
    "id": "ipr-kultzar-1066",
    "name": "Kino Účko U22",
    "subtype": "kino",
    "typ_uap": "05_02",
    "cooling": "ac",
    "tier": "A",
    "address": "K Sokolovně 201/8",
    "web": "www.kinoucko.cz/",
    "bezbar": false,
    "source": "IPR Praha – ÚAP"
   }
  },
  {
   "type": "Feature",
   "geometry": {
    "type": "Point",
    "coordinates": [
     14.398818,
     50.076986
    ]
   },
   "properties": {
    "id": "ipr-kultzar-905",
    "name": "Národopisné muzeum Národního muzea",
    "subtype": "muzeum",
    "typ_uap": "05_07",
    "cooling": "ac",
    "tier": "A",
    "address": "Holečkova 98/2",
    "web": "www.nm.cz/Hlavni-strana/Navstivte-nas/Narodopisne-muzeum-Narodniho-muzea.html",
    "bezbar": true,
    "source": "IPR Praha – ÚAP"
   }
  },
  {
   "type": "Feature",
   "geometry": {
    "type": "Point",
    "coordinates": [
     14.448382,
     50.071437
    ]
   },
   "properties": {
    "id": "ipr-kultzar-973",
    "name": "Café v lese",
    "subtype": "literární kavárna",
    "typ_uap": "05_10",
    "cooling": "ac",
    "tier": "B",
    "address": "Krymská 273/12",
    "web": "https://cafevlese.cz/",
    "bezbar": false,
    "source": "IPR Praha – ÚAP"
   }
  },
  {
   "type": "Feature",
   "geometry": {
    "type": "Point",
    "coordinates": [
     14.426407,
     50.080891
    ]
   },
   "properties": {
    "id": "ipr-kultzar-989",
    "name": "Velký sál Lucerna",
    "subtype": "multifunkční sál",
    "typ_uap": "05_05",
    "cooling": "ac",
    "tier": "A",
    "address": "Štěpánská 704/61",
    "web": "www.lucpra.com",
    "bezbar": false,
    "source": "IPR Praha – ÚAP"
   }
  },
  {
   "type": "Feature",
   "geometry": {
    "type": "Point",
    "coordinates": [
     14.424391,
     50.099603
    ]
   },
   "properties": {
    "id": "ipr-kultzar-950",
    "name": "The Chemistry Gallery",
    "subtype": "galerie",
    "typ_uap": "05_08",
    "cooling": "ac",
    "tier": "A",
    "address": "Ovenecká 1072/17",
    "web": "www.thechemistry.art",
    "bezbar": false,
    "source": "IPR Praha – ÚAP"
   }
  },
  {
   "type": "Feature",
   "geometry": {
    "type": "Point",
    "coordinates": [
     14.511067,
     50.110416
    ]
   },
   "properties": {
    "id": "ipr-kultzar-1168",
    "name": "Pragovka",
    "subtype": "literární kavárna",
    "typ_uap": "05_10",
    "cooling": "ac",
    "tier": "B",
    "address": "Kolbenova 923/34a",
    "web": "https://pragovka.com/",
    "bezbar": true,
    "source": "IPR Praha – ÚAP"
   }
  },
  {
   "type": "Feature",
   "geometry": {
    "type": "Point",
    "coordinates": [
     14.405397,
     50.085938
    ]
   },
   "properties": {
    "id": "ipr-kultzar-1159",
    "name": "Koncertní sál Jana Drtiny",
    "subtype": "koncertní sál",
    "typ_uap": "05_04",
    "cooling": "ac",
    "tier": "A",
    "address": "Maltézské náměstí 476/14",
    "web": "www.kjd.cz",
    "bezbar": false,
    "source": "IPR Praha – ÚAP"
   }
  },
  {
   "type": "Feature",
   "geometry": {
    "type": "Point",
    "coordinates": [
     14.389667,
     50.086708
    ]
   },
   "properties": {
    "id": "ipr-kultzar-812",
    "name": "Galerie MIRO",
    "subtype": "galerie",
    "typ_uap": "05_08",
    "cooling": "ac",
    "tier": "A",
    "address": "Strahovské nádvoří 132/1",
    "web": "www.galeriemiro.cz",
    "bezbar": false,
    "source": "IPR Praha – ÚAP"
   }
  },
  {
   "type": "Feature",
   "geometry": {
    "type": "Point",
    "coordinates": [
     14.415116,
     50.07115
    ]
   },
   "properties": {
    "id": "ipr-kultzar-1176",
    "name": "Norm-a galerie, z.s.",
    "subtype": "galerie",
    "typ_uap": "05_08",
    "cooling": "ac",
    "tier": "A",
    "address": "Podskalská 370/31",
    "web": "www.norm-a.com",
    "bezbar": false,
    "source": "IPR Praha – ÚAP"
   }
  },
  {
   "type": "Feature",
   "geometry": {
    "type": "Point",
    "coordinates": [
     14.394598,
     50.10397
    ]
   },
   "properties": {
    "id": "ipr-kultzar-725",
    "name": "ProDivadlo",
    "subtype": "divadlo",
    "typ_uap": "05_01",
    "cooling": "ac",
    "tier": "A",
    "address": "Jugoslávských partyzánů 1580/3",
    "web": "www.prodivadlo.cz/",
    "bezbar": false,
    "source": "IPR Praha – ÚAP"
   }
  },
  {
   "type": "Feature",
   "geometry": {
    "type": "Point",
    "coordinates": [
     14.446235,
     50.083414
    ]
   },
   "properties": {
    "id": "ipr-kultzar-1186",
    "name": "Galerie Lítost",
    "subtype": "galerie",
    "typ_uap": "05_08",
    "cooling": "ac",
    "tier": "A",
    "address": "Vlkova 821/23",
    "web": null,
    "bezbar": false,
    "source": "IPR Praha – ÚAP"
   }
  },
  {
   "type": "Feature",
   "geometry": {
    "type": "Point",
    "coordinates": [
     14.441694,
     50.076903
    ]
   },
   "properties": {
    "id": "ipr-kultzar-1116",
    "name": "ROYAL - Theater, Cinema, Café",
    "subtype": "multifunkční sál",
    "typ_uap": "05_05",
    "cooling": "ac",
    "tier": "A",
    "address": "Vinohradská 2165/48",
    "web": "www.leroyal.cz/",
    "bezbar": false,
    "source": "IPR Praha – ÚAP"
   }
  },
  {
   "type": "Feature",
   "geometry": {
    "type": "Point",
    "coordinates": [
     14.418513,
     50.082027
    ]
   },
   "properties": {
    "id": "ipr-kultzar-832",
    "name": "Reduta Jazz club",
    "subtype": "kulturní dům",
    "typ_uap": "05_03",
    "cooling": "ac",
    "tier": "B",
    "address": "Národní 116/20",
    "web": "www.redutajazzclub.cz",
    "bezbar": false,
    "source": "IPR Praha – ÚAP"
   }
  },
  {
   "type": "Feature",
   "geometry": {
    "type": "Point",
    "coordinates": [
     14.401359,
     50.07108
    ]
   },
   "properties": {
    "id": "ipr-kultzar-1089",
    "name": "Cinestar Anděl",
    "subtype": "kino",
    "typ_uap": "05_02",
    "cooling": "ac",
    "tier": "A",
    "address": "Radlická 3179/1e",
    "web": "www.cinestar.cz/cz/praha5/domu",
    "bezbar": true,
    "source": "IPR Praha – ÚAP"
   }
  },
  {
   "type": "Feature",
   "geometry": {
    "type": "Point",
    "coordinates": [
     14.449489,
     50.088456
    ]
   },
   "properties": {
    "id": "ipr-kultzar-907",
    "name": "Národní památník na Vítkově",
    "subtype": "muzeum",
    "typ_uap": "05_07",
    "cooling": "ac",
    "tier": "A",
    "address": "U památníku 1900",
    "web": "www.nm.cz/Hlavni-strana/Navstivte-nas/Narodni-pamatnik-na-Vitkove.html",
    "bezbar": true,
    "source": "IPR Praha – ÚAP"
   }
  },
  {
   "type": "Feature",
   "geometry": {
    "type": "Point",
    "coordinates": [
     14.397622,
     50.087605
    ]
   },
   "properties": {
    "id": "ipr-kultzar-1070",
    "name": "Italský kulturní institut",
    "subtype": "kulturní institut",
    "typ_uap": "05_09",
    "cooling": "ac",
    "tier": "A",
    "address": "Šporkova 335/14",
    "web": "iicpraga.esteri.it/iic_praga/cs",
    "bezbar": false,
    "source": "IPR Praha – ÚAP"
   }
  },
  {
   "type": "Feature",
   "geometry": {
    "type": "Point",
    "coordinates": [
     14.301668,
     50.065159
    ]
   },
   "properties": {
    "id": "ipr-kultzar-1147",
    "name": "Galerie KC Průhon",
    "subtype": "galerie",
    "typ_uap": "05_08",
    "cooling": "ac",
    "tier": "A",
    "address": "Socháňova 1220/27",
    "web": "www.pruhon.cz",
    "bezbar": true,
    "source": "IPR Praha – ÚAP"
   }
  },
  {
   "type": "Feature",
   "geometry": {
    "type": "Point",
    "coordinates": [
     14.417393,
     50.087395
    ]
   },
   "properties": {
    "id": "ipr-kultzar-1001",
    "name": "Městská knihovna 2.patro",
    "subtype": "muzeum",
    "typ_uap": "05_07",
    "cooling": "ac",
    "tier": "A",
    "address": "Mariánské náměstí 98/1",
    "web": "www.ghmp.cz/mestska-knihovna-2-patro",
    "bezbar": false,
    "source": "IPR Praha – ÚAP"
   }
  },
  {
   "type": "Feature",
   "geometry": {
    "type": "Point",
    "coordinates": [
     14.446258,
     50.071889
    ]
   },
   "properties": {
    "id": "ipr-kultzar-746",
    "name": "Czech Inn Bar",
    "subtype": "literární kavárna",
    "typ_uap": "05_10",
    "cooling": "ac",
    "tier": "B",
    "address": "Francouzská 240/76",
    "web": "https://www.czech-inn.com/czech-inn-bar/#",
    "bezbar": false,
    "source": "IPR Praha – ÚAP"
   }
  },
  {
   "type": "Feature",
   "geometry": {
    "type": "Point",
    "coordinates": [
     14.425881,
     50.090693
    ]
   },
   "properties": {
    "id": "ipr-kultzar-720",
    "name": "Divadlo NoD",
    "subtype": "divadlo",
    "typ_uap": "05_01",
    "cooling": "ac",
    "tier": "A",
    "address": "Dlouhá 731/33",
    "web": "www.nod.roxy.cz",
    "bezbar": true,
    "source": "IPR Praha – ÚAP"
   }
  },
  {
   "type": "Feature",
   "geometry": {
    "type": "Point",
    "coordinates": [
     14.408443,
     50.095293
    ]
   },
   "properties": {
    "id": "ipr-kultzar-997",
    "name": "Bílkova vila",
    "subtype": "muzeum",
    "typ_uap": "05_07",
    "cooling": "ac",
    "tier": "A",
    "address": "Mickiewiczova 233/1",
    "web": "www.ghmp.cz/bilkova-vila",
    "bezbar": false,
    "source": "IPR Praha – ÚAP"
   }
  },
  {
   "type": "Feature",
   "geometry": {
    "type": "Point",
    "coordinates": [
     14.394774,
     50.088289
    ]
   },
   "properties": {
    "id": "ipr-kultzar-917",
    "name": "Galerie Josefa Sudka",
    "subtype": "muzeum",
    "typ_uap": "05_07",
    "cooling": "ac",
    "tier": "A",
    "address": "Úvoz 160/24",
    "web": "www.upm.cz",
    "bezbar": true,
    "source": "IPR Praha – ÚAP"
   }
  },
  {
   "type": "Feature",
   "geometry": {
    "type": "Point",
    "coordinates": [
     14.425473,
     50.086914
    ]
   },
   "properties": {
    "id": "ipr-kultzar-806",
    "name": "Galerie Kubista",
    "subtype": "galerie",
    "typ_uap": "05_08",
    "cooling": "ac",
    "tier": "A",
    "address": "Ovocný trh 569/19",
    "web": "www.kubista.cz",
    "bezbar": false,
    "source": "IPR Praha – ÚAP"
   }
  },
  {
   "type": "Feature",
   "geometry": {
    "type": "Point",
    "coordinates": [
     14.408469,
     50.084031
    ]
   },
   "properties": {
    "id": "ipr-kultzar-939",
    "name": "Museum Kampa",
    "subtype": "muzeum",
    "typ_uap": "05_07",
    "cooling": "ac",
    "tier": "A",
    "address": "U Sovových mlýnů 503/2",
    "web": "www.museumkampa.cz",
    "bezbar": false,
    "source": "IPR Praha – ÚAP"
   }
  },
  {
   "type": "Feature",
   "geometry": {
    "type": "Point",
    "coordinates": [
     14.420571,
     50.085878
    ]
   },
   "properties": {
    "id": "ipr-kultzar-1029",
    "name": "DoubleTrouble Music Bar",
    "subtype": "kulturní dům",
    "typ_uap": "05_03",
    "cooling": "ac",
    "tier": "B",
    "address": "Melantrichova 970/17",
    "web": "www.doubletrouble.cz/",
    "bezbar": false,
    "source": "IPR Praha – ÚAP"
   }
  },
  {
   "type": "Feature",
   "geometry": {
    "type": "Point",
    "coordinates": [
     14.419419,
     50.082593
    ]
   },
   "properties": {
    "id": "ipr-kultzar-834",
    "name": "Muzeum LEGA",
    "subtype": "muzeum",
    "typ_uap": "05_07",
    "cooling": "ac",
    "tier": "A",
    "address": "Národní 362/31",
    "web": "www.muzeumlega.cz/muzeum-praha",
    "bezbar": false,
    "source": "IPR Praha – ÚAP"
   }
  },
  {
   "type": "Feature",
   "geometry": {
    "type": "Point",
    "coordinates": [
     14.412938,
     50.085446
    ]
   },
   "properties": {
    "id": "ipr-kultzar-831",
    "name": "Klub Lávka",
    "subtype": "kulturní dům",
    "typ_uap": "05_03",
    "cooling": "ac",
    "tier": "B",
    "address": "Novotného lávka 201/1",
    "web": "www.lavka.cz/",
    "bezbar": false,
    "source": "IPR Praha – ÚAP"
   }
  },
  {
   "type": "Feature",
   "geometry": {
    "type": "Point",
    "coordinates": [
     14.425067,
     50.088092
    ]
   },
   "properties": {
    "id": "ipr-kultzar-813",
    "name": "Galerie Jakubská",
    "subtype": "galerie",
    "typ_uap": "05_08",
    "cooling": "ac",
    "tier": "A",
    "address": "Jakubská 744/4",
    "web": "www.galeriejakubska.cz",
    "bezbar": false,
    "source": "IPR Praha – ÚAP"
   }
  },
  {
   "type": "Feature",
   "geometry": {
    "type": "Point",
    "coordinates": [
     14.405735,
     50.090541
    ]
   },
   "properties": {
    "id": "ipr-kultzar-1068",
    "name": "Koncertní sál",
    "subtype": "koncertní sál",
    "typ_uap": "05_04",
    "cooling": "ac",
    "tier": "A",
    "address": "Valdštejnská 158/14",
    "web": "www.prgcons.cz",
    "bezbar": false,
    "source": "IPR Praha – ÚAP"
   }
  },
  {
   "type": "Feature",
   "geometry": {
    "type": "Point",
    "coordinates": [
     14.415209,
     50.090172
    ]
   },
   "properties": {
    "id": "ipr-kultzar-1164",
    "name": "Česká filharmonie",
    "subtype": "koncertní sál",
    "typ_uap": "05_04",
    "cooling": "ac",
    "tier": "A",
    "address": "Alšovo nábřeží 79/12",
    "web": "www.rudolfinum.cz/",
    "bezbar": false,
    "source": "IPR Praha – ÚAP"
   }
  },
  {
   "type": "Feature",
   "geometry": {
    "type": "Point",
    "coordinates": [
     14.421865,
     50.087764
    ]
   },
   "properties": {
    "id": "ipr-kultzar-1000",
    "name": "Dům U kamenného zvonu",
    "subtype": "muzeum",
    "typ_uap": "05_07",
    "cooling": "ac",
    "tier": "A",
    "address": "Staroměstské náměstí 605/13",
    "web": "www.ghmp.cz/dum-u-kamenneho-zvonu/",
    "bezbar": false,
    "source": "IPR Praha – ÚAP"
   }
  },
  {
   "type": "Feature",
   "geometry": {
    "type": "Point",
    "coordinates": [
     14.417874,
     50.112964
    ]
   },
   "properties": {
    "id": "ipr-kultzar-1211",
    "name": "Jízdárna",
    "subtype": "kulturní dům",
    "typ_uap": "05_03",
    "cooling": "ac",
    "tier": "B",
    "address": "Císařský ostrov 1098",
    "web": "www.jizdarna.org",
    "bezbar": false,
    "source": "IPR Praha – ÚAP"
   }
  },
  {
   "type": "Feature",
   "geometry": {
    "type": "Point",
    "coordinates": [
     14.426507,
     50.081604
    ]
   },
   "properties": {
    "id": "ipr-kultzar-706",
    "name": "Divadlo Rokoko",
    "subtype": "divadlo",
    "typ_uap": "05_01",
    "cooling": "ac",
    "tier": "A",
    "address": "Václavské náměstí 794/38",
    "web": "www.mestskadivadlaprazska.cz/rokoko/divadlo-rokoko/",
    "bezbar": false,
    "source": "IPR Praha – ÚAP"
   }
  },
  {
   "type": "Feature",
   "geometry": {
    "type": "Point",
    "coordinates": [
     14.433925,
     50.076977
    ]
   },
   "properties": {
    "id": "ipr-kultzar-956",
    "name": "Divadlo Balbínka",
    "subtype": "divadlo",
    "typ_uap": "05_01",
    "cooling": "ac",
    "tier": "A",
    "address": "Balbínova 323/6",
    "web": "www.balbinka.cz/",
    "bezbar": false,
    "source": "IPR Praha – ÚAP"
   }
  },
  {
   "type": "Feature",
   "geometry": {
    "type": "Point",
    "coordinates": [
     14.62171,
     50.114917
    ]
   },
   "properties": {
    "id": "ipr-kultzar-958",
    "name": "Kulturní středisko Domeček",
    "subtype": "divadlo",
    "typ_uap": "05_01",
    "cooling": "ac",
    "tier": "A",
    "address": "Votuzská 322/12",
    "web": "https://www.divadlopocernice.cz/kurzy-v-ks-domecek",
    "bezbar": true,
    "source": "IPR Praha – ÚAP"
   }
  },
  {
   "type": "Feature",
   "geometry": {
    "type": "Point",
    "coordinates": [
     14.414647,
     50.085001
    ]
   },
   "properties": {
    "id": "ipr-kultzar-882",
    "name": "Divadlo Na zábradlí",
    "subtype": "divadlo",
    "typ_uap": "05_01",
    "cooling": "ac",
    "tier": "A",
    "address": "Anenské náměstí 209/5",
    "web": "www.nazabradli.cz",
    "bezbar": false,
    "source": "IPR Praha – ÚAP"
   }
  },
  {
   "type": "Feature",
   "geometry": {
    "type": "Point",
    "coordinates": [
     14.459799,
     50.072391
    ]
   },
   "properties": {
    "id": "ipr-kultzar-955",
    "name": "Divadelní studio Neklid",
    "subtype": "divadlo",
    "typ_uap": "05_01",
    "cooling": "ac",
    "tier": "A",
    "address": "Ruská 827/60",
    "web": "www.divadelnistudioneklid.cz",
    "bezbar": true,
    "source": "IPR Praha – ÚAP"
   }
  },
  {
   "type": "Feature",
   "geometry": {
    "type": "Point",
    "coordinates": [
     14.378383,
     50.092514
    ]
   },
   "properties": {
    "id": "ipr-kultzar-891",
    "name": "Müllerova vila",
    "subtype": "muzeum",
    "typ_uap": "05_07",
    "cooling": "ac",
    "tier": "A",
    "address": "Nad hradním vodojemem 642/14",
    "web": "www.mullerovavila.cz",
    "bezbar": false,
    "source": "IPR Praha – ÚAP"
   }
  },
  {
   "type": "Feature",
   "geometry": {
    "type": "Point",
    "coordinates": [
     14.415331,
     50.085016
    ]
   },
   "properties": {
    "id": "ipr-kultzar-1114",
    "name": "Pražská křižovatka - kostel sv. Anny",
    "subtype": "multifunkční sál",
    "typ_uap": "05_05",
    "cooling": "ac",
    "tier": "A",
    "address": "Zlatá 211/1",
    "web": "www.prazskakrizovatka.cz/",
    "bezbar": false,
    "source": "IPR Praha – ÚAP"
   }
  },
  {
   "type": "Feature",
   "geometry": {
    "type": "Point",
    "coordinates": [
     14.424409,
     50.072259
    ]
   },
   "properties": {
    "id": "ipr-kultzar-918",
    "name": "Hrdličkovo muzeum člověka Univerzity Karlovy",
    "subtype": "muzeum",
    "typ_uap": "05_07",
    "cooling": "ac",
    "tier": "A",
    "address": "Viničná 1594/7",
    "web": "www.muzeumcloveka.cz",
    "bezbar": false,
    "source": "IPR Praha – ÚAP"
   }
  },
  {
   "type": "Feature",
   "geometry": {
    "type": "Point",
    "coordinates": [
     14.432651,
     50.098385
    ]
   },
   "properties": {
    "id": "ipr-kultzar-801",
    "name": "Galerie Jelení",
    "subtype": "galerie",
    "typ_uap": "05_08",
    "cooling": "ac",
    "tier": "A",
    "address": "Dukelských hrdinů 500/25a",
    "web": "www.fcca.cz",
    "bezbar": true,
    "source": "IPR Praha – ÚAP"
   }
  },
  {
   "type": "Feature",
   "geometry": {
    "type": "Point",
    "coordinates": [
     14.517837,
     50.053415
    ]
   },
   "properties": {
    "id": "ipr-kultzar-1103",
    "name": "Premiere Cinemas Hostivař",
    "subtype": "kino",
    "typ_uap": "05_02",
    "cooling": "ac",
    "tier": "A",
    "address": "Švehlova 1391/32",
    "web": "www.premierecinemas.cz",
    "bezbar": true,
    "source": "IPR Praha – ÚAP"
   }
  },
  {
   "type": "Feature",
   "geometry": {
    "type": "Point",
    "coordinates": [
     14.461297,
     50.078295
    ]
   },
   "properties": {
    "id": "ipr-kultzar-833",
    "name": "Cinema City Flora",
    "subtype": "kino",
    "typ_uap": "05_02",
    "cooling": "ac",
    "tier": "A",
    "address": "Vinohradská 2828/151",
    "web": "www.cinemacity.cz/Flora",
    "bezbar": true,
    "source": "IPR Praha – ÚAP"
   }
  },
  {
   "type": "Feature",
   "geometry": {
    "type": "Point",
    "coordinates": [
     14.424808,
     50.088078
    ]
   },
   "properties": {
    "id": "ipr-kultzar-975",
    "name": "Chapeau Rouge",
    "subtype": "kulturní dům",
    "typ_uap": "05_03",
    "cooling": "ac",
    "tier": "B",
    "address": "Jakubská 647/2",
    "web": "www.chapeaurouge.cz",
    "bezbar": false,
    "source": "IPR Praha – ÚAP"
   }
  },
  {
   "type": "Feature",
   "geometry": {
    "type": "Point",
    "coordinates": [
     14.416314,
     50.089929
    ]
   },
   "properties": {
    "id": "ipr-kultzar-848",
    "name": "Uměleckoprůmyslové muzeum v Praze",
    "subtype": "muzeum",
    "typ_uap": "05_07",
    "cooling": "ac",
    "tier": "A",
    "address": "17. listopadu 2/2",
    "web": "www.upm.cz",
    "bezbar": true,
    "source": "IPR Praha – ÚAP"
   }
  },
  {
   "type": "Feature",
   "geometry": {
    "type": "Point",
    "coordinates": [
     14.494383,
     50.099456
    ]
   },
   "properties": {
    "id": "ipr-kultzar-752",
    "name": "Modrá vopice",
    "subtype": "kulturní dům",
    "typ_uap": "05_03",
    "cooling": "ac",
    "tier": "B",
    "address": "K Žižkovu 381/1",
    "web": "modravopice.eu",
    "bezbar": false,
    "source": "IPR Praha – ÚAP"
   }
  },
  {
   "type": "Feature",
   "geometry": {
    "type": "Point",
    "coordinates": [
     14.423896,
     50.085816
    ]
   },
   "properties": {
    "id": "ipr-kultzar-1013",
    "name": "Dorotheum",
    "subtype": "galerie",
    "typ_uap": "05_08",
    "cooling": "ac",
    "tier": "A",
    "address": "Ovocný trh 580/2",
    "web": "www.dorotheum.com",
    "bezbar": false,
    "source": "IPR Praha – ÚAP"
   }
  },
  {
   "type": "Feature",
   "geometry": {
    "type": "Point",
    "coordinates": [
     14.442152,
     50.108875
    ]
   },
   "properties": {
    "id": "ipr-kultzar-1207",
    "name": "Muzeum PRE",
    "subtype": "muzeum",
    "typ_uap": "05_07",
    "cooling": "ac",
    "tier": "A",
    "address": "Jankovcova 960/40",
    "web": "www.pre.cz/muzeum",
    "bezbar": false,
    "source": "IPR Praha – ÚAP"
   }
  },
  {
   "type": "Feature",
   "geometry": {
    "type": "Point",
    "coordinates": [
     14.398102,
     50.092854
    ]
   },
   "properties": {
    "id": "ipr-kultzar-915",
    "name": "Jízdárna Pražského hradu",
    "subtype": "muzeum",
    "typ_uap": "05_07",
    "cooling": "ac",
    "tier": "A",
    "address": "U Prašného mostu 55/3",
    "web": "www.hrad.cz/cs/kultura-na-hrade",
    "bezbar": false,
    "source": "IPR Praha – ÚAP"
   }
  },
  {
   "type": "Feature",
   "geometry": {
    "type": "Point",
    "coordinates": [
     14.450488,
     50.103353
    ]
   },
   "properties": {
    "id": "ipr-kultzar-1093",
    "name": "Kino 43",
    "subtype": "kino",
    "typ_uap": "05_02",
    "cooling": "ac",
    "tier": "A",
    "address": "Dělnická 475/43",
    "web": "www.paralelnipolis.cz/",
    "bezbar": false,
    "source": "IPR Praha – ÚAP"
   }
  },
  {
   "type": "Feature",
   "geometry": {
    "type": "Point",
    "coordinates": [
     14.43131,
     50.074768
    ]
   },
   "properties": {
    "id": "ipr-kultzar-1076",
    "name": "Le Mirage - Lublaňská",
    "subtype": "kulturní dům",
    "typ_uap": "05_03",
    "cooling": "ac",
    "tier": "B",
    "address": "Lublaňská 647/48",
    "web": "www.lemirage.cz/",
    "bezbar": false,
    "source": "IPR Praha – ÚAP"
   }
  },
  {
   "type": "Feature",
   "geometry": {
    "type": "Point",
    "coordinates": [
     14.424005,
     50.102709
    ]
   },
   "properties": {
    "id": "ipr-kultzar-851",
    "name": "Galerie AVU",
    "subtype": "galerie",
    "typ_uap": "05_08",
    "cooling": "ac",
    "tier": "A",
    "address": "U akademie 172/4",
    "web": "https://avu.cz/stranka/budovy",
    "bezbar": true,
    "source": "IPR Praha – ÚAP"
   }
  },
  {
   "type": "Feature",
   "geometry": {
    "type": "Point",
    "coordinates": [
     14.443174,
     50.10818
    ]
   },
   "properties": {
    "id": "ipr-kultzar-968",
    "name": "Cross Attic",
    "subtype": "divadlo",
    "typ_uap": "05_01",
    "cooling": "ac",
    "tier": "A",
    "address": "Plynární 1096/23",
    "web": "https://www.crossattic.com",
    "bezbar": false,
    "source": "IPR Praha – ÚAP"
   }
  },
  {
   "type": "Feature",
   "geometry": {
    "type": "Point",
    "coordinates": [
     14.392561,
     50.080882
    ]
   },
   "properties": {
    "id": "ipr-kultzar-979",
    "name": "Klub 007 Strahov",
    "subtype": "kulturní dům",
    "typ_uap": "05_03",
    "cooling": "ac",
    "tier": "B",
    "address": "Chaloupeckého 1915/7",
    "web": "www.klub007strahov.cz",
    "bezbar": false,
    "source": "IPR Praha – ÚAP"
   }
  },
  {
   "type": "Feature",
   "geometry": {
    "type": "Point",
    "coordinates": [
     14.564022,
     50.149316
    ]
   },
   "properties": {
    "id": "ipr-kultzar-893",
    "name": "Zámecký areál Ctěnice",
    "subtype": "muzeum",
    "typ_uap": "05_07",
    "cooling": "ac",
    "tier": "A",
    "address": "Bohdanečská 259",
    "web": "https://www.muzeumprahy.cz/objekty/zamecky-areal-ctenice-3",
    "bezbar": false,
    "source": "IPR Praha – ÚAP"
   }
  },
  {
   "type": "Feature",
   "geometry": {
    "type": "Point",
    "coordinates": [
     14.451764,
     50.085057
    ]
   },
   "properties": {
    "id": "ipr-kultzar-1180",
    "name": "Bar Behind The Curtain",
    "subtype": "kulturní dům",
    "typ_uap": "05_03",
    "cooling": "ac",
    "tier": "B",
    "address": "Štítného 710/30",
    "web": null,
    "bezbar": false,
    "source": "IPR Praha – ÚAP"
   }
  },
  {
   "type": "Feature",
   "geometry": {
    "type": "Point",
    "coordinates": [
     14.428763,
     50.087376
    ]
   },
   "properties": {
    "id": "ipr-kultzar-871",
    "name": "Divadlo Hybernia",
    "subtype": "divadlo",
    "typ_uap": "05_01",
    "cooling": "ac",
    "tier": "A",
    "address": "náměstí Republiky 3/4",
    "web": "www.hybernia.eu",
    "bezbar": true,
    "source": "IPR Praha – ÚAP"
   }
  },
  {
   "type": "Feature",
   "geometry": {
    "type": "Point",
    "coordinates": [
     14.40231,
     50.08767
    ]
   },
   "properties": {
    "id": "ipr-kultzar-993",
    "name": "Galerie AMU",
    "subtype": "galerie",
    "typ_uap": "05_08",
    "cooling": "ac",
    "tier": "A",
    "address": "Malostranské náměstí 259/12",
    "web": "www.gamu.cz",
    "bezbar": false,
    "source": "IPR Praha – ÚAP"
   }
  },
  {
   "type": "Feature",
   "geometry": {
    "type": "Point",
    "coordinates": [
     14.436974,
     50.076064
    ]
   },
   "properties": {
    "id": "ipr-kultzar-881",
    "name": "Divadlo Na Vinohradech",
    "subtype": "divadlo",
    "typ_uap": "05_01",
    "cooling": "ac",
    "tier": "A",
    "address": "náměstí Míru 1450/7",
    "web": "www.divadlonavinohradech.com/",
    "bezbar": false,
    "source": "IPR Praha – ÚAP"
   }
  },
  {
   "type": "Feature",
   "geometry": {
    "type": "Point",
    "coordinates": [
     14.42213,
     50.082479
    ]
   },
   "properties": {
    "id": "ipr-kultzar-805",
    "name": "Galerie kritiků",
    "subtype": "galerie",
    "typ_uap": "05_08",
    "cooling": "ac",
    "tier": "A",
    "address": "Jungmannova 36/31",
    "web": "www.galeriekritiku.cz",
    "bezbar": false,
    "source": "IPR Praha – ÚAP"
   }
  },
  {
   "type": "Feature",
   "geometry": {
    "type": "Point",
    "coordinates": [
     14.456112,
     50.124081
    ]
   },
   "properties": {
    "id": "ipr-kultzar-704",
    "name": "Loutkové divadlo Jiskra",
    "subtype": "divadlo",
    "typ_uap": "05_01",
    "cooling": "ac",
    "tier": "A",
    "address": "Klapkova 3/26",
    "web": "www.divadlokh.cz",
    "bezbar": true,
    "source": "IPR Praha – ÚAP"
   }
  },
  {
   "type": "Feature",
   "geometry": {
    "type": "Point",
    "coordinates": [
     14.453097,
     50.081879
    ]
   },
   "properties": {
    "id": "ipr-kultzar-1139",
    "name": "Atrium na Žižkově",
    "subtype": "galerie",
    "typ_uap": "05_08",
    "cooling": "ac",
    "tier": "A",
    "address": "Čajkovského 12/12a",
    "web": "www.atriumzizkov.cz",
    "bezbar": true,
    "source": "IPR Praha – ÚAP"
   }
  },
  {
   "type": "Feature",
   "geometry": {
    "type": "Point",
    "coordinates": [
     14.38891,
     50.087131
    ]
   },
   "properties": {
    "id": "ipr-kultzar-835",
    "name": "Muzeum miniatur v Praze",
    "subtype": "muzeum",
    "typ_uap": "05_07",
    "cooling": "ac",
    "tier": "A",
    "address": "Strahovské nádvoří 302/11",
    "web": "www.muzeumminiatur.cz",
    "bezbar": false,
    "source": "IPR Praha – ÚAP"
   }
  },
  {
   "type": "Feature",
   "geometry": {
    "type": "Point",
    "coordinates": [
     14.426614,
     50.082501
    ]
   },
   "properties": {
    "id": "ipr-kultzar-760",
    "name": "Duplex",
    "subtype": "kulturní dům",
    "typ_uap": "05_03",
    "cooling": "ac",
    "tier": "B",
    "address": "Václavské náměstí 831/21",
    "web": "www.duplex.cz/cs/",
    "bezbar": false,
    "source": "IPR Praha – ÚAP"
   }
  },
  {
   "type": "Feature",
   "geometry": {
    "type": "Point",
    "coordinates": [
     14.428731,
     50.087729
    ]
   },
   "properties": {
    "id": "ipr-kultzar-1055",
    "name": "Slovenský institut v Praze",
    "subtype": "kulturní institut",
    "typ_uap": "05_09",
    "cooling": "ac",
    "tier": "A",
    "address": "Náměstí Republiky 1037/3",
    "web": "www.mzv.sk/web/sipraha/",
    "bezbar": false,
    "source": "IPR Praha – ÚAP"
   }
  },
  {
   "type": "Feature",
   "geometry": {
    "type": "Point",
    "coordinates": [
     14.417558,
     50.083072
    ]
   },
   "properties": {
    "id": "ipr-kultzar-1026",
    "name": "Friends",
    "subtype": "kulturní dům",
    "typ_uap": "05_03",
    "cooling": "ac",
    "tier": "B",
    "address": "Bartolomějská 291/11",
    "web": "www.friendsclub.cz/",
    "bezbar": false,
    "source": "IPR Praha – ÚAP"
   }
  },
  {
   "type": "Feature",
   "geometry": {
    "type": "Point",
    "coordinates": [
     14.420864,
     50.090581
    ]
   },
   "properties": {
    "id": "ipr-kultzar-923",
    "name": "Galerie Roberta Guttmanna",
    "subtype": "muzeum",
    "typ_uap": "05_07",
    "cooling": "ac",
    "tier": "A",
    "address": "U staré školy 153/3",
    "web": "www.jewishmuseum.cz/pamatky-a-expozice/pamatky/galerie-roberta-guttmanna/",
    "bezbar": false,
    "source": "IPR Praha – ÚAP"
   }
  },
  {
   "type": "Feature",
   "geometry": {
    "type": "Point",
    "coordinates": [
     14.445003,
     50.085578
    ]
   },
   "properties": {
    "id": "ipr-kultzar-1188",
    "name": "Výstavní síň Antonína Navrátila - Nové sdružení pražských umělců",
    "subtype": "galerie",
    "typ_uap": "05_08",
    "cooling": "ac",
    "tier": "A",
    "address": "Husinecká 830/8",
    "web": "www.nspu.cz",
    "bezbar": false,
    "source": "IPR Praha – ÚAP"
   }
  },
  {
   "type": "Feature",
   "geometry": {
    "type": "Point",
    "coordinates": [
     14.389919,
     50.094201
    ]
   },
   "properties": {
    "id": "ipr-kultzar-995",
    "name": "Muzeum městské hromadné dopravy v Praze",
    "subtype": "muzeum",
    "typ_uap": "05_07",
    "cooling": "ac",
    "tier": "A",
    "address": "Patočkova 460/4",
    "web": "www.dpp.cz/muzeum-mhd/",
    "bezbar": true,
    "source": "IPR Praha – ÚAP"
   }
  },
  {
   "type": "Feature",
   "geometry": {
    "type": "Point",
    "coordinates": [
     14.448862,
     50.082949
    ]
   },
   "properties": {
    "id": "ipr-kultzar-1191",
    "name": "OKOLO Gallery",
    "subtype": "galerie",
    "typ_uap": "05_08",
    "cooling": "ac",
    "tier": "A",
    "address": "Bořivojova 832/77",
    "web": "http://www.okologallery.cz/",
    "bezbar": false,
    "source": "IPR Praha – ÚAP"
   }
  },
  {
   "type": "Feature",
   "geometry": {
    "type": "Point",
    "coordinates": [
     14.426926,
     50.07369
    ]
   },
   "properties": {
    "id": "ipr-kultzar-901",
    "name": "Muzeum Antonína Dvořáka",
    "subtype": "muzeum",
    "typ_uap": "05_07",
    "cooling": "ac",
    "tier": "A",
    "address": "Ke Karlovu 462/20",
    "web": "www.nm.cz/Hlavni-strana/Navstivte-nas/Muzeum-Antonina-Dvoraka.html",
    "bezbar": false,
    "source": "IPR Praha – ÚAP"
   }
  },
  {
   "type": "Feature",
   "geometry": {
    "type": "Point",
    "coordinates": [
     14.405976,
     50.086724
    ]
   },
   "properties": {
    "id": "ipr-kultzar-1014",
    "name": "Arcimboldo",
    "subtype": "galerie",
    "typ_uap": "05_08",
    "cooling": "ac",
    "tier": "A",
    "address": "Lázeňská 287/4",
    "web": "www.arcimboldo.cz",
    "bezbar": false,
    "source": "IPR Praha – ÚAP"
   }
  },
  {
   "type": "Feature",
   "geometry": {
    "type": "Point",
    "coordinates": [
     14.428763,
     50.084055
    ]
   },
   "properties": {
    "id": "ipr-kultzar-1131",
    "name": "Muzeum smyslů (Museum of Senses)",
    "subtype": "muzeum",
    "typ_uap": "05_07",
    "cooling": "ac",
    "tier": "A",
    "address": "Jindřišská 939/20",
    "web": null,
    "bezbar": false,
    "source": "IPR Praha – ÚAP"
   }
  },
  {
   "type": "Feature",
   "geometry": {
    "type": "Point",
    "coordinates": [
     14.408024,
     50.085456
    ]
   },
   "properties": {
    "id": "ipr-kultzar-1125",
    "name": "Werichova vila",
    "subtype": "muzeum",
    "typ_uap": "05_07",
    "cooling": "ac",
    "tier": "A",
    "address": "U sovových mlýnů 501/7",
    "web": "www.werichovavila.cz",
    "bezbar": false,
    "source": "IPR Praha – ÚAP"
   }
  },
  {
   "type": "Feature",
   "geometry": {
    "type": "Point",
    "coordinates": [
     14.418662,
     50.088781
    ]
   },
   "properties": {
    "id": "ipr-kultzar-928",
    "name": "Maiselova synagoga",
    "subtype": "muzeum",
    "typ_uap": "05_07",
    "cooling": "ac",
    "tier": "A",
    "address": "Maiselova 63/10",
    "web": "www.jewishmuseum.cz",
    "bezbar": true,
    "source": "IPR Praha – ÚAP"
   }
  },
  {
   "type": "Feature",
   "geometry": {
    "type": "Point",
    "coordinates": [
     14.414167,
     50.084354
    ]
   },
   "properties": {
    "id": "ipr-kultzar-742",
    "name": "Fox Gallery",
    "subtype": "galerie",
    "typ_uap": "05_08",
    "cooling": "ac",
    "tier": "A",
    "address": "Karoliny Světlé 276/32",
    "web": "www.foxgallery.cz",
    "bezbar": false,
    "source": "IPR Praha – ÚAP"
   }
  },
  {
   "type": "Feature",
   "geometry": {
    "type": "Point",
    "coordinates": [
     14.427255,
     50.079125
    ]
   },
   "properties": {
    "id": "ipr-kultzar-912",
    "name": "Galerie Smečky",
    "subtype": "muzeum",
    "typ_uap": "05_07",
    "cooling": "ac",
    "tier": "A",
    "address": "Ve Smečkách 2091/24",
    "web": "www.galeriesmecky.cz",
    "bezbar": false,
    "source": "IPR Praha – ÚAP"
   }
  }
 ]
}
