{
 "type": "FeatureCollection",
 "metadata": {
  "title": "Chládek – chladná veřejná místa v Praze",
  "attribution": "© OpenStreetMap přispěvatelé (ODbL) + ruční kurace IE",
  "generated": "2026-09-14T09:45:50Z",
  "count": 947
 },
 "features": [
  {
   "type": "Feature",
   "geometry": {
    "type": "Point",
    "coordinates": [
     14.4173,
     50.049
    ]
   },
   "properties": {
    "id": "manual-18",
    "name": "Plavecký stadion Podolí",
    "category": "pool",
    "cooling": "ac",
    "typical_c": null,
    "free_entry": false,
    "opening_hours": "Mo-Su 06:00-21:30",
    "address": "Podolská 74, Praha 4",
    "source": "manual",
    "note": "Krytý i venkovní bazén"
   }
  },
  {
   "type": "Feature",
   "geometry": {
    "type": "Point",
    "coordinates": [
     14.4528,
     50.1308
    ]
   },
   "properties": {
    "id": "manual-19",
    "name": "Bazén Šutka",
    "category": "pool",
    "cooling": "ac",
    "typical_c": null,
    "free_entry": false,
    "opening_hours": "Mo-Su 06:00-22:00",
    "address": "Nad Šutkou 41, Praha 8",
    "source": "manual",
    "note": "Krytý plavecký areál"
   }
  },
  {
   "type": "Feature",
   "geometry": {
    "type": "Point",
    "coordinates": [
     14.5747,
     49.9967
    ]
   },
   "properties": {
    "id": "manual-20",
    "name": "Aquapalace Praha Čestlice",
    "category": "pool",
    "cooling": "ac",
    "typical_c": null,
    "free_entry": false,
    "opening_hours": "Mo-Su 10:00-22:00",
    "address": "Pražská 138, Čestlice",
    "source": "manual",
    "note": "Velký aquapark u Prahy"
   }
  },
  {
   "type": "Feature",
   "geometry": {
    "type": "Point",
    "coordinates": [
     14.453,
     50.131
    ]
   },
   "properties": {
    "id": "manual-21",
    "name": "Aquacentrum Šutka",
    "category": "pool",
    "cooling": "ac",
    "typical_c": null,
    "free_entry": false,
    "opening_hours": "Mo-Su 06:00-22:00",
    "address": "Nad Šutkou 41, Praha 8",
    "source": "manual",
    "note": null
   }
  },
  {
   "type": "Feature",
   "geometry": {
    "type": "Point",
    "coordinates": [
     14.5274,
     50.1107
    ]
   },
   "properties": {
    "id": "manual-22",
    "name": "Plavecký areál Hloubětín",
    "category": "pool",
    "cooling": "ac",
    "typical_c": null,
    "free_entry": false,
    "opening_hours": "Mo-Su 06:00-21:00",
    "address": "Hloubětínská 80, Praha 9",
    "source": "manual",
    "note": null
   }
  },
  {
   "type": "Feature",
   "geometry": {
    "type": "Point",
    "coordinates": [
     14.432364,
     50.086003
    ]
   },
   "properties": {
    "id": "ipr-pitka-1",
    "name": "Pítko Senovážné náměstí",
    "category": "fountain",
    "cooling": "water",
    "typical_c": null,
    "free_entry": null,
    "opening_hours": null,
    "address": null,
    "source": "ipr",
    "note": null
   }
  },
  {
   "type": "Feature",
   "geometry": {
    "type": "Point",
    "coordinates": [
     14.413199,
     50.077914
    ]
   },
   "properties": {
    "id": "ipr-pitka-2",
    "name": "Pítko Slovanský ostrov",
    "category": "fountain",
    "cooling": "water",
    "typical_c": null,
    "free_entry": null,
    "opening_hours": null,
    "address": null,
    "source": "ipr",
    "note": "správce: PVS a.s."
   }
  },
  {
   "type": "Feature",
   "geometry": {
    "type": "Point",
    "coordinates": [
     14.450961,
     50.084329
    ]
   },
   "properties": {
    "id": "ipr-pitka-3",
    "name": "Pítko Sladkovského náměstí",
    "category": "fountain",
    "cooling": "water",
    "typical_c": null,
    "free_entry": null,
    "opening_hours": null,
    "address": null,
    "source": "ipr",
    "note": null
   }
  },
  {
   "type": "Feature",
   "geometry": {
    "type": "Point",
    "coordinates": [
     14.504228,
     50.136285
    ]
   },
   "properties": {
    "id": "ipr-pitka-4",
    "name": "Pítko v parku před obchodním centem Letňany",
    "category": "fountain",
    "cooling": "water",
    "typical_c": null,
    "free_entry": null,
    "opening_hours": null,
    "address": null,
    "source": "ipr",
    "note": null
   }
  },
  {
   "type": "Feature",
   "geometry": {
    "type": "Point",
    "coordinates": [
     14.419064,
     50.040704
    ]
   },
   "properties": {
    "id": "ipr-pitka-5",
    "name": "Pítko Zelený pruh",
    "category": "fountain",
    "cooling": "water",
    "typical_c": null,
    "free_entry": null,
    "opening_hours": null,
    "address": null,
    "source": "ipr",
    "note": null
   }
  },
  {
   "type": "Feature",
   "geometry": {
    "type": "Point",
    "coordinates": [
     14.486192,
     50.050022
    ]
   },
   "properties": {
    "id": "ipr-pitka-6",
    "name": "Pítko Měchenická",
    "category": "fountain",
    "cooling": "water",
    "typical_c": null,
    "free_entry": null,
    "opening_hours": null,
    "address": null,
    "source": "ipr",
    "note": null
   }
  },
  {
   "type": "Feature",
   "geometry": {
    "type": "Point",
    "coordinates": [
     14.458556,
     50.068452
    ]
   },
   "properties": {
    "id": "ipr-pitka-7",
    "name": "Pítko náměstí Svatopluka Čecha",
    "category": "fountain",
    "cooling": "water",
    "typical_c": null,
    "free_entry": null,
    "opening_hours": null,
    "address": null,
    "source": "ipr",
    "note": null
   }
  },
  {
   "type": "Feature",
   "geometry": {
    "type": "Point",
    "coordinates": [
     14.425637,
     50.030642
    ]
   },
   "properties": {
    "id": "ipr-pitka-8",
    "name": "Pítko Mikuleckého",
    "category": "fountain",
    "cooling": "water",
    "typical_c": null,
    "free_entry": null,
    "opening_hours": null,
    "address": null,
    "source": "ipr",
    "note": null
   }
  },
  {
   "type": "Feature",
   "geometry": {
    "type": "Point",
    "coordinates": [
     14.362113,
     49.98167
    ]
   },
   "properties": {
    "id": "ipr-pitka-9",
    "name": "Pítko Radotín",
    "category": "fountain",
    "cooling": "water",
    "typical_c": null,
    "free_entry": null,
    "opening_hours": null,
    "address": null,
    "source": "ipr",
    "note": null
   }
  },
  {
   "type": "Feature",
   "geometry": {
    "type": "Point",
    "coordinates": [
     14.410968,
     49.991162
    ]
   },
   "properties": {
    "id": "ipr-pitka-10",
    "name": "Pítko Komořanské náměstí",
    "category": "fountain",
    "cooling": "water",
    "typical_c": null,
    "free_entry": null,
    "opening_hours": null,
    "address": null,
    "source": "ipr",
    "note": null
   }
  },
  {
   "type": "Feature",
   "geometry": {
    "type": "Point",
    "coordinates": [
     14.494411,
     50.070834
    ]
   },
   "properties": {
    "id": "ipr-pitka-11",
    "name": "Pítko V Zátočce",
    "category": "fountain",
    "cooling": "water",
    "typical_c": null,
    "free_entry": null,
    "opening_hours": null,
    "address": null,
    "source": "ipr",
    "note": null
   }
  },
  {
   "type": "Feature",
   "geometry": {
    "type": "Point",
    "coordinates": [
     14.422956,
     50.090803
    ]
   },
   "properties": {
    "id": "ipr-pitka-12",
    "name": "Pítko U Obecního dvora",
    "category": "fountain",
    "cooling": "water",
    "typical_c": null,
    "free_entry": null,
    "opening_hours": null,
    "address": null,
    "source": "ipr",
    "note": null
   }
  },
  {
   "type": "Feature",
   "geometry": {
    "type": "Point",
    "coordinates": [
     14.454777,
     50.070553
    ]
   },
   "properties": {
    "id": "ipr-pitka-13",
    "name": "Pítko Heroldovy sady",
    "category": "fountain",
    "cooling": "water",
    "typical_c": null,
    "free_entry": null,
    "opening_hours": null,
    "address": null,
    "source": "ipr",
    "note": "omezená přístupnost"
   }
  },
  {
   "type": "Feature",
   "geometry": {
    "type": "Point",
    "coordinates": [
     14.422923,
     50.060055
    ]
   },
   "properties": {
    "id": "ipr-pitka-14",
    "name": "Pítko Na Topolce",
    "category": "fountain",
    "cooling": "water",
    "typical_c": null,
    "free_entry": null,
    "opening_hours": null,
    "address": null,
    "source": "ipr",
    "note": null
   }
  },
  {
   "type": "Feature",
   "geometry": {
    "type": "Point",
    "coordinates": [
     14.419944,
     50.096019
    ]
   },
   "properties": {
    "id": "ipr-pitka-15",
    "name": "Pítko Letenské sady",
    "category": "fountain",
    "cooling": "water",
    "typical_c": null,
    "free_entry": null,
    "opening_hours": null,
    "address": null,
    "source": "ipr",
    "note": null
   }
  },
  {
   "type": "Feature",
   "geometry": {
    "type": "Point",
    "coordinates": [
     14.470222,
     50.084684
    ]
   },
   "properties": {
    "id": "ipr-pitka-16",
    "name": "Pítko Olšanská",
    "category": "fountain",
    "cooling": "water",
    "typical_c": null,
    "free_entry": null,
    "opening_hours": null,
    "address": null,
    "source": "ipr",
    "note": null
   }
  },
  {
   "type": "Feature",
   "geometry": {
    "type": "Point",
    "coordinates": [
     14.403543,
     50.07932
    ]
   },
   "properties": {
    "id": "ipr-pitka-17",
    "name": "Pítko Holečkova",
    "category": "fountain",
    "cooling": "water",
    "typical_c": null,
    "free_entry": null,
    "opening_hours": null,
    "address": null,
    "source": "ipr",
    "note": "omezená přístupnost"
   }
  },
  {
   "type": "Feature",
   "geometry": {
    "type": "Point",
    "coordinates": [
     14.490525,
     50.044221
    ]
   },
   "properties": {
    "id": "ipr-pitka-18",
    "name": "Pítko Senohrabská",
    "category": "fountain",
    "cooling": "water",
    "typical_c": null,
    "free_entry": null,
    "opening_hours": null,
    "address": null,
    "source": "ipr",
    "note": null
   }
  },
  {
   "type": "Feature",
   "geometry": {
    "type": "Point",
    "coordinates": [
     14.466061,
     50.108867
    ]
   },
   "properties": {
    "id": "ipr-pitka-19",
    "name": "Pítko U Českých loděnic",
    "category": "fountain",
    "cooling": "water",
    "typical_c": null,
    "free_entry": null,
    "opening_hours": null,
    "address": null,
    "source": "ipr",
    "note": null
   }
  },
  {
   "type": "Feature",
   "geometry": {
    "type": "Point",
    "coordinates": [
     14.441207,
     50.085055
    ]
   },
   "properties": {
    "id": "ipr-pitka-20",
    "name": "Pítko náměstí Winstona Churchilla",
    "category": "fountain",
    "cooling": "water",
    "typical_c": null,
    "free_entry": null,
    "opening_hours": null,
    "address": null,
    "source": "ipr",
    "note": null
   }
  },
  {
   "type": "Feature",
   "geometry": {
    "type": "Point",
    "coordinates": [
     14.496964,
     50.035943
    ]
   },
   "properties": {
    "id": "ipr-pitka-21",
    "name": "Pítko v parku u Chodovské tvrze",
    "category": "fountain",
    "cooling": "water",
    "typical_c": null,
    "free_entry": null,
    "opening_hours": null,
    "address": null,
    "source": "ipr",
    "note": "omezená přístupnost"
   }
  },
  {
   "type": "Feature",
   "geometry": {
    "type": "Point",
    "coordinates": [
     14.304891,
     50.089237
    ]
   },
   "properties": {
    "id": "ipr-pitka-23",
    "name": "Pítko U Valu",
    "category": "fountain",
    "cooling": "water",
    "typical_c": null,
    "free_entry": null,
    "opening_hours": null,
    "address": null,
    "source": "ipr",
    "note": null
   }
  },
  {
   "type": "Feature",
   "geometry": {
    "type": "Point",
    "coordinates": [
     14.3057,
     50.089845
    ]
   },
   "properties": {
    "id": "ipr-pitka-24",
    "name": "Pítko U Hvězdné cesty",
    "category": "fountain",
    "cooling": "water",
    "typical_c": null,
    "free_entry": null,
    "opening_hours": null,
    "address": null,
    "source": "ipr",
    "note": null
   }
  },
  {
   "type": "Feature",
   "geometry": {
    "type": "Point",
    "coordinates": [
     14.307456,
     50.090784
    ]
   },
   "properties": {
    "id": "ipr-pitka-25",
    "name": "Pítko u kuličkového hřiště",
    "category": "fountain",
    "cooling": "water",
    "typical_c": null,
    "free_entry": null,
    "opening_hours": null,
    "address": null,
    "source": "ipr",
    "note": null
   }
  },
  {
   "type": "Feature",
   "geometry": {
    "type": "Point",
    "coordinates": [
     14.308247,
     50.089726
    ]
   },
   "properties": {
    "id": "ipr-pitka-26",
    "name": "Pítko Žukovského",
    "category": "fountain",
    "cooling": "water",
    "typical_c": null,
    "free_entry": null,
    "opening_hours": null,
    "address": null,
    "source": "ipr",
    "note": null
   }
  },
  {
   "type": "Feature",
   "geometry": {
    "type": "Point",
    "coordinates": [
     14.306688,
     50.088689
    ]
   },
   "properties": {
    "id": "ipr-pitka-27",
    "name": "Pítko Ciolkovského",
    "category": "fountain",
    "cooling": "water",
    "typical_c": null,
    "free_entry": null,
    "opening_hours": null,
    "address": null,
    "source": "ipr",
    "note": null
   }
  },
  {
   "type": "Feature",
   "geometry": {
    "type": "Point",
    "coordinates": [
     14.47605,
     50.04246
    ]
   },
   "properties": {
    "id": "ipr-pitka-28",
    "name": "Pítko Roztylské sady",
    "category": "fountain",
    "cooling": "water",
    "typical_c": null,
    "free_entry": null,
    "opening_hours": null,
    "address": null,
    "source": "ipr",
    "note": null
   }
  },
  {
   "type": "Feature",
   "geometry": {
    "type": "Point",
    "coordinates": [
     14.42523,
     50.096042
    ]
   },
   "properties": {
    "id": "ipr-pitka-29",
    "name": "Pítko Letenské sady",
    "category": "fountain",
    "cooling": "water",
    "typical_c": null,
    "free_entry": null,
    "opening_hours": null,
    "address": null,
    "source": "ipr",
    "note": null
   }
  },
  {
   "type": "Feature",
   "geometry": {
    "type": "Point",
    "coordinates": [
     14.419702,
     50.05527
    ]
   },
   "properties": {
    "id": "ipr-pitka-31",
    "name": "Pítko Podolská",
    "category": "fountain",
    "cooling": "water",
    "typical_c": null,
    "free_entry": null,
    "opening_hours": null,
    "address": null,
    "source": "ipr",
    "note": null
   }
  },
  {
   "type": "Feature",
   "geometry": {
    "type": "Point",
    "coordinates": [
     14.496857,
     50.056781
    ]
   },
   "properties": {
    "id": "ipr-pitka-32",
    "name": "Pítko a mlžítko Jabloňová",
    "category": "fountain",
    "cooling": "water",
    "typical_c": null,
    "free_entry": null,
    "opening_hours": null,
    "address": null,
    "source": "ipr",
    "note": null
   }
  },
  {
   "type": "Feature",
   "geometry": {
    "type": "Point",
    "coordinates": [
     14.620087,
     50.014794
    ]
   },
   "properties": {
    "id": "ipr-pitka-33",
    "name": "Pítko v skateparku Kolovraty",
    "category": "fountain",
    "cooling": "water",
    "typical_c": null,
    "free_entry": null,
    "opening_hours": null,
    "address": null,
    "source": "ipr",
    "note": null
   }
  },
  {
   "type": "Feature",
   "geometry": {
    "type": "Point",
    "coordinates": [
     14.379344,
     50.082387
    ]
   },
   "properties": {
    "id": "ipr-pitka-34",
    "name": "Pítko Plivátko",
    "category": "fountain",
    "cooling": "water",
    "typical_c": null,
    "free_entry": null,
    "opening_hours": null,
    "address": null,
    "source": "ipr",
    "note": null
   }
  },
  {
   "type": "Feature",
   "geometry": {
    "type": "Point",
    "coordinates": [
     14.402864,
     50.103004
    ]
   },
   "properties": {
    "id": "ipr-pitka-35",
    "name": "Pítko Puškinovo náměstí",
    "category": "fountain",
    "cooling": "water",
    "typical_c": null,
    "free_entry": null,
    "opening_hours": null,
    "address": null,
    "source": "ipr",
    "note": null
   }
  },
  {
   "type": "Feature",
   "geometry": {
    "type": "Point",
    "coordinates": [
     14.396452,
     50.104268
    ]
   },
   "properties": {
    "id": "ipr-pitka-36",
    "name": "Pítko park Lotyšská",
    "category": "fountain",
    "cooling": "water",
    "typical_c": null,
    "free_entry": null,
    "opening_hours": null,
    "address": null,
    "source": "ipr",
    "note": null
   }
  },
  {
   "type": "Feature",
   "geometry": {
    "type": "Point",
    "coordinates": [
     14.513623,
     50.012492
    ]
   },
   "properties": {
    "id": "ipr-pitka-37",
    "name": "Pítko Náměstí Šeberov",
    "category": "fountain",
    "cooling": "water",
    "typical_c": null,
    "free_entry": null,
    "opening_hours": null,
    "address": null,
    "source": "ipr",
    "note": null
   }
  },
  {
   "type": "Feature",
   "geometry": {
    "type": "Point",
    "coordinates": [
     14.409923,
     50.105211
    ]
   },
   "properties": {
    "id": "ipr-pitka-38",
    "name": "Pítko Stromovka",
    "category": "fountain",
    "cooling": "water",
    "typical_c": null,
    "free_entry": null,
    "opening_hours": null,
    "address": null,
    "source": "ipr",
    "note": null
   }
  },
  {
   "type": "Feature",
   "geometry": {
    "type": "Point",
    "coordinates": [
     14.499927,
     50.076343
    ]
   },
   "properties": {
    "id": "ipr-pitka-39",
    "name": "Pítko park Na Solidaritě",
    "category": "fountain",
    "cooling": "water",
    "typical_c": null,
    "free_entry": null,
    "opening_hours": null,
    "address": null,
    "source": "ipr",
    "note": null
   }
  },
  {
   "type": "Feature",
   "geometry": {
    "type": "Point",
    "coordinates": [
     14.398111,
     50.07813
    ]
   },
   "properties": {
    "id": "ipr-pitka-40",
    "name": "jiný vodní zdroj U misky (3759)",
    "category": "fountain",
    "cooling": "water",
    "typical_c": null,
    "free_entry": null,
    "opening_hours": null,
    "address": null,
    "source": "ipr",
    "note": "omezená přístupnost"
   }
  },
  {
   "type": "Feature",
   "geometry": {
    "type": "Point",
    "coordinates": [
     14.392934,
     50.077196
    ]
   },
   "properties": {
    "id": "ipr-pitka-41",
    "name": "Na Hřebenkách",
    "category": "fountain",
    "cooling": "water",
    "typical_c": null,
    "free_entry": null,
    "opening_hours": null,
    "address": null,
    "source": "ipr",
    "note": "správce: TSK"
   }
  },
  {
   "type": "Feature",
   "geometry": {
    "type": "Point",
    "coordinates": [
     14.421125,
     50.063705
    ]
   },
   "properties": {
    "id": "ipr-pitka-42",
    "name": "Pítko Soběslavova",
    "category": "fountain",
    "cooling": "water",
    "typical_c": null,
    "free_entry": null,
    "opening_hours": null,
    "address": null,
    "source": "ipr",
    "note": null
   }
  },
  {
   "type": "Feature",
   "geometry": {
    "type": "Point",
    "coordinates": [
     14.416902,
     50.08672
    ]
   },
   "properties": {
    "id": "ipr-pitka-43",
    "name": "Pítko v areálu Klementina",
    "category": "fountain",
    "cooling": "water",
    "typical_c": null,
    "free_entry": null,
    "opening_hours": null,
    "address": null,
    "source": "ipr",
    "note": "omezená přístupnost"
   }
  },
  {
   "type": "Feature",
   "geometry": {
    "type": "Point",
    "coordinates": [
     14.404,
     50.092029
    ]
   },
   "properties": {
    "id": "ipr-pitka-44",
    "name": "Umyvadélko ve Zlaté uličce",
    "category": "fountain",
    "cooling": "water",
    "typical_c": null,
    "free_entry": null,
    "opening_hours": null,
    "address": null,
    "source": "ipr",
    "note": "omezená přístupnost"
   }
  },
  {
   "type": "Feature",
   "geometry": {
    "type": "Point",
    "coordinates": [
     14.409666,
     50.090852
    ]
   },
   "properties": {
    "id": "ipr-pitka-45",
    "name": "Pítko u stanice metra Malostranská",
    "category": "fountain",
    "cooling": "water",
    "typical_c": null,
    "free_entry": null,
    "opening_hours": null,
    "address": null,
    "source": "ipr",
    "note": null
   }
  },
  {
   "type": "Feature",
   "geometry": {
    "type": "Point",
    "coordinates": [
     14.440721,
     50.1087
    ]
   },
   "properties": {
    "id": "ipr-pitka-46",
    "name": "Mramorové pítko u stanice metra Nádraží Holešovice",
    "category": "fountain",
    "cooling": "water",
    "typical_c": null,
    "free_entry": null,
    "opening_hours": null,
    "address": null,
    "source": "ipr",
    "note": null
   }
  },
  {
   "type": "Feature",
   "geometry": {
    "type": "Point",
    "coordinates": [
     14.492291,
     50.024978
    ]
   },
   "properties": {
    "id": "ipr-pitka-47",
    "name": "Kamenné pítko \"Faun\"",
    "category": "fountain",
    "cooling": "water",
    "typical_c": null,
    "free_entry": null,
    "opening_hours": null,
    "address": null,
    "source": "ipr",
    "note": null
   }
  },
  {
   "type": "Feature",
   "geometry": {
    "type": "Point",
    "coordinates": [
     14.482453,
     50.032187
    ]
   },
   "properties": {
    "id": "ipr-pitka-48",
    "name": "Pítko s motivem Raka",
    "category": "fountain",
    "cooling": "water",
    "typical_c": null,
    "free_entry": null,
    "opening_hours": null,
    "address": null,
    "source": "ipr",
    "note": null
   }
  },
  {
   "type": "Feature",
   "geometry": {
    "type": "Point",
    "coordinates": [
     14.489849,
     50.077237
    ]
   },
   "properties": {
    "id": "ipr-pitka-49",
    "name": "Pítko v parku Na Vinici",
    "category": "fountain",
    "cooling": "water",
    "typical_c": null,
    "free_entry": null,
    "opening_hours": null,
    "address": null,
    "source": "ipr",
    "note": null
   }
  },
  {
   "type": "Feature",
   "geometry": {
    "type": "Point",
    "coordinates": [
     14.47723,
     50.04594
    ]
   },
   "properties": {
    "id": "ipr-pitka-50",
    "name": "Pítko Roztylské náměstí",
    "category": "fountain",
    "cooling": "water",
    "typical_c": null,
    "free_entry": null,
    "opening_hours": null,
    "address": null,
    "source": "ipr",
    "note": null
   }
  },
  {
   "type": "Feature",
   "geometry": {
    "type": "Point",
    "coordinates": [
     14.532191,
     50.032979
    ]
   },
   "properties": {
    "id": "ipr-pitka-51",
    "name": "Pítko Mendelova",
    "category": "fountain",
    "cooling": "water",
    "typical_c": null,
    "free_entry": null,
    "opening_hours": null,
    "address": null,
    "source": "ipr",
    "note": null
   }
  },
  {
   "type": "Feature",
   "geometry": {
    "type": "Point",
    "coordinates": [
     14.436034,
     50.100749
    ]
   },
   "properties": {
    "id": "ipr-pitka-52",
    "name": "Pítko na Řezáčově náměstí",
    "category": "fountain",
    "cooling": "water",
    "typical_c": null,
    "free_entry": null,
    "opening_hours": null,
    "address": null,
    "source": "ipr",
    "note": "provozovatel: MČ Praha 7"
   }
  },
  {
   "type": "Feature",
   "geometry": {
    "type": "Point",
    "coordinates": [
     14.506042,
     50.057022
    ]
   },
   "properties": {
    "id": "ipr-pitka-53",
    "name": "Pergola se skalkou a vodotryskem",
    "category": "fountain",
    "cooling": "water",
    "typical_c": null,
    "free_entry": null,
    "opening_hours": null,
    "address": null,
    "source": "ipr",
    "note": null
   }
  },
  {
   "type": "Feature",
   "geometry": {
    "type": "Point",
    "coordinates": [
     14.501023,
     50.057137
    ]
   },
   "properties": {
    "id": "ipr-pitka-54",
    "name": "Pítko v parku Malinovka",
    "category": "fountain",
    "cooling": "water",
    "typical_c": null,
    "free_entry": null,
    "opening_hours": null,
    "address": null,
    "source": "ipr",
    "note": null
   }
  },
  {
   "type": "Feature",
   "geometry": {
    "type": "Point",
    "coordinates": [
     14.404008,
     50.081814
    ]
   },
   "properties": {
    "id": "ipr-pitka-55",
    "name": "Pítko s motivem hadů",
    "category": "fountain",
    "cooling": "water",
    "typical_c": null,
    "free_entry": null,
    "opening_hours": null,
    "address": null,
    "source": "ipr",
    "note": null
   }
  },
  {
   "type": "Feature",
   "geometry": {
    "type": "Point",
    "coordinates": [
     14.429191,
     50.025851
    ]
   },
   "properties": {
    "id": "ipr-pitka-56",
    "name": "Pítko u základní školy Jílovská",
    "category": "fountain",
    "cooling": "water",
    "typical_c": null,
    "free_entry": null,
    "opening_hours": null,
    "address": null,
    "source": "ipr",
    "note": null
   }
  },
  {
   "type": "Feature",
   "geometry": {
    "type": "Point",
    "coordinates": [
     14.348097,
     50.048806
    ]
   },
   "properties": {
    "id": "ipr-pitka-57",
    "name": "Pítko před základní školou Fingerova",
    "category": "fountain",
    "cooling": "water",
    "typical_c": null,
    "free_entry": null,
    "opening_hours": null,
    "address": null,
    "source": "ipr",
    "note": null
   }
  },
  {
   "type": "Feature",
   "geometry": {
    "type": "Point",
    "coordinates": [
     14.346157,
     50.048817
    ]
   },
   "properties": {
    "id": "ipr-pitka-58",
    "name": "Pítko ve vnitrobloku u dětského hřiště",
    "category": "fountain",
    "cooling": "water",
    "typical_c": null,
    "free_entry": null,
    "opening_hours": null,
    "address": null,
    "source": "ipr",
    "note": null
   }
  },
  {
   "type": "Feature",
   "geometry": {
    "type": "Point",
    "coordinates": [
     14.344824,
     50.048798
    ]
   },
   "properties": {
    "id": "ipr-pitka-59",
    "name": "Pítko pod pergolou",
    "category": "fountain",
    "cooling": "water",
    "typical_c": null,
    "free_entry": null,
    "opening_hours": null,
    "address": null,
    "source": "ipr",
    "note": null
   }
  },
  {
   "type": "Feature",
   "geometry": {
    "type": "Point",
    "coordinates": [
     14.310027,
     50.047041
    ]
   },
   "properties": {
    "id": "ipr-pitka-60",
    "name": "Pítko poblíž stanice metra Stodůlky",
    "category": "fountain",
    "cooling": "water",
    "typical_c": null,
    "free_entry": null,
    "opening_hours": null,
    "address": null,
    "source": "ipr",
    "note": null
   }
  },
  {
   "type": "Feature",
   "geometry": {
    "type": "Point",
    "coordinates": [
     14.578315,
     50.088223
    ]
   },
   "properties": {
    "id": "ipr-pitka-61",
    "name": "Pítko Šroub",
    "category": "fountain",
    "cooling": "water",
    "typical_c": null,
    "free_entry": null,
    "opening_hours": null,
    "address": null,
    "source": "ipr",
    "note": "omezená přístupnost"
   }
  },
  {
   "type": "Feature",
   "geometry": {
    "type": "Point",
    "coordinates": [
     14.39452,
     50.083537
    ]
   },
   "properties": {
    "id": "ipr-pitka-62",
    "name": "Pítko u Petřínské rozhledny",
    "category": "fountain",
    "cooling": "water",
    "typical_c": null,
    "free_entry": null,
    "opening_hours": null,
    "address": null,
    "source": "ipr",
    "note": null
   }
  },
  {
   "type": "Feature",
   "geometry": {
    "type": "Point",
    "coordinates": [
     14.422414,
     50.079659
    ]
   },
   "properties": {
    "id": "ipr-pitka-63",
    "name": "Pítko nad šachtou kolektoru",
    "category": "fountain",
    "cooling": "water",
    "typical_c": null,
    "free_entry": null,
    "opening_hours": null,
    "address": null,
    "source": "ipr",
    "note": null
   }
  },
  {
   "type": "Feature",
   "geometry": {
    "type": "Point",
    "coordinates": [
     14.423438,
     50.08361
    ]
   },
   "properties": {
    "id": "ipr-pitka-64",
    "name": "Pítko před obchodním domem Baťa",
    "category": "fountain",
    "cooling": "water",
    "typical_c": null,
    "free_entry": null,
    "opening_hours": null,
    "address": null,
    "source": "ipr",
    "note": null
   }
  },
  {
   "type": "Feature",
   "geometry": {
    "type": "Point",
    "coordinates": [
     14.424122,
     50.082477
    ]
   },
   "properties": {
    "id": "ipr-pitka-65",
    "name": "Chlapec s mušlí",
    "category": "fountain",
    "cooling": "water",
    "typical_c": null,
    "free_entry": null,
    "opening_hours": null,
    "address": null,
    "source": "ipr",
    "note": "omezená přístupnost"
   }
  },
  {
   "type": "Feature",
   "geometry": {
    "type": "Point",
    "coordinates": [
     14.43736,
     50.064075
    ]
   },
   "properties": {
    "id": "ipr-pitka-66",
    "name": "Pítko v parku na Fidlovačce",
    "category": "fountain",
    "cooling": "water",
    "typical_c": null,
    "free_entry": null,
    "opening_hours": null,
    "address": null,
    "source": "ipr",
    "note": null
   }
  },
  {
   "type": "Feature",
   "geometry": {
    "type": "Point",
    "coordinates": [
     14.422873,
     50.060072
    ]
   },
   "properties": {
    "id": "ipr-pitka-67",
    "name": "Pítko v parku Na Slepičárně",
    "category": "fountain",
    "cooling": "water",
    "typical_c": null,
    "free_entry": null,
    "opening_hours": null,
    "address": null,
    "source": "ipr",
    "note": null
   }
  },
  {
   "type": "Feature",
   "geometry": {
    "type": "Point",
    "coordinates": [
     14.421165,
     50.065206
    ]
   },
   "properties": {
    "id": "ipr-pitka-68",
    "name": "Pítko u východu z Gorlice",
    "category": "fountain",
    "cooling": "water",
    "typical_c": null,
    "free_entry": null,
    "opening_hours": null,
    "address": null,
    "source": "ipr",
    "note": null
   }
  },
  {
   "type": "Feature",
   "geometry": {
    "type": "Point",
    "coordinates": [
     14.421443,
     50.064289
    ]
   },
   "properties": {
    "id": "ipr-pitka-69",
    "name": "Pítko u Kaplanky",
    "category": "fountain",
    "cooling": "water",
    "typical_c": null,
    "free_entry": null,
    "opening_hours": null,
    "address": null,
    "source": "ipr",
    "note": null
   }
  },
  {
   "type": "Feature",
   "geometry": {
    "type": "Point",
    "coordinates": [
     14.42382,
     50.088038
    ]
   },
   "properties": {
    "id": "ipr-pitka-70",
    "name": "Pítko v Ungeltu",
    "category": "fountain",
    "cooling": "water",
    "typical_c": null,
    "free_entry": null,
    "opening_hours": null,
    "address": null,
    "source": "ipr",
    "note": "správce: TSK"
   }
  },
  {
   "type": "Feature",
   "geometry": {
    "type": "Point",
    "coordinates": [
     14.42468,
     50.085228
    ]
   },
   "properties": {
    "id": "ipr-pitka-71",
    "name": "Pítko u Dětského domu",
    "category": "fountain",
    "cooling": "water",
    "typical_c": null,
    "free_entry": null,
    "opening_hours": null,
    "address": null,
    "source": "ipr",
    "note": null
   }
  },
  {
   "type": "Feature",
   "geometry": {
    "type": "Point",
    "coordinates": [
     14.429903,
     50.087913
    ]
   },
   "properties": {
    "id": "ipr-pitka-72",
    "name": "Pítko před celnicí",
    "category": "fountain",
    "cooling": "water",
    "typical_c": null,
    "free_entry": null,
    "opening_hours": null,
    "address": null,
    "source": "ipr",
    "note": "správce: TSK"
   }
  },
  {
   "type": "Feature",
   "geometry": {
    "type": "Point",
    "coordinates": [
     14.448786,
     50.08037
    ]
   },
   "properties": {
    "id": "ipr-pitka-73",
    "name": "Pítko na Škroupově náměstí",
    "category": "fountain",
    "cooling": "water",
    "typical_c": null,
    "free_entry": null,
    "opening_hours": null,
    "address": null,
    "source": "ipr",
    "note": null
   }
  },
  {
   "type": "Feature",
   "geometry": {
    "type": "Point",
    "coordinates": [
     14.441212,
     50.085063
    ]
   },
   "properties": {
    "id": "ipr-pitka-74",
    "name": "Pítko ze žuly před budovou Domu odborových svazů",
    "category": "fountain",
    "cooling": "water",
    "typical_c": null,
    "free_entry": null,
    "opening_hours": null,
    "address": null,
    "source": "ipr",
    "note": null
   }
  },
  {
   "type": "Feature",
   "geometry": {
    "type": "Point",
    "coordinates": [
     14.450955,
     50.084328
    ]
   },
   "properties": {
    "id": "ipr-pitka-75",
    "name": "Pítko ze žuly před budovou Domu odborových svazů",
    "category": "fountain",
    "cooling": "water",
    "typical_c": null,
    "free_entry": null,
    "opening_hours": null,
    "address": null,
    "source": "ipr",
    "note": null
   }
  },
  {
   "type": "Feature",
   "geometry": {
    "type": "Point",
    "coordinates": [
     14.416258,
     50.121156
    ]
   },
   "properties": {
    "id": "ipr-pitka-76",
    "name": "Pítko v Botanické zahradě Troja",
    "category": "fountain",
    "cooling": "water",
    "typical_c": null,
    "free_entry": null,
    "opening_hours": null,
    "address": null,
    "source": "ipr",
    "note": "omezená přístupnost"
   }
  },
  {
   "type": "Feature",
   "geometry": {
    "type": "Point",
    "coordinates": [
     14.485055,
     50.075578
    ]
   },
   "properties": {
    "id": "ipr-pitka-77",
    "name": "Pítko v areálu strašnického krematoria",
    "category": "fountain",
    "cooling": "water",
    "typical_c": null,
    "free_entry": null,
    "opening_hours": null,
    "address": null,
    "source": "ipr",
    "note": "omezená přístupnost"
   }
  },
  {
   "type": "Feature",
   "geometry": {
    "type": "Point",
    "coordinates": [
     14.482643,
     50.075255
    ]
   },
   "properties": {
    "id": "ipr-pitka-80",
    "name": "Pítko v areálu strašnického krematoria",
    "category": "fountain",
    "cooling": "water",
    "typical_c": null,
    "free_entry": null,
    "opening_hours": null,
    "address": null,
    "source": "ipr",
    "note": "omezená přístupnost"
   }
  },
  {
   "type": "Feature",
   "geometry": {
    "type": "Point",
    "coordinates": [
     14.481223,
     50.089862
    ]
   },
   "properties": {
    "id": "ipr-pitka-81",
    "name": "Pítko u dětského hřiště \"Židovské pece\"",
    "category": "fountain",
    "cooling": "water",
    "typical_c": null,
    "free_entry": null,
    "opening_hours": null,
    "address": null,
    "source": "ipr",
    "note": null
   }
  },
  {
   "type": "Feature",
   "geometry": {
    "type": "Point",
    "coordinates": [
     14.596951,
     50.112275
    ]
   },
   "properties": {
    "id": "ipr-pitka-82",
    "name": "Fontána u Chvalské tvrze",
    "category": "fountain",
    "cooling": "water",
    "typical_c": null,
    "free_entry": null,
    "opening_hours": null,
    "address": null,
    "source": "ipr",
    "note": null
   }
  },
  {
   "type": "Feature",
   "geometry": {
    "type": "Point",
    "coordinates": [
     14.399404,
     50.097767
    ]
   },
   "properties": {
    "id": "ipr-pitka-83",
    "name": "Pítko na Bachmačském náměstí",
    "category": "fountain",
    "cooling": "water",
    "typical_c": null,
    "free_entry": null,
    "opening_hours": null,
    "address": null,
    "source": "ipr",
    "note": null
   }
  },
  {
   "type": "Feature",
   "geometry": {
    "type": "Point",
    "coordinates": [
     14.391096,
     50.099183
    ]
   },
   "properties": {
    "id": "ipr-pitka-84",
    "name": "Pítko Kafkova",
    "category": "fountain",
    "cooling": "water",
    "typical_c": null,
    "free_entry": null,
    "opening_hours": null,
    "address": null,
    "source": "ipr",
    "note": null
   }
  },
  {
   "type": "Feature",
   "geometry": {
    "type": "Point",
    "coordinates": [
     14.425612,
     50.082707
    ]
   },
   "properties": {
    "id": "ipr-pitka-85",
    "name": "Pítko před Palácem U Stýblů",
    "category": "fountain",
    "cooling": "water",
    "typical_c": null,
    "free_entry": null,
    "opening_hours": null,
    "address": null,
    "source": "ipr",
    "note": null
   }
  },
  {
   "type": "Feature",
   "geometry": {
    "type": "Point",
    "coordinates": [
     14.40457,
     50.076576
    ]
   },
   "properties": {
    "id": "ipr-pitka-86",
    "name": "Pítko Arbesovo náměstí",
    "category": "fountain",
    "cooling": "water",
    "typical_c": null,
    "free_entry": null,
    "opening_hours": null,
    "address": null,
    "source": "ipr",
    "note": null
   }
  },
  {
   "type": "Feature",
   "geometry": {
    "type": "Point",
    "coordinates": [
     14.416318,
     50.06822
    ]
   },
   "properties": {
    "id": "ipr-pitka-87",
    "name": "Pítko na dětském hřišti na Výtoni I.",
    "category": "fountain",
    "cooling": "water",
    "typical_c": null,
    "free_entry": null,
    "opening_hours": null,
    "address": null,
    "source": "ipr",
    "note": "8:00 - 21:00; omezená přístupnost"
   }
  },
  {
   "type": "Feature",
   "geometry": {
    "type": "Point",
    "coordinates": [
     14.416137,
     50.068264
    ]
   },
   "properties": {
    "id": "ipr-pitka-88",
    "name": "Pítko na dětském hřišti na Výtoni II.",
    "category": "fountain",
    "cooling": "water",
    "typical_c": null,
    "free_entry": null,
    "opening_hours": null,
    "address": null,
    "source": "ipr",
    "note": "8:00 - 21:00; omezená přístupnost"
   }
  },
  {
   "type": "Feature",
   "geometry": {
    "type": "Point",
    "coordinates": [
     14.415214,
     50.072579
    ]
   },
   "properties": {
    "id": "ipr-pitka-89",
    "name": "Zítkovy sady",
    "category": "fountain",
    "cooling": "water",
    "typical_c": null,
    "free_entry": null,
    "opening_hours": null,
    "address": null,
    "source": "ipr",
    "note": "správce: TSK"
   }
  },
  {
   "type": "Feature",
   "geometry": {
    "type": "Point",
    "coordinates": [
     14.424466,
     50.083892
    ]
   },
   "properties": {
    "id": "ipr-pitka-90",
    "name": "Václavák (hotel Ambasador)",
    "category": "fountain",
    "cooling": "water",
    "typical_c": null,
    "free_entry": null,
    "opening_hours": null,
    "address": null,
    "source": "ipr",
    "note": null
   }
  },
  {
   "type": "Feature",
   "geometry": {
    "type": "Point",
    "coordinates": [
     14.433169,
     50.088375
    ]
   },
   "properties": {
    "id": "ipr-pitka-91",
    "name": "Masarykovo nádraží",
    "category": "fountain",
    "cooling": "water",
    "typical_c": null,
    "free_entry": null,
    "opening_hours": null,
    "address": null,
    "source": "ipr",
    "note": null
   }
  },
  {
   "type": "Feature",
   "geometry": {
    "type": "Point",
    "coordinates": [
     14.419455,
     50.070897
    ]
   },
   "properties": {
    "id": "ipr-pitka-92",
    "name": "Na Slupi",
    "category": "fountain",
    "cooling": "water",
    "typical_c": null,
    "free_entry": null,
    "opening_hours": null,
    "address": null,
    "source": "ipr",
    "note": "správce: TSK"
   }
  },
  {
   "type": "Feature",
   "geometry": {
    "type": "Point",
    "coordinates": [
     14.43355,
     50.100406
    ]
   },
   "properties": {
    "id": "ipr-pitka-93",
    "name": "Dukelských Hrdinů/Heřmanova",
    "category": "fountain",
    "cooling": "water",
    "typical_c": null,
    "free_entry": null,
    "opening_hours": null,
    "address": null,
    "source": "ipr",
    "note": null
   }
  },
  {
   "type": "Feature",
   "geometry": {
    "type": "Point",
    "coordinates": [
     14.432663,
     50.102888
    ]
   },
   "properties": {
    "id": "ipr-pitka-94",
    "name": "Dukelských hrdinů/Šimáčkova",
    "category": "fountain",
    "cooling": "water",
    "typical_c": null,
    "free_entry": null,
    "opening_hours": null,
    "address": null,
    "source": "ipr",
    "note": null
   }
  },
  {
   "type": "Feature",
   "geometry": {
    "type": "Point",
    "coordinates": [
     14.40254,
     50.023282
    ]
   },
   "properties": {
    "id": "ipr-pitka-95",
    "name": "V náklích",
    "category": "fountain",
    "cooling": "water",
    "typical_c": null,
    "free_entry": null,
    "opening_hours": null,
    "address": null,
    "source": "ipr",
    "note": null
   }
  },
  {
   "type": "Feature",
   "geometry": {
    "type": "Point",
    "coordinates": [
     14.381679,
     50.094087
    ]
   },
   "properties": {
    "id": "ipr-pitka-96",
    "name": "Macharovo náměstí",
    "category": "fountain",
    "cooling": "water",
    "typical_c": null,
    "free_entry": null,
    "opening_hours": null,
    "address": null,
    "source": "ipr",
    "note": "správce: PVS a.s."
   }
  },
  {
   "type": "Feature",
   "geometry": {
    "type": "Point",
    "coordinates": [
     14.421404,
     50.057713
    ]
   },
   "properties": {
    "id": "ipr-pitka-97",
    "name": "Pítko Nedvědovo náměstí",
    "category": "fountain",
    "cooling": "water",
    "typical_c": null,
    "free_entry": null,
    "opening_hours": null,
    "address": null,
    "source": "ipr",
    "note": null
   }
  },
  {
   "type": "Feature",
   "geometry": {
    "type": "Point",
    "coordinates": [
     14.381508,
     50.083115
    ]
   },
   "properties": {
    "id": "ipr-pitka-98",
    "name": "Pítko Diskařská",
    "category": "fountain",
    "cooling": "water",
    "typical_c": null,
    "free_entry": null,
    "opening_hours": null,
    "address": null,
    "source": "ipr",
    "note": null
   }
  },
  {
   "type": "Feature",
   "geometry": {
    "type": "Point",
    "coordinates": [
     14.375919,
     50.082269
    ]
   },
   "properties": {
    "id": "ipr-pitka-99",
    "name": "Pítko Za Strahovem",
    "category": "fountain",
    "cooling": "water",
    "typical_c": null,
    "free_entry": null,
    "opening_hours": null,
    "address": null,
    "source": "ipr",
    "note": null
   }
  },
  {
   "type": "Feature",
   "geometry": {
    "type": "Point",
    "coordinates": [
     14.379098,
     50.105442
    ]
   },
   "properties": {
    "id": "ipr-pitka-100",
    "name": "Pítko Na Hanspaulce",
    "category": "fountain",
    "cooling": "water",
    "typical_c": null,
    "free_entry": null,
    "opening_hours": null,
    "address": null,
    "source": "ipr",
    "note": null
   }
  },
  {
   "type": "Feature",
   "geometry": {
    "type": "Point",
    "coordinates": [
     14.367414,
     50.10146
    ]
   },
   "properties": {
    "id": "ipr-pitka-101",
    "name": "Pítko Pražákovská",
    "category": "fountain",
    "cooling": "water",
    "typical_c": null,
    "free_entry": null,
    "opening_hours": null,
    "address": null,
    "source": "ipr",
    "note": null
   }
  },
  {
   "type": "Feature",
   "geometry": {
    "type": "Point",
    "coordinates": [
     14.375083,
     50.098684
    ]
   },
   "properties": {
    "id": "ipr-pitka-102",
    "name": "Mlžítko a pítko park Hadovka",
    "category": "fountain",
    "cooling": "water",
    "typical_c": null,
    "free_entry": null,
    "opening_hours": null,
    "address": null,
    "source": "ipr",
    "note": null
   }
  },
  {
   "type": "Feature",
   "geometry": {
    "type": "Point",
    "coordinates": [
     14.389453,
     50.103784
    ]
   },
   "properties": {
    "id": "ipr-pitka-103",
    "name": "Mlžítko a pítko park I. Gándhíové",
    "category": "fountain",
    "cooling": "water",
    "typical_c": null,
    "free_entry": null,
    "opening_hours": null,
    "address": null,
    "source": "ipr",
    "note": null
   }
  },
  {
   "type": "Feature",
   "geometry": {
    "type": "Point",
    "coordinates": [
     14.563531,
     50.03225
    ]
   },
   "properties": {
    "id": "ipr-pitka-104",
    "name": "Pítko Frostova",
    "category": "fountain",
    "cooling": "water",
    "typical_c": null,
    "free_entry": null,
    "opening_hours": null,
    "address": null,
    "source": "ipr",
    "note": null
   }
  },
  {
   "type": "Feature",
   "geometry": {
    "type": "Point",
    "coordinates": [
     14.562737,
     50.032144
    ]
   },
   "properties": {
    "id": "ipr-pitka-105",
    "name": "Pítko Jakobiho",
    "category": "fountain",
    "cooling": "water",
    "typical_c": null,
    "free_entry": null,
    "opening_hours": null,
    "address": null,
    "source": "ipr",
    "note": null
   }
  },
  {
   "type": "Feature",
   "geometry": {
    "type": "Point",
    "coordinates": [
     14.556791,
     50.036489
    ]
   },
   "properties": {
    "id": "ipr-pitka-106",
    "name": "Pítko Petrovice",
    "category": "fountain",
    "cooling": "water",
    "typical_c": null,
    "free_entry": null,
    "opening_hours": null,
    "address": null,
    "source": "ipr",
    "note": null
   }
  },
  {
   "type": "Feature",
   "geometry": {
    "type": "Point",
    "coordinates": [
     14.557428,
     50.058941
    ]
   },
   "properties": {
    "id": "ipr-pitka-107",
    "name": "Pítko Čs. tankistů",
    "category": "fountain",
    "cooling": "water",
    "typical_c": null,
    "free_entry": null,
    "opening_hours": null,
    "address": null,
    "source": "ipr",
    "note": null
   }
  },
  {
   "type": "Feature",
   "geometry": {
    "type": "Point",
    "coordinates": [
     14.296768,
     50.117416
    ]
   },
   "properties": {
    "id": "ipr-pitka-108",
    "name": "Pítko Přední Kopanina",
    "category": "fountain",
    "cooling": "water",
    "typical_c": null,
    "free_entry": null,
    "opening_hours": null,
    "address": null,
    "source": "ipr",
    "note": "omezená přístupnost"
   }
  },
  {
   "type": "Feature",
   "geometry": {
    "type": "Point",
    "coordinates": [
     14.380649,
     50.135868
    ]
   },
   "properties": {
    "id": "ipr-pitka-109",
    "name": "Pítko na Suchdolském náměstí",
    "category": "fountain",
    "cooling": "water",
    "typical_c": null,
    "free_entry": null,
    "opening_hours": null,
    "address": null,
    "source": "ipr",
    "note": null
   }
  },
  {
   "type": "Feature",
   "geometry": {
    "type": "Point",
    "coordinates": [
     14.376898,
     50.132625
    ]
   },
   "properties": {
    "id": "ipr-pitka-110",
    "name": "Pítko Brandejsovo náměstí",
    "category": "fountain",
    "cooling": "water",
    "typical_c": null,
    "free_entry": null,
    "opening_hours": null,
    "address": null,
    "source": "ipr",
    "note": null
   }
  },
  {
   "type": "Feature",
   "geometry": {
    "type": "Point",
    "coordinates": [
     14.378972,
     50.126604
    ]
   },
   "properties": {
    "id": "ipr-pitka-111",
    "name": "Pítko Sídlištní",
    "category": "fountain",
    "cooling": "water",
    "typical_c": null,
    "free_entry": null,
    "opening_hours": null,
    "address": null,
    "source": "ipr",
    "note": null
   }
  },
  {
   "type": "Feature",
   "geometry": {
    "type": "Point",
    "coordinates": [
     14.43844,
     50.152746
    ]
   },
   "properties": {
    "id": "ipr-pitka-112",
    "name": "Pítko Pod Zámečkem",
    "category": "fountain",
    "cooling": "water",
    "typical_c": null,
    "free_entry": null,
    "opening_hours": null,
    "address": null,
    "source": "ipr",
    "note": null
   }
  },
  {
   "type": "Feature",
   "geometry": {
    "type": "Point",
    "coordinates": [
     14.481592,
     50.144902
    ]
   },
   "properties": {
    "id": "ipr-pitka-113",
    "name": "Pítko Osinalická",
    "category": "fountain",
    "cooling": "water",
    "typical_c": null,
    "free_entry": null,
    "opening_hours": null,
    "address": null,
    "source": "ipr",
    "note": "omezená přístupnost"
   }
  },
  {
   "type": "Feature",
   "geometry": {
    "type": "Point",
    "coordinates": [
     14.507224,
     50.136404
    ]
   },
   "properties": {
    "id": "ipr-pitka-114",
    "name": "Pítko na víceúčelovém sportovním hřišti ZŠ Fryčovická",
    "category": "fountain",
    "cooling": "water",
    "typical_c": null,
    "free_entry": null,
    "opening_hours": null,
    "address": null,
    "source": "ipr",
    "note": null
   }
  },
  {
   "type": "Feature",
   "geometry": {
    "type": "Point",
    "coordinates": [
     14.506753,
     50.134796
    ]
   },
   "properties": {
    "id": "ipr-pitka-115",
    "name": "Pítko Tupolevova",
    "category": "fountain",
    "cooling": "water",
    "typical_c": null,
    "free_entry": null,
    "opening_hours": null,
    "address": null,
    "source": "ipr",
    "note": null
   }
  },
  {
   "type": "Feature",
   "geometry": {
    "type": "Point",
    "coordinates": [
     14.490679,
     50.128569
    ]
   },
   "properties": {
    "id": "ipr-pitka-116",
    "name": "Pítko Lovosická",
    "category": "fountain",
    "cooling": "water",
    "typical_c": null,
    "free_entry": null,
    "opening_hours": null,
    "address": null,
    "source": "ipr",
    "note": null
   }
  },
  {
   "type": "Feature",
   "geometry": {
    "type": "Point",
    "coordinates": [
     14.491793,
     50.125158
    ]
   },
   "properties": {
    "id": "ipr-pitka-117",
    "name": "Pítko Střížkov",
    "category": "fountain",
    "cooling": "water",
    "typical_c": null,
    "free_entry": null,
    "opening_hours": null,
    "address": null,
    "source": "ipr",
    "note": null
   }
  },
  {
   "type": "Feature",
   "geometry": {
    "type": "Point",
    "coordinates": [
     14.469831,
     50.127198
    ]
   },
   "properties": {
    "id": "ipr-pitka-118",
    "name": "Pítko KD Ládví",
    "category": "fountain",
    "cooling": "water",
    "typical_c": null,
    "free_entry": null,
    "opening_hours": null,
    "address": null,
    "source": "ipr",
    "note": null
   }
  },
  {
   "type": "Feature",
   "geometry": {
    "type": "Point",
    "coordinates": [
     14.469641,
     50.127701
    ]
   },
   "properties": {
    "id": "ipr-pitka-119",
    "name": "Pítko Burešova",
    "category": "fountain",
    "cooling": "water",
    "typical_c": null,
    "free_entry": null,
    "opening_hours": null,
    "address": null,
    "source": "ipr",
    "note": null
   }
  },
  {
   "type": "Feature",
   "geometry": {
    "type": "Point",
    "coordinates": [
     14.450244,
     50.120865
    ]
   },
   "properties": {
    "id": "ipr-pitka-120",
    "name": "Pítko park Dlážděnka",
    "category": "fountain",
    "cooling": "water",
    "typical_c": null,
    "free_entry": null,
    "opening_hours": null,
    "address": null,
    "source": "ipr",
    "note": null
   }
  },
  {
   "type": "Feature",
   "geometry": {
    "type": "Point",
    "coordinates": [
     14.41546,
     50.117825
    ]
   },
   "properties": {
    "id": "ipr-pitka-121",
    "name": "Pítko vinice sv. Kláry",
    "category": "fountain",
    "cooling": "water",
    "typical_c": null,
    "free_entry": null,
    "opening_hours": null,
    "address": null,
    "source": "ipr",
    "note": null
   }
  },
  {
   "type": "Feature",
   "geometry": {
    "type": "Point",
    "coordinates": [
     14.414701,
     50.119296
    ]
   },
   "properties": {
    "id": "ipr-pitka-122",
    "name": "Pítko Pražská botanická zahrada",
    "category": "fountain",
    "cooling": "water",
    "typical_c": null,
    "free_entry": null,
    "opening_hours": null,
    "address": null,
    "source": "ipr",
    "note": null
   }
  },
  {
   "type": "Feature",
   "geometry": {
    "type": "Point",
    "coordinates": [
     14.414975,
     50.12167
    ]
   },
   "properties": {
    "id": "ipr-pitka-125",
    "name": "Pítko Pražská botanická zahrada",
    "category": "fountain",
    "cooling": "water",
    "typical_c": null,
    "free_entry": null,
    "opening_hours": null,
    "address": null,
    "source": "ipr",
    "note": null
   }
  },
  {
   "type": "Feature",
   "geometry": {
    "type": "Point",
    "coordinates": [
     14.41838,
     50.121875
    ]
   },
   "properties": {
    "id": "ipr-pitka-126",
    "name": "Pítko Pražská botanická zahrada",
    "category": "fountain",
    "cooling": "water",
    "typical_c": null,
    "free_entry": null,
    "opening_hours": null,
    "address": null,
    "source": "ipr",
    "note": null
   }
  },
  {
   "type": "Feature",
   "geometry": {
    "type": "Point",
    "coordinates": [
     14.411002,
     50.116269
    ]
   },
   "properties": {
    "id": "ipr-pitka-127",
    "name": "Pítko u lachtanů",
    "category": "fountain",
    "cooling": "water",
    "typical_c": null,
    "free_entry": null,
    "opening_hours": null,
    "address": null,
    "source": "ipr",
    "note": null
   }
  },
  {
   "type": "Feature",
   "geometry": {
    "type": "Point",
    "coordinates": [
     14.410151,
     50.116786
    ]
   },
   "properties": {
    "id": "ipr-pitka-128",
    "name": "Pítko v ZOO Praha",
    "category": "fountain",
    "cooling": "water",
    "typical_c": null,
    "free_entry": null,
    "opening_hours": null,
    "address": null,
    "source": "ipr",
    "note": null
   }
  },
  {
   "type": "Feature",
   "geometry": {
    "type": "Point",
    "coordinates": [
     14.404012,
     50.120495
    ]
   },
   "properties": {
    "id": "ipr-pitka-132",
    "name": "Pítko v ZOO Praha",
    "category": "fountain",
    "cooling": "water",
    "typical_c": null,
    "free_entry": null,
    "opening_hours": null,
    "address": null,
    "source": "ipr",
    "note": null
   }
  },
  {
   "type": "Feature",
   "geometry": {
    "type": "Point",
    "coordinates": [
     14.483154,
     50.105567
    ]
   },
   "properties": {
    "id": "ipr-pitka-133",
    "name": "Pítko náměstí Na Balabence",
    "category": "fountain",
    "cooling": "water",
    "typical_c": null,
    "free_entry": null,
    "opening_hours": null,
    "address": null,
    "source": "ipr",
    "note": null
   }
  },
  {
   "type": "Feature",
   "geometry": {
    "type": "Point",
    "coordinates": [
     14.503173,
     50.113394
    ]
   },
   "properties": {
    "id": "ipr-pitka-134",
    "name": "Pítko Odkolkova",
    "category": "fountain",
    "cooling": "water",
    "typical_c": null,
    "free_entry": null,
    "opening_hours": null,
    "address": null,
    "source": "ipr",
    "note": null
   }
  },
  {
   "type": "Feature",
   "geometry": {
    "type": "Point",
    "coordinates": [
     14.516063,
     50.112174
    ]
   },
   "properties": {
    "id": "ipr-pitka-135",
    "name": "Pítko Moravcových",
    "category": "fountain",
    "cooling": "water",
    "typical_c": null,
    "free_entry": null,
    "opening_hours": null,
    "address": null,
    "source": "ipr",
    "note": null
   }
  },
  {
   "type": "Feature",
   "geometry": {
    "type": "Point",
    "coordinates": [
     14.61373,
     50.111241
    ]
   },
   "properties": {
    "id": "ipr-pitka-136",
    "name": "Pítko Ratibořická",
    "category": "fountain",
    "cooling": "water",
    "typical_c": null,
    "free_entry": null,
    "opening_hours": null,
    "address": null,
    "source": "ipr",
    "note": null
   }
  },
  {
   "type": "Feature",
   "geometry": {
    "type": "Point",
    "coordinates": [
     14.669585,
     50.095124
    ]
   },
   "properties": {
    "id": "ipr-pitka-137",
    "name": "Pítko náměstí Hedviky Vilgusové",
    "category": "fountain",
    "cooling": "water",
    "typical_c": null,
    "free_entry": null,
    "opening_hours": null,
    "address": null,
    "source": "ipr",
    "note": null
   }
  },
  {
   "type": "Feature",
   "geometry": {
    "type": "Point",
    "coordinates": [
     14.658619,
     50.07807
    ]
   },
   "properties": {
    "id": "ipr-pitka-138",
    "name": "Pítko Čentická",
    "category": "fountain",
    "cooling": "water",
    "typical_c": null,
    "free_entry": null,
    "opening_hours": null,
    "address": null,
    "source": "ipr",
    "note": null
   }
  },
  {
   "type": "Feature",
   "geometry": {
    "type": "Point",
    "coordinates": [
     14.640775,
     50.079902
    ]
   },
   "properties": {
    "id": "ipr-pitka-139",
    "name": "Pítko Nadějovská",
    "category": "fountain",
    "cooling": "water",
    "typical_c": null,
    "free_entry": null,
    "opening_hours": null,
    "address": null,
    "source": "ipr",
    "note": null
   }
  },
  {
   "type": "Feature",
   "geometry": {
    "type": "Point",
    "coordinates": [
     14.614301,
     50.081791
    ]
   },
   "properties": {
    "id": "ipr-pitka-140",
    "name": "Pítko Dolnopočernická",
    "category": "fountain",
    "cooling": "water",
    "typical_c": null,
    "free_entry": null,
    "opening_hours": null,
    "address": null,
    "source": "ipr",
    "note": null
   }
  },
  {
   "type": "Feature",
   "geometry": {
    "type": "Point",
    "coordinates": [
     14.617031,
     50.082221
    ]
   },
   "properties": {
    "id": "ipr-pitka-141",
    "name": "Pítko Za poštovskou zahradou",
    "category": "fountain",
    "cooling": "water",
    "typical_c": null,
    "free_entry": null,
    "opening_hours": null,
    "address": null,
    "source": "ipr",
    "note": null
   }
  },
  {
   "type": "Feature",
   "geometry": {
    "type": "Point",
    "coordinates": [
     14.602244,
     50.078788
    ]
   },
   "properties": {
    "id": "ipr-pitka-142",
    "name": "Pítko Litožnická",
    "category": "fountain",
    "cooling": "water",
    "typical_c": null,
    "free_entry": null,
    "opening_hours": null,
    "address": null,
    "source": "ipr",
    "note": null
   }
  },
  {
   "type": "Feature",
   "geometry": {
    "type": "Point",
    "coordinates": [
     14.577689,
     50.088794
    ]
   },
   "properties": {
    "id": "ipr-pitka-143",
    "name": "Pítko Národních hrdinů",
    "category": "fountain",
    "cooling": "water",
    "typical_c": null,
    "free_entry": null,
    "opening_hours": null,
    "address": null,
    "source": "ipr",
    "note": null
   }
  },
  {
   "type": "Feature",
   "geometry": {
    "type": "Point",
    "coordinates": [
     14.559142,
     50.091431
    ]
   },
   "properties": {
    "id": "ipr-pitka-144",
    "name": "Pítko park Pilská",
    "category": "fountain",
    "cooling": "water",
    "typical_c": null,
    "free_entry": null,
    "opening_hours": null,
    "address": null,
    "source": "ipr",
    "note": "omezená přístupnost"
   }
  },
  {
   "type": "Feature",
   "geometry": {
    "type": "Point",
    "coordinates": [
     14.676757,
     50.069147
    ]
   },
   "properties": {
    "id": "ipr-pitka-145",
    "name": "Pítko Žlebská",
    "category": "fountain",
    "cooling": "water",
    "typical_c": null,
    "free_entry": null,
    "opening_hours": null,
    "address": null,
    "source": "ipr",
    "note": null
   }
  },
  {
   "type": "Feature",
   "geometry": {
    "type": "Point",
    "coordinates": [
     14.522345,
     50.057414
    ]
   },
   "properties": {
    "id": "ipr-pitka-146",
    "name": "Pítko Pražská",
    "category": "fountain",
    "cooling": "water",
    "typical_c": null,
    "free_entry": null,
    "opening_hours": null,
    "address": null,
    "source": "ipr",
    "note": null
   }
  },
  {
   "type": "Feature",
   "geometry": {
    "type": "Point",
    "coordinates": [
     14.532487,
     50.029013
    ]
   },
   "properties": {
    "id": "ipr-pitka-147",
    "name": "Pítko park Křtinská",
    "category": "fountain",
    "cooling": "water",
    "typical_c": null,
    "free_entry": null,
    "opening_hours": null,
    "address": null,
    "source": "ipr",
    "note": null
   }
  },
  {
   "type": "Feature",
   "geometry": {
    "type": "Point",
    "coordinates": [
     14.514068,
     50.030034
    ]
   },
   "properties": {
    "id": "ipr-pitka-148",
    "name": "Pítko Mikulova",
    "category": "fountain",
    "cooling": "water",
    "typical_c": null,
    "free_entry": null,
    "opening_hours": null,
    "address": null,
    "source": "ipr",
    "note": null
   }
  },
  {
   "type": "Feature",
   "geometry": {
    "type": "Point",
    "coordinates": [
     14.483148,
     50.013613
    ]
   },
   "properties": {
    "id": "ipr-pitka-149",
    "name": "Pítko K Libuši",
    "category": "fountain",
    "cooling": "water",
    "typical_c": null,
    "free_entry": null,
    "opening_hours": null,
    "address": null,
    "source": "ipr",
    "note": null
   }
  },
  {
   "type": "Feature",
   "geometry": {
    "type": "Point",
    "coordinates": [
     14.479851,
     50.043322
    ]
   },
   "properties": {
    "id": "ipr-pitka-150",
    "name": "Pítko Jižní VII",
    "category": "fountain",
    "cooling": "water",
    "typical_c": null,
    "free_entry": null,
    "opening_hours": null,
    "address": null,
    "source": "ipr",
    "note": null
   }
  },
  {
   "type": "Feature",
   "geometry": {
    "type": "Point",
    "coordinates": [
     14.483403,
     50.045304
    ]
   },
   "properties": {
    "id": "ipr-pitka-151",
    "name": "Pítko Jižní IV",
    "category": "fountain",
    "cooling": "water",
    "typical_c": null,
    "free_entry": null,
    "opening_hours": null,
    "address": null,
    "source": "ipr",
    "note": null
   }
  },
  {
   "type": "Feature",
   "geometry": {
    "type": "Point",
    "coordinates": [
     14.408307,
     49.998207
    ]
   },
   "properties": {
    "id": "ipr-pitka-152",
    "name": "Pítko Zlochova",
    "category": "fountain",
    "cooling": "water",
    "typical_c": null,
    "free_entry": null,
    "opening_hours": null,
    "address": null,
    "source": "ipr",
    "note": null
   }
  },
  {
   "type": "Feature",
   "geometry": {
    "type": "Point",
    "coordinates": [
     14.423513,
     50.004654
    ]
   },
   "properties": {
    "id": "ipr-pitka-153",
    "name": "Pítko Modřanská rokle",
    "category": "fountain",
    "cooling": "water",
    "typical_c": null,
    "free_entry": null,
    "opening_hours": null,
    "address": null,
    "source": "ipr",
    "note": null
   }
  },
  {
   "type": "Feature",
   "geometry": {
    "type": "Point",
    "coordinates": [
     14.425944,
     50.01219
    ]
   },
   "properties": {
    "id": "ipr-pitka-154",
    "name": "Pítko VOSA",
    "category": "fountain",
    "cooling": "water",
    "typical_c": null,
    "free_entry": null,
    "opening_hours": null,
    "address": null,
    "source": "ipr",
    "note": null
   }
  },
  {
   "type": "Feature",
   "geometry": {
    "type": "Point",
    "coordinates": [
     14.507375,
     50.056669
    ]
   },
   "properties": {
    "id": "ipr-pitka-155",
    "name": "Pítko Koloseum",
    "category": "fountain",
    "cooling": "water",
    "typical_c": null,
    "free_entry": null,
    "opening_hours": null,
    "address": null,
    "source": "ipr",
    "note": null
   }
  },
  {
   "type": "Feature",
   "geometry": {
    "type": "Point",
    "coordinates": [
     14.502185,
     50.05717
    ]
   },
   "properties": {
    "id": "ipr-pitka-156",
    "name": "Pítko park Malinová - Chrpová",
    "category": "fountain",
    "cooling": "water",
    "typical_c": null,
    "free_entry": null,
    "opening_hours": null,
    "address": null,
    "source": "ipr",
    "note": null
   }
  },
  {
   "type": "Feature",
   "geometry": {
    "type": "Point",
    "coordinates": [
     14.496493,
     50.05797
    ]
   },
   "properties": {
    "id": "ipr-pitka-157",
    "name": "Pítko Jetelová",
    "category": "fountain",
    "cooling": "water",
    "typical_c": null,
    "free_entry": null,
    "opening_hours": null,
    "address": null,
    "source": "ipr",
    "note": null
   }
  },
  {
   "type": "Feature",
   "geometry": {
    "type": "Point",
    "coordinates": [
     14.490616,
     50.072027
    ]
   },
   "properties": {
    "id": "ipr-pitka-158",
    "name": "Pítko V Olšinách",
    "category": "fountain",
    "cooling": "water",
    "typical_c": null,
    "free_entry": null,
    "opening_hours": null,
    "address": null,
    "source": "ipr",
    "note": null
   }
  },
  {
   "type": "Feature",
   "geometry": {
    "type": "Point",
    "coordinates": [
     14.503944,
     50.074109
    ]
   },
   "properties": {
    "id": "ipr-pitka-159",
    "name": "Pítko Novostrašnická",
    "category": "fountain",
    "cooling": "water",
    "typical_c": null,
    "free_entry": null,
    "opening_hours": null,
    "address": null,
    "source": "ipr",
    "note": null
   }
  },
  {
   "type": "Feature",
   "geometry": {
    "type": "Point",
    "coordinates": [
     14.503989,
     50.07352
    ]
   },
   "properties": {
    "id": "ipr-pitka-160",
    "name": "Pítko Aleji republiky",
    "category": "fountain",
    "cooling": "water",
    "typical_c": null,
    "free_entry": null,
    "opening_hours": null,
    "address": null,
    "source": "ipr",
    "note": null
   }
  },
  {
   "type": "Feature",
   "geometry": {
    "type": "Point",
    "coordinates": [
     14.478416,
     50.071283
    ]
   },
   "properties": {
    "id": "ipr-pitka-161",
    "name": "Pítko Kubánské náměstí",
    "category": "fountain",
    "cooling": "water",
    "typical_c": null,
    "free_entry": null,
    "opening_hours": null,
    "address": null,
    "source": "ipr",
    "note": null
   }
  },
  {
   "type": "Feature",
   "geometry": {
    "type": "Point",
    "coordinates": [
     14.504556,
     50.081408
    ]
   },
   "properties": {
    "id": "ipr-pitka-162",
    "name": "Pítko Přistoupimská",
    "category": "fountain",
    "cooling": "water",
    "typical_c": null,
    "free_entry": null,
    "opening_hours": null,
    "address": null,
    "source": "ipr",
    "note": null
   }
  },
  {
   "type": "Feature",
   "geometry": {
    "type": "Point",
    "coordinates": [
     14.493422,
     50.088864
    ]
   },
   "properties": {
    "id": "ipr-pitka-163",
    "name": "Pítko Habrová",
    "category": "fountain",
    "cooling": "water",
    "typical_c": null,
    "free_entry": null,
    "opening_hours": null,
    "address": null,
    "source": "ipr",
    "note": "omezená přístupnost"
   }
  },
  {
   "type": "Feature",
   "geometry": {
    "type": "Point",
    "coordinates": [
     14.499169,
     50.083397
    ]
   },
   "properties": {
    "id": "ipr-pitka-164",
    "name": "Pítko Malešický park",
    "category": "fountain",
    "cooling": "water",
    "typical_c": null,
    "free_entry": null,
    "opening_hours": null,
    "address": null,
    "source": "ipr",
    "note": null
   }
  },
  {
   "type": "Feature",
   "geometry": {
    "type": "Point",
    "coordinates": [
     14.498443,
     50.084757
    ]
   },
   "properties": {
    "id": "ipr-pitka-166",
    "name": "Pítko Malešický park",
    "category": "fountain",
    "cooling": "water",
    "typical_c": null,
    "free_entry": null,
    "opening_hours": null,
    "address": null,
    "source": "ipr",
    "note": null
   }
  },
  {
   "type": "Feature",
   "geometry": {
    "type": "Point",
    "coordinates": [
     14.475614,
     50.088207
    ]
   },
   "properties": {
    "id": "ipr-pitka-170",
    "name": "Pítko park Židovské pece",
    "category": "fountain",
    "cooling": "water",
    "typical_c": null,
    "free_entry": null,
    "opening_hours": null,
    "address": null,
    "source": "ipr",
    "note": null
   }
  },
  {
   "type": "Feature",
   "geometry": {
    "type": "Point",
    "coordinates": [
     14.464586,
     50.085721
    ]
   },
   "properties": {
    "id": "ipr-pitka-171",
    "name": "Pítko Parukářka",
    "category": "fountain",
    "cooling": "water",
    "typical_c": null,
    "free_entry": null,
    "opening_hours": null,
    "address": null,
    "source": "ipr",
    "note": null
   }
  },
  {
   "type": "Feature",
   "geometry": {
    "type": "Point",
    "coordinates": [
     14.461213,
     50.084524
    ]
   },
   "properties": {
    "id": "ipr-pitka-174",
    "name": "Pítko Parukářka",
    "category": "fountain",
    "cooling": "water",
    "typical_c": null,
    "free_entry": null,
    "opening_hours": null,
    "address": null,
    "source": "ipr",
    "note": null
   }
  },
  {
   "type": "Feature",
   "geometry": {
    "type": "Point",
    "coordinates": [
     14.457935,
     50.084695
    ]
   },
   "properties": {
    "id": "ipr-pitka-175",
    "name": "Pítko Bezovka",
    "category": "fountain",
    "cooling": "water",
    "typical_c": null,
    "free_entry": null,
    "opening_hours": null,
    "address": null,
    "source": "ipr",
    "note": null
   }
  },
  {
   "type": "Feature",
   "geometry": {
    "type": "Point",
    "coordinates": [
     14.462051,
     50.088017
    ]
   },
   "properties": {
    "id": "ipr-pitka-176",
    "name": "Pítko na náměstí Barikád",
    "category": "fountain",
    "cooling": "water",
    "typical_c": null,
    "free_entry": null,
    "opening_hours": null,
    "address": null,
    "source": "ipr",
    "note": null
   }
  },
  {
   "type": "Feature",
   "geometry": {
    "type": "Point",
    "coordinates": [
     14.465122,
     50.090952
    ]
   },
   "properties": {
    "id": "ipr-pitka-177",
    "name": "Pítko Pražačka",
    "category": "fountain",
    "cooling": "water",
    "typical_c": null,
    "free_entry": null,
    "opening_hours": null,
    "address": null,
    "source": "ipr",
    "note": null
   }
  },
  {
   "type": "Feature",
   "geometry": {
    "type": "Point",
    "coordinates": [
     14.45334,
     50.087883
    ]
   },
   "properties": {
    "id": "ipr-pitka-178",
    "name": "Pítko Tachovské náměstí",
    "category": "fountain",
    "cooling": "water",
    "typical_c": null,
    "free_entry": null,
    "opening_hours": null,
    "address": null,
    "source": "ipr",
    "note": null
   }
  },
  {
   "type": "Feature",
   "geometry": {
    "type": "Point",
    "coordinates": [
     14.424424,
     50.042339
    ]
   },
   "properties": {
    "id": "ipr-pitka-179",
    "name": "Pítko v parku Adolfa Borna",
    "category": "fountain",
    "cooling": "water",
    "typical_c": null,
    "free_entry": null,
    "opening_hours": null,
    "address": null,
    "source": "ipr",
    "note": "omezená přístupnost"
   }
  },
  {
   "type": "Feature",
   "geometry": {
    "type": "Point",
    "coordinates": [
     14.430584,
     50.045599
    ]
   },
   "properties": {
    "id": "ipr-pitka-180",
    "name": "Pítko K Sídlišti",
    "category": "fountain",
    "cooling": "water",
    "typical_c": null,
    "free_entry": null,
    "opening_hours": null,
    "address": null,
    "source": "ipr",
    "note": null
   }
  },
  {
   "type": "Feature",
   "geometry": {
    "type": "Point",
    "coordinates": [
     14.442039,
     50.045346
    ]
   },
   "properties": {
    "id": "ipr-pitka-181",
    "name": "Pítko Pacovská",
    "category": "fountain",
    "cooling": "water",
    "typical_c": null,
    "free_entry": null,
    "opening_hours": null,
    "address": null,
    "source": "ipr",
    "note": "omezená přístupnost"
   }
  },
  {
   "type": "Feature",
   "geometry": {
    "type": "Point",
    "coordinates": [
     14.432311,
     50.049913
    ]
   },
   "properties": {
    "id": "ipr-pitka-182",
    "name": "Pítko v parku Na Pankráci",
    "category": "fountain",
    "cooling": "water",
    "typical_c": null,
    "free_entry": null,
    "opening_hours": null,
    "address": null,
    "source": "ipr",
    "note": null
   }
  },
  {
   "type": "Feature",
   "geometry": {
    "type": "Point",
    "coordinates": [
     14.430232,
     50.049042
    ]
   },
   "properties": {
    "id": "ipr-pitka-183",
    "name": "Pítko park Na Pankráci",
    "category": "fountain",
    "cooling": "water",
    "typical_c": null,
    "free_entry": null,
    "opening_hours": null,
    "address": null,
    "source": "ipr",
    "note": null
   }
  },
  {
   "type": "Feature",
   "geometry": {
    "type": "Point",
    "coordinates": [
     14.435581,
     50.050132
    ]
   },
   "properties": {
    "id": "ipr-pitka-184",
    "name": "Pítko Pujmanové",
    "category": "fountain",
    "cooling": "water",
    "typical_c": null,
    "free_entry": null,
    "opening_hours": null,
    "address": null,
    "source": "ipr",
    "note": null
   }
  },
  {
   "type": "Feature",
   "geometry": {
    "type": "Point",
    "coordinates": [
     14.456137,
     50.04953
    ]
   },
   "properties": {
    "id": "ipr-pitka-185",
    "name": "Pítko Baarův park",
    "category": "fountain",
    "cooling": "water",
    "typical_c": null,
    "free_entry": null,
    "opening_hours": null,
    "address": null,
    "source": "ipr",
    "note": null
   }
  },
  {
   "type": "Feature",
   "geometry": {
    "type": "Point",
    "coordinates": [
     14.458126,
     50.046567
    ]
   },
   "properties": {
    "id": "ipr-pitka-186",
    "name": "Pítko Park Brumlovka",
    "category": "fountain",
    "cooling": "water",
    "typical_c": null,
    "free_entry": null,
    "opening_hours": null,
    "address": null,
    "source": "ipr",
    "note": null
   }
  },
  {
   "type": "Feature",
   "geometry": {
    "type": "Point",
    "coordinates": [
     14.461288,
     50.048513
    ]
   },
   "properties": {
    "id": "ipr-pitka-187",
    "name": "Pítko Park V Zápolí",
    "category": "fountain",
    "cooling": "water",
    "typical_c": null,
    "free_entry": null,
    "opening_hours": null,
    "address": null,
    "source": "ipr",
    "note": null
   }
  },
  {
   "type": "Feature",
   "geometry": {
    "type": "Point",
    "coordinates": [
     14.464027,
     50.047338
    ]
   },
   "properties": {
    "id": "ipr-pitka-188",
    "name": "Pítko Na Úlehli",
    "category": "fountain",
    "cooling": "water",
    "typical_c": null,
    "free_entry": null,
    "opening_hours": null,
    "address": null,
    "source": "ipr",
    "note": null
   }
  },
  {
   "type": "Feature",
   "geometry": {
    "type": "Point",
    "coordinates": [
     14.434592,
     50.055645
    ]
   },
   "properties": {
    "id": "ipr-pitka-189",
    "name": "Pítko Děkanská vinice I",
    "category": "fountain",
    "cooling": "water",
    "typical_c": null,
    "free_entry": null,
    "opening_hours": null,
    "address": null,
    "source": "ipr",
    "note": null
   }
  },
  {
   "type": "Feature",
   "geometry": {
    "type": "Point",
    "coordinates": [
     14.43199,
     50.058256
    ]
   },
   "properties": {
    "id": "ipr-pitka-190",
    "name": "Pítko u kostela sv. Pankráce",
    "category": "fountain",
    "cooling": "water",
    "typical_c": null,
    "free_entry": null,
    "opening_hours": null,
    "address": null,
    "source": "ipr",
    "note": null
   }
  },
  {
   "type": "Feature",
   "geometry": {
    "type": "Point",
    "coordinates": [
     14.45569,
     50.059095
    ]
   },
   "properties": {
    "id": "ipr-pitka-191",
    "name": "Pítko Nad Vinným potokem",
    "category": "fountain",
    "cooling": "water",
    "typical_c": null,
    "free_entry": null,
    "opening_hours": null,
    "address": null,
    "source": "ipr",
    "note": null
   }
  },
  {
   "type": "Feature",
   "geometry": {
    "type": "Point",
    "coordinates": [
     14.448285,
     50.066677
    ]
   },
   "properties": {
    "id": "ipr-pitka-192",
    "name": "Pítko v parku Jiřího Koláře",
    "category": "fountain",
    "cooling": "water",
    "typical_c": null,
    "free_entry": null,
    "opening_hours": null,
    "address": null,
    "source": "ipr",
    "note": null
   }
  },
  {
   "type": "Feature",
   "geometry": {
    "type": "Point",
    "coordinates": [
     14.457285,
     50.065063
    ]
   },
   "properties": {
    "id": "ipr-pitka-193",
    "name": "Pítko Přípotoční",
    "category": "fountain",
    "cooling": "water",
    "typical_c": null,
    "free_entry": null,
    "opening_hours": null,
    "address": null,
    "source": "ipr",
    "note": "omezená přístupnost"
   }
  },
  {
   "type": "Feature",
   "geometry": {
    "type": "Point",
    "coordinates": [
     14.44744,
     50.064995
    ]
   },
   "properties": {
    "id": "ipr-pitka-194",
    "name": "Pítko nádraží Vršovice",
    "category": "fountain",
    "cooling": "water",
    "typical_c": null,
    "free_entry": null,
    "opening_hours": null,
    "address": null,
    "source": "ipr",
    "note": null
   }
  },
  {
   "type": "Feature",
   "geometry": {
    "type": "Point",
    "coordinates": [
     14.455433,
     50.069212
    ]
   },
   "properties": {
    "id": "ipr-pitka-195",
    "name": "Pítko Moskevská",
    "category": "fountain",
    "cooling": "water",
    "typical_c": null,
    "free_entry": null,
    "opening_hours": null,
    "address": null,
    "source": "ipr",
    "note": null
   }
  },
  {
   "type": "Feature",
   "geometry": {
    "type": "Point",
    "coordinates": [
     14.45365,
     50.069123
    ]
   },
   "properties": {
    "id": "ipr-pitka-196",
    "name": "Pítko Vršovické náměstí",
    "category": "fountain",
    "cooling": "water",
    "typical_c": null,
    "free_entry": null,
    "opening_hours": null,
    "address": null,
    "source": "ipr",
    "note": null
   }
  },
  {
   "type": "Feature",
   "geometry": {
    "type": "Point",
    "coordinates": [
     14.451578,
     50.070527
    ]
   },
   "properties": {
    "id": "ipr-pitka-197",
    "name": "Pítko Košická",
    "category": "fountain",
    "cooling": "water",
    "typical_c": null,
    "free_entry": null,
    "opening_hours": null,
    "address": null,
    "source": "ipr",
    "note": null
   }
  },
  {
   "type": "Feature",
   "geometry": {
    "type": "Point",
    "coordinates": [
     14.447764,
     50.069891
    ]
   },
   "properties": {
    "id": "ipr-pitka-198",
    "name": "Pítko Havlíčkovy sady",
    "category": "fountain",
    "cooling": "water",
    "typical_c": null,
    "free_entry": null,
    "opening_hours": null,
    "address": null,
    "source": "ipr",
    "note": null
   }
  },
  {
   "type": "Feature",
   "geometry": {
    "type": "Point",
    "coordinates": [
     14.44242,
     50.069712
    ]
   },
   "properties": {
    "id": "ipr-pitka-200",
    "name": "Pítko Havlíčkovy sady",
    "category": "fountain",
    "cooling": "water",
    "typical_c": null,
    "free_entry": null,
    "opening_hours": null,
    "address": null,
    "source": "ipr",
    "note": "omezená přístupnost"
   }
  },
  {
   "type": "Feature",
   "geometry": {
    "type": "Point",
    "coordinates": [
     14.461231,
     50.072414
    ]
   },
   "properties": {
    "id": "ipr-pitka-201",
    "name": "Pítko Tolstého",
    "category": "fountain",
    "cooling": "water",
    "typical_c": null,
    "free_entry": null,
    "opening_hours": null,
    "address": null,
    "source": "ipr",
    "note": "omezená přístupnost"
   }
  },
  {
   "type": "Feature",
   "geometry": {
    "type": "Point",
    "coordinates": [
     14.462398,
     50.072403
    ]
   },
   "properties": {
    "id": "ipr-pitka-202",
    "name": "Pítko park F. A. Libry",
    "category": "fountain",
    "cooling": "water",
    "typical_c": null,
    "free_entry": null,
    "opening_hours": null,
    "address": null,
    "source": "ipr",
    "note": "omezená přístupnost"
   }
  },
  {
   "type": "Feature",
   "geometry": {
    "type": "Point",
    "coordinates": [
     14.466511,
     50.077425
    ]
   },
   "properties": {
    "id": "ipr-pitka-203",
    "name": "Pítko náměstí Jiřího z Lobkovic",
    "category": "fountain",
    "cooling": "water",
    "typical_c": null,
    "free_entry": null,
    "opening_hours": null,
    "address": null,
    "source": "ipr",
    "note": null
   }
  },
  {
   "type": "Feature",
   "geometry": {
    "type": "Point",
    "coordinates": [
     14.454811,
     50.08092
    ]
   },
   "properties": {
    "id": "ipr-pitka-204",
    "name": "Pítko Žižkovo náměstí",
    "category": "fountain",
    "cooling": "water",
    "typical_c": null,
    "free_entry": null,
    "opening_hours": null,
    "address": null,
    "source": "ipr",
    "note": null
   }
  },
  {
   "type": "Feature",
   "geometry": {
    "type": "Point",
    "coordinates": [
     14.456722,
     50.080114
    ]
   },
   "properties": {
    "id": "ipr-pitka-205",
    "name": "Vnitroblok Radhošťská",
    "category": "fountain",
    "cooling": "water",
    "typical_c": null,
    "free_entry": null,
    "opening_hours": null,
    "address": null,
    "source": "ipr",
    "note": "omezená přístupnost"
   }
  },
  {
   "type": "Feature",
   "geometry": {
    "type": "Point",
    "coordinates": [
     14.448928,
     50.078299
    ]
   },
   "properties": {
    "id": "ipr-pitka-206",
    "name": "Pítko náměstí Jiřího z Poděbrad",
    "category": "fountain",
    "cooling": "water",
    "typical_c": null,
    "free_entry": null,
    "opening_hours": null,
    "address": null,
    "source": "ipr",
    "note": null
   }
  },
  {
   "type": "Feature",
   "geometry": {
    "type": "Point",
    "coordinates": [
     14.451134,
     50.078537
    ]
   },
   "properties": {
    "id": "ipr-pitka-207",
    "name": "Pítko náměstí Jiřího z Poděbrad",
    "category": "fountain",
    "cooling": "water",
    "typical_c": null,
    "free_entry": null,
    "opening_hours": null,
    "address": null,
    "source": "ipr",
    "note": null
   }
  },
  {
   "type": "Feature",
   "geometry": {
    "type": "Point",
    "coordinates": [
     14.448779,
     50.076137
    ]
   },
   "properties": {
    "id": "ipr-pitka-208",
    "name": "Pítko Slezská",
    "category": "fountain",
    "cooling": "water",
    "typical_c": null,
    "free_entry": null,
    "opening_hours": null,
    "address": null,
    "source": "ipr",
    "note": null
   }
  },
  {
   "type": "Feature",
   "geometry": {
    "type": "Point",
    "coordinates": [
     14.444841,
     50.076835
    ]
   },
   "properties": {
    "id": "ipr-pitka-209",
    "name": "Pítko Sady Svatopluka Čecha",
    "category": "fountain",
    "cooling": "water",
    "typical_c": null,
    "free_entry": null,
    "opening_hours": null,
    "address": null,
    "source": "ipr",
    "note": null
   }
  },
  {
   "type": "Feature",
   "geometry": {
    "type": "Point",
    "coordinates": [
     14.441712,
     50.081014
    ]
   },
   "properties": {
    "id": "ipr-pitka-210",
    "name": "Pítko Riegrovy sady",
    "category": "fountain",
    "cooling": "water",
    "typical_c": null,
    "free_entry": null,
    "opening_hours": null,
    "address": null,
    "source": "ipr",
    "note": null
   }
  },
  {
   "type": "Feature",
   "geometry": {
    "type": "Point",
    "coordinates": [
     14.446971,
     50.092989
    ]
   },
   "properties": {
    "id": "ipr-pitka-211",
    "name": "Pítko Karlínské náměstí",
    "category": "fountain",
    "cooling": "water",
    "typical_c": null,
    "free_entry": null,
    "opening_hours": null,
    "address": null,
    "source": "ipr",
    "note": null
   }
  },
  {
   "type": "Feature",
   "geometry": {
    "type": "Point",
    "coordinates": [
     14.458617,
     50.093748
    ]
   },
   "properties": {
    "id": "ipr-pitka-213",
    "name": "Pítko Lyčkovo náměstí",
    "category": "fountain",
    "cooling": "water",
    "typical_c": null,
    "free_entry": null,
    "opening_hours": null,
    "address": null,
    "source": "ipr",
    "note": null
   }
  },
  {
   "type": "Feature",
   "geometry": {
    "type": "Point",
    "coordinates": [
     14.41652,
     50.063756
    ]
   },
   "properties": {
    "id": "ipr-pitka-214",
    "name": "Pítko Vyšehrad",
    "category": "fountain",
    "cooling": "water",
    "typical_c": null,
    "free_entry": null,
    "opening_hours": null,
    "address": null,
    "source": "ipr",
    "note": null
   }
  },
  {
   "type": "Feature",
   "geometry": {
    "type": "Point",
    "coordinates": [
     14.430994,
     50.067264
    ]
   },
   "properties": {
    "id": "ipr-pitka-215",
    "name": "Pítko Folimanka",
    "category": "fountain",
    "cooling": "water",
    "typical_c": null,
    "free_entry": null,
    "opening_hours": null,
    "address": null,
    "source": "ipr",
    "note": null
   }
  },
  {
   "type": "Feature",
   "geometry": {
    "type": "Point",
    "coordinates": [
     14.427638,
     50.066974
    ]
   },
   "properties": {
    "id": "ipr-pitka-216",
    "name": "Pítko Folimanka",
    "category": "fountain",
    "cooling": "water",
    "typical_c": null,
    "free_entry": null,
    "opening_hours": null,
    "address": null,
    "source": "ipr",
    "note": null
   }
  },
  {
   "type": "Feature",
   "geometry": {
    "type": "Point",
    "coordinates": [
     14.427161,
     50.073726
    ]
   },
   "properties": {
    "id": "ipr-pitka-217",
    "name": "Pítko Ke Karlovu",
    "category": "fountain",
    "cooling": "water",
    "typical_c": null,
    "free_entry": null,
    "opening_hours": null,
    "address": null,
    "source": "ipr",
    "note": "omezená přístupnost"
   }
  },
  {
   "type": "Feature",
   "geometry": {
    "type": "Point",
    "coordinates": [
     14.425562,
     50.076135
    ]
   },
   "properties": {
    "id": "ipr-pitka-218",
    "name": "Pítko Na Rybníčku",
    "category": "fountain",
    "cooling": "water",
    "typical_c": null,
    "free_entry": null,
    "opening_hours": null,
    "address": null,
    "source": "ipr",
    "note": "omezená přístupnost"
   }
  },
  {
   "type": "Feature",
   "geometry": {
    "type": "Point",
    "coordinates": [
     14.435792,
     50.074881
    ]
   },
   "properties": {
    "id": "ipr-pitka-219",
    "name": "Pítko náměstí Míru",
    "category": "fountain",
    "cooling": "water",
    "typical_c": null,
    "free_entry": null,
    "opening_hours": null,
    "address": null,
    "source": "ipr",
    "note": null
   }
  },
  {
   "type": "Feature",
   "geometry": {
    "type": "Point",
    "coordinates": [
     14.423801,
     50.082179
    ]
   },
   "properties": {
    "id": "ipr-pitka-221",
    "name": "Pítko Františkánská zahrada",
    "category": "fountain",
    "cooling": "water",
    "typical_c": null,
    "free_entry": null,
    "opening_hours": null,
    "address": null,
    "source": "ipr",
    "note": "omezená přístupnost"
   }
  },
  {
   "type": "Feature",
   "geometry": {
    "type": "Point",
    "coordinates": [
     14.420682,
     50.084684
    ]
   },
   "properties": {
    "id": "ipr-pitka-222",
    "name": "Pítko Havelská",
    "category": "fountain",
    "cooling": "water",
    "typical_c": null,
    "free_entry": null,
    "opening_hours": null,
    "address": null,
    "source": "ipr",
    "note": null
   }
  },
  {
   "type": "Feature",
   "geometry": {
    "type": "Point",
    "coordinates": [
     14.418879,
     50.084812
    ]
   },
   "properties": {
    "id": "ipr-pitka-223",
    "name": "Pítko Jilská",
    "category": "fountain",
    "cooling": "water",
    "typical_c": null,
    "free_entry": null,
    "opening_hours": null,
    "address": null,
    "source": "ipr",
    "note": null
   }
  },
  {
   "type": "Feature",
   "geometry": {
    "type": "Point",
    "coordinates": [
     14.434102,
     50.085137
    ]
   },
   "properties": {
    "id": "ipr-pitka-224",
    "name": "Pítko Vrchlického sady",
    "category": "fountain",
    "cooling": "water",
    "typical_c": null,
    "free_entry": null,
    "opening_hours": null,
    "address": null,
    "source": "ipr",
    "note": null
   }
  },
  {
   "type": "Feature",
   "geometry": {
    "type": "Point",
    "coordinates": [
     14.425792,
     50.091808
    ]
   },
   "properties": {
    "id": "ipr-pitka-226",
    "name": "Pítko Za Haštalem",
    "category": "fountain",
    "cooling": "water",
    "typical_c": null,
    "free_entry": null,
    "opening_hours": null,
    "address": null,
    "source": "ipr",
    "note": "omezená přístupnost"
   }
  },
  {
   "type": "Feature",
   "geometry": {
    "type": "Point",
    "coordinates": [
     14.424712,
     50.092879
    ]
   },
   "properties": {
    "id": "ipr-pitka-227",
    "name": "Pítko u sv. Salvatora",
    "category": "fountain",
    "cooling": "water",
    "typical_c": null,
    "free_entry": null,
    "opening_hours": null,
    "address": null,
    "source": "ipr",
    "note": "omezená přístupnost"
   }
  },
  {
   "type": "Feature",
   "geometry": {
    "type": "Point",
    "coordinates": [
     14.430822,
     50.093145
    ]
   },
   "properties": {
    "id": "ipr-pitka-228",
    "name": "Pítko Lannova",
    "category": "fountain",
    "cooling": "water",
    "typical_c": null,
    "free_entry": null,
    "opening_hours": null,
    "address": null,
    "source": "ipr",
    "note": null
   }
  },
  {
   "type": "Feature",
   "geometry": {
    "type": "Point",
    "coordinates": [
     14.43437,
     50.091535
    ]
   },
   "properties": {
    "id": "ipr-pitka-229",
    "name": "Pítko Petrské náměstí",
    "category": "fountain",
    "cooling": "water",
    "typical_c": null,
    "free_entry": null,
    "opening_hours": null,
    "address": null,
    "source": "ipr",
    "note": null
   }
  },
  {
   "type": "Feature",
   "geometry": {
    "type": "Point",
    "coordinates": [
     14.38566,
     49.96938
    ]
   },
   "properties": {
    "id": "ipr-pitka-230",
    "name": "Pítko Pirnerova",
    "category": "fountain",
    "cooling": "water",
    "typical_c": null,
    "free_entry": null,
    "opening_hours": null,
    "address": null,
    "source": "ipr",
    "note": null
   }
  },
  {
   "type": "Feature",
   "geometry": {
    "type": "Point",
    "coordinates": [
     14.393212,
     49.976478
    ]
   },
   "properties": {
    "id": "ipr-pitka-231",
    "name": "Pítko Zbraslavské náměstí",
    "category": "fountain",
    "cooling": "water",
    "typical_c": null,
    "free_entry": null,
    "opening_hours": null,
    "address": null,
    "source": "ipr",
    "note": null
   }
  },
  {
   "type": "Feature",
   "geometry": {
    "type": "Point",
    "coordinates": [
     14.37139,
     50.021583
    ]
   },
   "properties": {
    "id": "ipr-pitka-232",
    "name": "Pítko Park Granátová",
    "category": "fountain",
    "cooling": "water",
    "typical_c": null,
    "free_entry": null,
    "opening_hours": null,
    "address": null,
    "source": "ipr",
    "note": null
   }
  },
  {
   "type": "Feature",
   "geometry": {
    "type": "Point",
    "coordinates": [
     14.371441,
     50.031601
    ]
   },
   "properties": {
    "id": "ipr-pitka-233",
    "name": "Pítko Peškova",
    "category": "fountain",
    "cooling": "water",
    "typical_c": null,
    "free_entry": null,
    "opening_hours": null,
    "address": null,
    "source": "ipr",
    "note": null
   }
  },
  {
   "type": "Feature",
   "geometry": {
    "type": "Point",
    "coordinates": [
     14.37551,
     50.03309
    ]
   },
   "properties": {
    "id": "ipr-pitka-234",
    "name": "Pítko Tilleho náměstí",
    "category": "fountain",
    "cooling": "water",
    "typical_c": null,
    "free_entry": null,
    "opening_hours": null,
    "address": null,
    "source": "ipr",
    "note": null
   }
  },
  {
   "type": "Feature",
   "geometry": {
    "type": "Point",
    "coordinates": [
     14.377004,
     50.034334
    ]
   },
   "properties": {
    "id": "ipr-pitka-235",
    "name": "Pítko Tilleho náměstí",
    "category": "fountain",
    "cooling": "water",
    "typical_c": null,
    "free_entry": null,
    "opening_hours": null,
    "address": null,
    "source": "ipr",
    "note": null
   }
  },
  {
   "type": "Feature",
   "geometry": {
    "type": "Point",
    "coordinates": [
     14.378289,
     50.036755
    ]
   },
   "properties": {
    "id": "ipr-pitka-236",
    "name": "Pítko Chaplinovo náměstí",
    "category": "fountain",
    "cooling": "water",
    "typical_c": null,
    "free_entry": null,
    "opening_hours": null,
    "address": null,
    "source": "ipr",
    "note": null
   }
  },
  {
   "type": "Feature",
   "geometry": {
    "type": "Point",
    "coordinates": [
     14.38984,
     50.041792
    ]
   },
   "properties": {
    "id": "ipr-pitka-237",
    "name": "Pítko K Dalejím",
    "category": "fountain",
    "cooling": "water",
    "typical_c": null,
    "free_entry": null,
    "opening_hours": null,
    "address": null,
    "source": "ipr",
    "note": null
   }
  },
  {
   "type": "Feature",
   "geometry": {
    "type": "Point",
    "coordinates": [
     14.394585,
     50.041496
    ]
   },
   "properties": {
    "id": "ipr-pitka-238",
    "name": "Pítko Hlubočepská",
    "category": "fountain",
    "cooling": "water",
    "typical_c": null,
    "free_entry": null,
    "opening_hours": null,
    "address": null,
    "source": "ipr",
    "note": null
   }
  },
  {
   "type": "Feature",
   "geometry": {
    "type": "Point",
    "coordinates": [
     14.313085,
     50.032167
    ]
   },
   "properties": {
    "id": "ipr-pitka-239",
    "name": "Pítko Sousední",
    "category": "fountain",
    "cooling": "water",
    "typical_c": null,
    "free_entry": null,
    "opening_hours": null,
    "address": null,
    "source": "ipr",
    "note": null
   }
  },
  {
   "type": "Feature",
   "geometry": {
    "type": "Point",
    "coordinates": [
     14.33271,
     50.037484
    ]
   },
   "properties": {
    "id": "ipr-pitka-240",
    "name": "Pítko Dalejský park",
    "category": "fountain",
    "cooling": "water",
    "typical_c": null,
    "free_entry": null,
    "opening_hours": null,
    "address": null,
    "source": "ipr",
    "note": null
   }
  },
  {
   "type": "Feature",
   "geometry": {
    "type": "Point",
    "coordinates": [
     14.331943,
     50.042995
    ]
   },
   "properties": {
    "id": "ipr-pitka-241",
    "name": "Pítko Brdičkova",
    "category": "fountain",
    "cooling": "water",
    "typical_c": null,
    "free_entry": null,
    "opening_hours": null,
    "address": null,
    "source": "ipr",
    "note": null
   }
  },
  {
   "type": "Feature",
   "geometry": {
    "type": "Point",
    "coordinates": [
     14.316032,
     50.050361
    ]
   },
   "properties": {
    "id": "ipr-pitka-242",
    "name": "Pítko Panská zahrada",
    "category": "fountain",
    "cooling": "water",
    "typical_c": null,
    "free_entry": null,
    "opening_hours": null,
    "address": null,
    "source": "ipr",
    "note": null
   }
  },
  {
   "type": "Feature",
   "geometry": {
    "type": "Point",
    "coordinates": [
     14.35088,
     50.050965
    ]
   },
   "properties": {
    "id": "ipr-pitka-243",
    "name": "Pítko Metronom Business Centre",
    "category": "fountain",
    "cooling": "water",
    "typical_c": null,
    "free_entry": null,
    "opening_hours": null,
    "address": null,
    "source": "ipr",
    "note": null
   }
  },
  {
   "type": "Feature",
   "geometry": {
    "type": "Point",
    "coordinates": [
     14.35212,
     50.052018
    ]
   },
   "properties": {
    "id": "ipr-pitka-244",
    "name": "Pítko Bucharova",
    "category": "fountain",
    "cooling": "water",
    "typical_c": null,
    "free_entry": null,
    "opening_hours": null,
    "address": null,
    "source": "ipr",
    "note": null
   }
  },
  {
   "type": "Feature",
   "geometry": {
    "type": "Point",
    "coordinates": [
     14.392477,
     50.062034
    ]
   },
   "properties": {
    "id": "ipr-pitka-245",
    "name": "Pítko park Na Pláni",
    "category": "fountain",
    "cooling": "water",
    "typical_c": null,
    "free_entry": null,
    "opening_hours": null,
    "address": null,
    "source": "ipr",
    "note": null
   }
  },
  {
   "type": "Feature",
   "geometry": {
    "type": "Point",
    "coordinates": [
     14.366938,
     50.069708
    ]
   },
   "properties": {
    "id": "ipr-pitka-247",
    "name": "Pítko Košířské náměstí",
    "category": "fountain",
    "cooling": "water",
    "typical_c": null,
    "free_entry": null,
    "opening_hours": null,
    "address": null,
    "source": "ipr",
    "note": null
   }
  },
  {
   "type": "Feature",
   "geometry": {
    "type": "Point",
    "coordinates": [
     14.351994,
     50.071623
    ]
   },
   "properties": {
    "id": "ipr-pitka-248",
    "name": "Pítko Hamsíkova",
    "category": "fountain",
    "cooling": "water",
    "typical_c": null,
    "free_entry": null,
    "opening_hours": null,
    "address": null,
    "source": "ipr",
    "note": null
   }
  },
  {
   "type": "Feature",
   "geometry": {
    "type": "Point",
    "coordinates": [
     14.336244,
     50.08488
    ]
   },
   "properties": {
    "id": "ipr-pitka-249",
    "name": "Pítko Obora Hvězda",
    "category": "fountain",
    "cooling": "water",
    "typical_c": null,
    "free_entry": null,
    "opening_hours": null,
    "address": null,
    "source": "ipr",
    "note": null
   }
  },
  {
   "type": "Feature",
   "geometry": {
    "type": "Point",
    "coordinates": [
     14.344501,
     50.08798
    ]
   },
   "properties": {
    "id": "ipr-pitka-250",
    "name": "Pítko Na Petřinách",
    "category": "fountain",
    "cooling": "water",
    "typical_c": null,
    "free_entry": null,
    "opening_hours": null,
    "address": null,
    "source": "ipr",
    "note": null
   }
  },
  {
   "type": "Feature",
   "geometry": {
    "type": "Point",
    "coordinates": [
     14.34581,
     50.089097
    ]
   },
   "properties": {
    "id": "ipr-pitka-251",
    "name": "Pítko Peštukova",
    "category": "fountain",
    "cooling": "water",
    "typical_c": null,
    "free_entry": null,
    "opening_hours": null,
    "address": null,
    "source": "ipr",
    "note": null
   }
  },
  {
   "type": "Feature",
   "geometry": {
    "type": "Point",
    "coordinates": [
     14.387959,
     50.087814
    ]
   },
   "properties": {
    "id": "ipr-pitka-252",
    "name": "Pítko Pohořelec",
    "category": "fountain",
    "cooling": "water",
    "typical_c": null,
    "free_entry": null,
    "opening_hours": null,
    "address": null,
    "source": "ipr",
    "note": null
   }
  },
  {
   "type": "Feature",
   "geometry": {
    "type": "Point",
    "coordinates": [
     14.372312,
     50.091275
    ]
   },
   "properties": {
    "id": "ipr-pitka-253",
    "name": "Pítko náměstí Před Bateriemi",
    "category": "fountain",
    "cooling": "water",
    "typical_c": null,
    "free_entry": null,
    "opening_hours": null,
    "address": null,
    "source": "ipr",
    "note": null
   }
  },
  {
   "type": "Feature",
   "geometry": {
    "type": "Point",
    "coordinates": [
     14.395913,
     50.106043
    ]
   },
   "properties": {
    "id": "ipr-pitka-254",
    "name": "Pítko náměstí Interbrigády",
    "category": "fountain",
    "cooling": "water",
    "typical_c": null,
    "free_entry": null,
    "opening_hours": null,
    "address": null,
    "source": "ipr",
    "note": null
   }
  },
  {
   "type": "Feature",
   "geometry": {
    "type": "Point",
    "coordinates": [
     14.39807,
     50.106865
    ]
   },
   "properties": {
    "id": "ipr-pitka-255",
    "name": "Pítko Park Generála Lázaro Cárdenase",
    "category": "fountain",
    "cooling": "water",
    "typical_c": null,
    "free_entry": null,
    "opening_hours": null,
    "address": null,
    "source": "ipr",
    "note": null
   }
  },
  {
   "type": "Feature",
   "geometry": {
    "type": "Point",
    "coordinates": [
     14.407096,
     50.112837
    ]
   },
   "properties": {
    "id": "ipr-pitka-256",
    "name": "Pítko v areálu Nové vodní linky",
    "category": "fountain",
    "cooling": "water",
    "typical_c": null,
    "free_entry": null,
    "opening_hours": null,
    "address": null,
    "source": "ipr",
    "note": null
   }
  },
  {
   "type": "Feature",
   "geometry": {
    "type": "Point",
    "coordinates": [
     14.394196,
     50.098518
    ]
   },
   "properties": {
    "id": "ipr-pitka-257",
    "name": "Pítko Generála Píky",
    "category": "fountain",
    "cooling": "water",
    "typical_c": null,
    "free_entry": null,
    "opening_hours": null,
    "address": null,
    "source": "ipr",
    "note": "omezená přístupnost"
   }
  },
  {
   "type": "Feature",
   "geometry": {
    "type": "Point",
    "coordinates": [
     14.39775,
     50.098236
    ]
   },
   "properties": {
    "id": "ipr-pitka-258",
    "name": "Pítko Šabachův park",
    "category": "fountain",
    "cooling": "water",
    "typical_c": null,
    "free_entry": null,
    "opening_hours": null,
    "address": null,
    "source": "ipr",
    "note": null
   }
  },
  {
   "type": "Feature",
   "geometry": {
    "type": "Point",
    "coordinates": [
     14.404962,
     50.097656
    ]
   },
   "properties": {
    "id": "ipr-pitka-259",
    "name": "Pítko Milady Horákové",
    "category": "fountain",
    "cooling": "water",
    "typical_c": null,
    "free_entry": null,
    "opening_hours": null,
    "address": null,
    "source": "ipr",
    "note": null
   }
  },
  {
   "type": "Feature",
   "geometry": {
    "type": "Point",
    "coordinates": [
     14.421378,
     50.105494
    ]
   },
   "properties": {
    "id": "ipr-pitka-260",
    "name": "Pítko Stromovka",
    "category": "fountain",
    "cooling": "water",
    "typical_c": null,
    "free_entry": null,
    "opening_hours": null,
    "address": null,
    "source": "ipr",
    "note": null
   }
  },
  {
   "type": "Feature",
   "geometry": {
    "type": "Point",
    "coordinates": [
     14.422239,
     50.107115
    ]
   },
   "properties": {
    "id": "ipr-pitka-261",
    "name": "Pítko Stromovka",
    "category": "fountain",
    "cooling": "water",
    "typical_c": null,
    "free_entry": null,
    "opening_hours": null,
    "address": null,
    "source": "ipr",
    "note": null
   }
  },
  {
   "type": "Feature",
   "geometry": {
    "type": "Point",
    "coordinates": [
     14.421461,
     50.109515
    ]
   },
   "properties": {
    "id": "ipr-pitka-262",
    "name": "Pítko Stromovka",
    "category": "fountain",
    "cooling": "water",
    "typical_c": null,
    "free_entry": null,
    "opening_hours": null,
    "address": null,
    "source": "ipr",
    "note": null
   }
  },
  {
   "type": "Feature",
   "geometry": {
    "type": "Point",
    "coordinates": [
     14.424154,
     50.108452
    ]
   },
   "properties": {
    "id": "ipr-pitka-263",
    "name": "Pítko Výstaviště",
    "category": "fountain",
    "cooling": "water",
    "typical_c": null,
    "free_entry": null,
    "opening_hours": null,
    "address": null,
    "source": "ipr",
    "note": "omezená přístupnost"
   }
  },
  {
   "type": "Feature",
   "geometry": {
    "type": "Point",
    "coordinates": [
     14.415504,
     50.100927
    ]
   },
   "properties": {
    "id": "ipr-pitka-265",
    "name": "Pítko hřiště u Sparty",
    "category": "fountain",
    "cooling": "water",
    "typical_c": null,
    "free_entry": null,
    "opening_hours": null,
    "address": null,
    "source": "ipr",
    "note": "omezená přístupnost"
   }
  },
  {
   "type": "Feature",
   "geometry": {
    "type": "Point",
    "coordinates": [
     14.423273,
     50.103075
    ]
   },
   "properties": {
    "id": "ipr-pitka-266",
    "name": "Pítko Nad Královskou oborou",
    "category": "fountain",
    "cooling": "water",
    "typical_c": null,
    "free_entry": null,
    "opening_hours": null,
    "address": null,
    "source": "ipr",
    "note": null
   }
  },
  {
   "type": "Feature",
   "geometry": {
    "type": "Point",
    "coordinates": [
     14.422975,
     50.100117
    ]
   },
   "properties": {
    "id": "ipr-pitka-267",
    "name": "Pítko Letenské náměstí",
    "category": "fountain",
    "cooling": "water",
    "typical_c": null,
    "free_entry": null,
    "opening_hours": null,
    "address": null,
    "source": "ipr",
    "note": null
   }
  },
  {
   "type": "Feature",
   "geometry": {
    "type": "Point",
    "coordinates": [
     14.429269,
     50.09742
    ]
   },
   "properties": {
    "id": "ipr-pitka-268",
    "name": "Pítko Kostelní",
    "category": "fountain",
    "cooling": "water",
    "typical_c": null,
    "free_entry": null,
    "opening_hours": null,
    "address": null,
    "source": "ipr",
    "note": "omezená přístupnost"
   }
  },
  {
   "type": "Feature",
   "geometry": {
    "type": "Point",
    "coordinates": [
     14.435698,
     50.098761
    ]
   },
   "properties": {
    "id": "ipr-pitka-269",
    "name": "Pítko Strossmayerovo náměstí",
    "category": "fountain",
    "cooling": "water",
    "typical_c": null,
    "free_entry": null,
    "opening_hours": null,
    "address": null,
    "source": "ipr",
    "note": "omezená přístupnost"
   }
  },
  {
   "type": "Feature",
   "geometry": {
    "type": "Point",
    "coordinates": [
     14.44405,
     50.102648
    ]
   },
   "properties": {
    "id": "ipr-pitka-270",
    "name": "Pítko Tovární",
    "category": "fountain",
    "cooling": "water",
    "typical_c": null,
    "free_entry": null,
    "opening_hours": null,
    "address": null,
    "source": "ipr",
    "note": null
   }
  },
  {
   "type": "Feature",
   "geometry": {
    "type": "Point",
    "coordinates": [
     14.448452,
     50.1018
    ]
   },
   "properties": {
    "id": "ipr-pitka-271",
    "name": "Pítko Tusarova",
    "category": "fountain",
    "cooling": "water",
    "typical_c": null,
    "free_entry": null,
    "opening_hours": null,
    "address": null,
    "source": "ipr",
    "note": null
   }
  },
  {
   "type": "Feature",
   "geometry": {
    "type": "Point",
    "coordinates": [
     14.447822,
     50.108223
    ]
   },
   "properties": {
    "id": "ipr-pitka-273",
    "name": "Pítko Ortenovo náměstí",
    "category": "fountain",
    "cooling": "water",
    "typical_c": null,
    "free_entry": null,
    "opening_hours": null,
    "address": null,
    "source": "ipr",
    "note": null
   }
  },
  {
   "type": "Feature",
   "geometry": {
    "type": "Point",
    "coordinates": [
     14.44763,
     50.111329
    ]
   },
   "properties": {
    "id": "ipr-pitka-274",
    "name": "Pítko U Vody",
    "category": "fountain",
    "cooling": "water",
    "typical_c": null,
    "free_entry": null,
    "opening_hours": null,
    "address": null,
    "source": "ipr",
    "note": null
   }
  },
  {
   "type": "Feature",
   "geometry": {
    "type": "Point",
    "coordinates": [
     14.44853,
     50.112247
    ]
   },
   "properties": {
    "id": "ipr-pitka-275",
    "name": "Pítko Studánka",
    "category": "fountain",
    "cooling": "water",
    "typical_c": null,
    "free_entry": null,
    "opening_hours": null,
    "address": null,
    "source": "ipr",
    "note": null
   }
  },
  {
   "type": "Feature",
   "geometry": {
    "type": "Point",
    "coordinates": [
     14.440312,
     50.11213
    ]
   },
   "properties": {
    "id": "ipr-pitka-276",
    "name": "Pítko Pod dráhou",
    "category": "fountain",
    "cooling": "water",
    "typical_c": null,
    "free_entry": null,
    "opening_hours": null,
    "address": null,
    "source": "ipr",
    "note": null
   }
  },
  {
   "type": "Feature",
   "geometry": {
    "type": "Point",
    "coordinates": [
     14.40484,
     50.070623
    ]
   },
   "properties": {
    "id": "ipr-pitka-277",
    "name": "Pítko Nádražní",
    "category": "fountain",
    "cooling": "water",
    "typical_c": null,
    "free_entry": null,
    "opening_hours": null,
    "address": null,
    "source": "ipr",
    "note": null
   }
  },
  {
   "type": "Feature",
   "geometry": {
    "type": "Point",
    "coordinates": [
     14.40935,
     50.078118
    ]
   },
   "properties": {
    "id": "ipr-pitka-278",
    "name": "Pítko Dětský ostrov",
    "category": "fountain",
    "cooling": "water",
    "typical_c": null,
    "free_entry": null,
    "opening_hours": null,
    "address": null,
    "source": "ipr",
    "note": null
   }
  },
  {
   "type": "Feature",
   "geometry": {
    "type": "Point",
    "coordinates": [
     14.408853,
     50.079446
    ]
   },
   "properties": {
    "id": "ipr-pitka-281",
    "name": "Pítko Dětský ostrov",
    "category": "fountain",
    "cooling": "water",
    "typical_c": null,
    "free_entry": null,
    "opening_hours": null,
    "address": null,
    "source": "ipr",
    "note": null
   }
  },
  {
   "type": "Feature",
   "geometry": {
    "type": "Point",
    "coordinates": [
     14.397485,
     50.080728
    ]
   },
   "properties": {
    "id": "ipr-pitka-282",
    "name": "Pítko Růžový sad",
    "category": "fountain",
    "cooling": "water",
    "typical_c": null,
    "free_entry": null,
    "opening_hours": null,
    "address": null,
    "source": "ipr",
    "note": null
   }
  },
  {
   "type": "Feature",
   "geometry": {
    "type": "Point",
    "coordinates": [
     14.39613,
     50.081669
    ]
   },
   "properties": {
    "id": "ipr-pitka-283",
    "name": "Pítko Petřín",
    "category": "fountain",
    "cooling": "water",
    "typical_c": null,
    "free_entry": null,
    "opening_hours": null,
    "address": null,
    "source": "ipr",
    "note": null
   }
  },
  {
   "type": "Feature",
   "geometry": {
    "type": "Point",
    "coordinates": [
     14.393095,
     50.08585
    ]
   },
   "properties": {
    "id": "ipr-pitka-284",
    "name": "Pítko Strahovská zahrada",
    "category": "fountain",
    "cooling": "water",
    "typical_c": null,
    "free_entry": null,
    "opening_hours": null,
    "address": null,
    "source": "ipr",
    "note": null
   }
  },
  {
   "type": "Feature",
   "geometry": {
    "type": "Point",
    "coordinates": [
     14.396409,
     50.086708
    ]
   },
   "properties": {
    "id": "ipr-pitka-285",
    "name": "Pítko Vlašská",
    "category": "fountain",
    "cooling": "water",
    "typical_c": null,
    "free_entry": null,
    "opening_hours": null,
    "address": null,
    "source": "ipr",
    "note": "omezená přístupnost"
   }
  },
  {
   "type": "Feature",
   "geometry": {
    "type": "Point",
    "coordinates": [
     14.403059,
     50.083603
    ]
   },
   "properties": {
    "id": "ipr-pitka-287",
    "name": "Pítko Seminářská zahrada",
    "category": "fountain",
    "cooling": "water",
    "typical_c": null,
    "free_entry": null,
    "opening_hours": null,
    "address": null,
    "source": "ipr",
    "note": null
   }
  },
  {
   "type": "Feature",
   "geometry": {
    "type": "Point",
    "coordinates": [
     14.402898,
     50.082459
    ]
   },
   "properties": {
    "id": "ipr-pitka-288",
    "name": "Pítko Nebozízek",
    "category": "fountain",
    "cooling": "water",
    "typical_c": null,
    "free_entry": null,
    "opening_hours": null,
    "address": null,
    "source": "ipr",
    "note": null
   }
  },
  {
   "type": "Feature",
   "geometry": {
    "type": "Point",
    "coordinates": [
     14.407988,
     50.083291
    ]
   },
   "properties": {
    "id": "ipr-pitka-289",
    "name": "Pítko U Sovových mlýnů",
    "category": "fountain",
    "cooling": "water",
    "typical_c": null,
    "free_entry": null,
    "opening_hours": null,
    "address": null,
    "source": "ipr",
    "note": "omezená přístupnost"
   }
  },
  {
   "type": "Feature",
   "geometry": {
    "type": "Point",
    "coordinates": [
     14.408705,
     50.08424
    ]
   },
   "properties": {
    "id": "ipr-pitka-290",
    "name": "Pítko Kampa",
    "category": "fountain",
    "cooling": "water",
    "typical_c": null,
    "free_entry": null,
    "opening_hours": null,
    "address": null,
    "source": "ipr",
    "note": null
   }
  },
  {
   "type": "Feature",
   "geometry": {
    "type": "Point",
    "coordinates": [
     14.40919,
     50.087037
    ]
   },
   "properties": {
    "id": "ipr-pitka-291",
    "name": "Pítko pod Karlovým mostem",
    "category": "fountain",
    "cooling": "water",
    "typical_c": null,
    "free_entry": null,
    "opening_hours": null,
    "address": null,
    "source": "ipr",
    "note": "omezená přístupnost"
   }
  },
  {
   "type": "Feature",
   "geometry": {
    "type": "Point",
    "coordinates": [
     14.408552,
     50.087866
    ]
   },
   "properties": {
    "id": "ipr-pitka-292",
    "name": "Pítko Míšeňská",
    "category": "fountain",
    "cooling": "water",
    "typical_c": null,
    "free_entry": null,
    "opening_hours": null,
    "address": null,
    "source": "ipr",
    "note": "omezená přístupnost"
   }
  },
  {
   "type": "Feature",
   "geometry": {
    "type": "Point",
    "coordinates": [
     14.409124,
     50.089487
    ]
   },
   "properties": {
    "id": "ipr-pitka-293",
    "name": "Pítko Vojanovy sady",
    "category": "fountain",
    "cooling": "water",
    "typical_c": null,
    "free_entry": null,
    "opening_hours": null,
    "address": null,
    "source": "ipr",
    "note": "omezená přístupnost"
   }
  },
  {
   "type": "Feature",
   "geometry": {
    "type": "Point",
    "coordinates": [
     14.40811,
     50.090905
    ]
   },
   "properties": {
    "id": "ipr-pitka-294",
    "name": "Pítko Valdštejnská zahrada",
    "category": "fountain",
    "cooling": "water",
    "typical_c": null,
    "free_entry": null,
    "opening_hours": null,
    "address": null,
    "source": "ipr",
    "note": "omezená přístupnost"
   }
  },
  {
   "type": "Feature",
   "geometry": {
    "type": "Point",
    "coordinates": [
     14.397817,
     50.089449
    ]
   },
   "properties": {
    "id": "ipr-pitka-295",
    "name": "Pítko Hradčanské náměstí",
    "category": "fountain",
    "cooling": "water",
    "typical_c": null,
    "free_entry": null,
    "opening_hours": null,
    "address": null,
    "source": "ipr",
    "note": "omezená přístupnost"
   }
  },
  {
   "type": "Feature",
   "geometry": {
    "type": "Point",
    "coordinates": [
     14.381497,
     50.137892
    ]
   },
   "properties": {
    "id": "ipr-pitka-296",
    "name": "Pítko komunitní zahrada Suchdol",
    "category": "fountain",
    "cooling": "water",
    "typical_c": null,
    "free_entry": null,
    "opening_hours": null,
    "address": null,
    "source": "ipr",
    "note": null
   }
  },
  {
   "type": "Feature",
   "geometry": {
    "type": "Point",
    "coordinates": [
     14.391427,
     50.099678
    ]
   },
   "properties": {
    "id": "ipr-pitka-297",
    "name": "Pítko Evropská východ",
    "category": "fountain",
    "cooling": "water",
    "typical_c": null,
    "free_entry": null,
    "opening_hours": null,
    "address": null,
    "source": "ipr",
    "note": null
   }
  },
  {
   "type": "Feature",
   "geometry": {
    "type": "Point",
    "coordinates": [
     14.396516,
     50.10127
    ]
   },
   "properties": {
    "id": "ipr-pitka-298",
    "name": "Mlžítko a pítko (brčko) Vítězné náměstí",
    "category": "fountain",
    "cooling": "water",
    "typical_c": null,
    "free_entry": null,
    "opening_hours": null,
    "address": null,
    "source": "ipr",
    "note": null
   }
  },
  {
   "type": "Feature",
   "geometry": {
    "type": "Point",
    "coordinates": [
     14.425357,
     50.109654
    ]
   },
   "properties": {
    "id": "ipr-pitka-299",
    "name": "Pítko, Výstaviště",
    "category": "fountain",
    "cooling": "water",
    "typical_c": null,
    "free_entry": null,
    "opening_hours": null,
    "address": null,
    "source": "ipr",
    "note": "omezená přístupnost"
   }
  },
  {
   "type": "Feature",
   "geometry": {
    "type": "Point",
    "coordinates": [
     14.420438,
     50.100247
    ]
   },
   "properties": {
    "id": "ipr-pitka-300",
    "name": "Pítko Korunovační",
    "category": "fountain",
    "cooling": "water",
    "typical_c": null,
    "free_entry": null,
    "opening_hours": null,
    "address": null,
    "source": "ipr",
    "note": "omezená přístupnost"
   }
  },
  {
   "type": "Feature",
   "geometry": {
    "type": "Point",
    "coordinates": [
     14.40355,
     50.091721
    ]
   },
   "properties": {
    "id": "ipr-pitka-301",
    "name": "Pítko u Daliborky",
    "category": "fountain",
    "cooling": "water",
    "typical_c": null,
    "free_entry": null,
    "opening_hours": null,
    "address": null,
    "source": "ipr",
    "note": "omezená přístupnost"
   }
  },
  {
   "type": "Feature",
   "geometry": {
    "type": "Point",
    "coordinates": [
     14.395749,
     50.089662
    ]
   },
   "properties": {
    "id": "ipr-pitka-302",
    "name": "Pítko Dva Neslyšící Muzi",
    "category": "fountain",
    "cooling": "water",
    "typical_c": null,
    "free_entry": null,
    "opening_hours": null,
    "address": null,
    "source": "ipr",
    "note": null
   }
  },
  {
   "type": "Feature",
   "geometry": {
    "type": "Point",
    "coordinates": [
     14.393521,
     50.086798
    ]
   },
   "properties": {
    "id": "ipr-pitka-303",
    "name": "Pítko Strahov",
    "category": "fountain",
    "cooling": "water",
    "typical_c": null,
    "free_entry": null,
    "opening_hours": null,
    "address": null,
    "source": "ipr",
    "note": null
   }
  },
  {
   "type": "Feature",
   "geometry": {
    "type": "Point",
    "coordinates": [
     14.409899,
     50.053182
    ]
   },
   "properties": {
    "id": "ipr-pitka-304",
    "name": "Pítko Lihovar",
    "category": "fountain",
    "cooling": "water",
    "typical_c": null,
    "free_entry": null,
    "opening_hours": null,
    "address": null,
    "source": "ipr",
    "note": null
   }
  },
  {
   "type": "Feature",
   "geometry": {
    "type": "Point",
    "coordinates": [
     14.422535,
     50.058654
    ]
   },
   "properties": {
    "id": "ipr-pitka-305",
    "name": "Pítko Sinkulova",
    "category": "fountain",
    "cooling": "water",
    "typical_c": null,
    "free_entry": null,
    "opening_hours": null,
    "address": null,
    "source": "ipr",
    "note": null
   }
  },
  {
   "type": "Feature",
   "geometry": {
    "type": "Point",
    "coordinates": [
     14.428162,
     50.069506
    ]
   },
   "properties": {
    "id": "ipr-pitka-306",
    "name": "Pítko matfyz Ke Karlovu 3",
    "category": "fountain",
    "cooling": "water",
    "typical_c": null,
    "free_entry": null,
    "opening_hours": null,
    "address": null,
    "source": "ipr",
    "note": null
   }
  },
  {
   "type": "Feature",
   "geometry": {
    "type": "Point",
    "coordinates": [
     14.420538,
     50.077883
    ]
   },
   "properties": {
    "id": "ipr-pitka-307",
    "name": "Pítko Karlovo náměstí",
    "category": "fountain",
    "cooling": "water",
    "typical_c": null,
    "free_entry": null,
    "opening_hours": null,
    "address": null,
    "source": "ipr",
    "note": null
   }
  },
  {
   "type": "Feature",
   "geometry": {
    "type": "Point",
    "coordinates": [
     14.429421,
     50.093033
    ]
   },
   "properties": {
    "id": "ipr-pitka-308",
    "name": "Pítko park Lannova západ",
    "category": "fountain",
    "cooling": "water",
    "typical_c": null,
    "free_entry": null,
    "opening_hours": null,
    "address": null,
    "source": "ipr",
    "note": null
   }
  },
  {
   "type": "Feature",
   "geometry": {
    "type": "Point",
    "coordinates": [
     14.459622,
     50.096476
    ]
   },
   "properties": {
    "id": "ipr-pitka-309",
    "name": "Pítko psí louka Invalidovna",
    "category": "fountain",
    "cooling": "water",
    "typical_c": null,
    "free_entry": null,
    "opening_hours": null,
    "address": null,
    "source": "ipr",
    "note": null
   }
  },
  {
   "type": "Feature",
   "geometry": {
    "type": "Point",
    "coordinates": [
     14.460259,
     50.09497
    ]
   },
   "properties": {
    "id": "ipr-pitka-310",
    "name": "Pítko hřiště Invalidovna",
    "category": "fountain",
    "cooling": "water",
    "typical_c": null,
    "free_entry": null,
    "opening_hours": null,
    "address": null,
    "source": "ipr",
    "note": null
   }
  },
  {
   "type": "Feature",
   "geometry": {
    "type": "Point",
    "coordinates": [
     14.47466,
     50.101806
    ]
   },
   "properties": {
    "id": "ipr-pitka-311",
    "name": "Pítko Sokolovská",
    "category": "fountain",
    "cooling": "water",
    "typical_c": null,
    "free_entry": null,
    "opening_hours": null,
    "address": null,
    "source": "ipr",
    "note": null
   }
  },
  {
   "type": "Feature",
   "geometry": {
    "type": "Point",
    "coordinates": [
     14.455794,
     50.074343
    ]
   },
   "properties": {
    "id": "ipr-pitka-313",
    "name": "Pítko hřiště Sobotecká východ",
    "category": "fountain",
    "cooling": "water",
    "typical_c": null,
    "free_entry": null,
    "opening_hours": null,
    "address": null,
    "source": "ipr",
    "note": "omezená přístupnost"
   }
  },
  {
   "type": "Feature",
   "geometry": {
    "type": "Point",
    "coordinates": [
     14.455579,
     50.074346
    ]
   },
   "properties": {
    "id": "ipr-pitka-314",
    "name": "Pítko hriště Sobotecká západ",
    "category": "fountain",
    "cooling": "water",
    "typical_c": null,
    "free_entry": null,
    "opening_hours": null,
    "address": null,
    "source": "ipr",
    "note": "omezená přístupnost"
   }
  },
  {
   "type": "Feature",
   "geometry": {
    "type": "Point",
    "coordinates": [
     14.440759,
     50.080406
    ]
   },
   "properties": {
    "id": "ipr-pitka-315",
    "name": "Pítko Riegrovy sady střed",
    "category": "fountain",
    "cooling": "water",
    "typical_c": null,
    "free_entry": null,
    "opening_hours": null,
    "address": null,
    "source": "ipr",
    "note": null
   }
  },
  {
   "type": "Feature",
   "geometry": {
    "type": "Point",
    "coordinates": [
     14.443159,
     50.080767
    ]
   },
   "properties": {
    "id": "ipr-pitka-316",
    "name": "Pítko hřiště U Draka - Riegrovy sady",
    "category": "fountain",
    "cooling": "water",
    "typical_c": null,
    "free_entry": null,
    "opening_hours": null,
    "address": null,
    "source": "ipr",
    "note": "omezená přístupnost"
   }
  },
  {
   "type": "Feature",
   "geometry": {
    "type": "Point",
    "coordinates": [
     14.462325,
     50.08574
    ]
   },
   "properties": {
    "id": "ipr-pitka-317",
    "name": "Pítko Parukářka střed",
    "category": "fountain",
    "cooling": "water",
    "typical_c": null,
    "free_entry": null,
    "opening_hours": null,
    "address": null,
    "source": "ipr",
    "note": null
   }
  },
  {
   "type": "Feature",
   "geometry": {
    "type": "Point",
    "coordinates": [
     14.463018,
     50.085132
    ]
   },
   "properties": {
    "id": "ipr-pitka-318",
    "name": "Pítko Parukářka jihovýchod-střed",
    "category": "fountain",
    "cooling": "water",
    "typical_c": null,
    "free_entry": null,
    "opening_hours": null,
    "address": null,
    "source": "ipr",
    "note": null
   }
  },
  {
   "type": "Feature",
   "geometry": {
    "type": "Point",
    "coordinates": [
     14.465066,
     50.085971
    ]
   },
   "properties": {
    "id": "ipr-pitka-319",
    "name": "Pítko Parukářka východ",
    "category": "fountain",
    "cooling": "water",
    "typical_c": null,
    "free_entry": null,
    "opening_hours": null,
    "address": null,
    "source": "ipr",
    "note": null
   }
  },
  {
   "type": "Feature",
   "geometry": {
    "type": "Point",
    "coordinates": [
     14.476593,
     50.077176
    ]
   },
   "properties": {
    "id": "ipr-pitka-320",
    "name": "Pítko hřiště vnitroblok Soběslavská",
    "category": "fountain",
    "cooling": "water",
    "typical_c": null,
    "free_entry": null,
    "opening_hours": null,
    "address": null,
    "source": "ipr",
    "note": "omezená přístupnost"
   }
  },
  {
   "type": "Feature",
   "geometry": {
    "type": "Point",
    "coordinates": [
     14.420254,
     50.07675
    ]
   },
   "properties": {
    "id": "ipr-fontany-1",
    "name": "Bazén s fontánou v severní části parku - Karlovo náměstí",
    "category": "fountain",
    "cooling": "water",
    "typical_c": null,
    "free_entry": null,
    "opening_hours": null,
    "address": null,
    "source": "ipr",
    "note": "fontána"
   }
  },
  {
   "type": "Feature",
   "geometry": {
    "type": "Point",
    "coordinates": [
     14.420445,
     50.077809
    ]
   },
   "properties": {
    "id": "ipr-fontany-2",
    "name": "Pomník Vítězslava Hálka",
    "category": "fountain",
    "cooling": "water",
    "typical_c": null,
    "free_entry": null,
    "opening_hours": null,
    "address": null,
    "source": "ipr",
    "note": "kašna"
   }
  },
  {
   "type": "Feature",
   "geometry": {
    "type": "Point",
    "coordinates": [
     14.420981,
     50.077911
    ]
   },
   "properties": {
    "id": "ipr-fontany-3",
    "name": "Kašna s morovým sloupem",
    "category": "fountain",
    "cooling": "water",
    "typical_c": null,
    "free_entry": null,
    "opening_hours": null,
    "address": null,
    "source": "ipr",
    "note": "kašna"
   }
  },
  {
   "type": "Feature",
   "geometry": {
    "type": "Point",
    "coordinates": [
     14.418116,
     50.077587
    ]
   },
   "properties": {
    "id": "ipr-fontany-4",
    "name": "Fontána před hotelem Mosaic House",
    "category": "fountain",
    "cooling": "water",
    "typical_c": null,
    "free_entry": null,
    "opening_hours": null,
    "address": null,
    "source": "ipr",
    "note": "fontána"
   }
  },
  {
   "type": "Feature",
   "geometry": {
    "type": "Point",
    "coordinates": [
     14.413627,
     50.08156
    ]
   },
   "properties": {
    "id": "ipr-fontany-5",
    "name": "Fontánka v kavárně Slavia",
    "category": "fountain",
    "cooling": "water",
    "typical_c": null,
    "free_entry": null,
    "opening_hours": null,
    "address": null,
    "source": "ipr",
    "note": "fontána"
   }
  },
  {
   "type": "Feature",
   "geometry": {
    "type": "Point",
    "coordinates": [
     14.390045,
     50.086963
    ]
   },
   "properties": {
    "id": "ipr-fontany-6",
    "name": "Kašna v Opatské zahradě Strahovského kláštera",
    "category": "fountain",
    "cooling": "water",
    "typical_c": null,
    "free_entry": null,
    "opening_hours": null,
    "address": null,
    "source": "ipr",
    "note": "kašna"
   }
  },
  {
   "type": "Feature",
   "geometry": {
    "type": "Point",
    "coordinates": [
     14.413956,
     50.083624
    ]
   },
   "properties": {
    "id": "ipr-fontany-7",
    "name": "Kašna ve dvoře domu",
    "category": "fountain",
    "cooling": "water",
    "typical_c": null,
    "free_entry": null,
    "opening_hours": null,
    "address": null,
    "source": "ipr",
    "note": "kašna"
   }
  },
  {
   "type": "Feature",
   "geometry": {
    "type": "Point",
    "coordinates": [
     14.41469,
     50.085491
    ]
   },
   "properties": {
    "id": "ipr-fontany-8",
    "name": "Kašna věnovaná J. Keplerovi v průchodu domu",
    "category": "fountain",
    "cooling": "water",
    "typical_c": null,
    "free_entry": null,
    "opening_hours": null,
    "address": null,
    "source": "ipr",
    "note": "kašna"
   }
  },
  {
   "type": "Feature",
   "geometry": {
    "type": "Point",
    "coordinates": [
     14.390037,
     50.089662
    ]
   },
   "properties": {
    "id": "ipr-fontany-9",
    "name": "Fontána v zahradě Černínského paláce",
    "category": "fountain",
    "cooling": "water",
    "typical_c": null,
    "free_entry": null,
    "opening_hours": null,
    "address": null,
    "source": "ipr",
    "note": "fontána"
   }
  },
  {
   "type": "Feature",
   "geometry": {
    "type": "Point",
    "coordinates": [
     14.416884,
     50.086191
    ]
   },
   "properties": {
    "id": "ipr-fontany-10",
    "name": "Kašna u Klementina",
    "category": "fountain",
    "cooling": "water",
    "typical_c": null,
    "free_entry": null,
    "opening_hours": null,
    "address": null,
    "source": "ipr",
    "note": "kašna"
   }
  },
  {
   "type": "Feature",
   "geometry": {
    "type": "Point",
    "coordinates": [
     14.416095,
     50.086513
    ]
   },
   "properties": {
    "id": "ipr-fontany-11",
    "name": "Interiérová fontána v hale služeb Národní knihovny v areálu Klementina",
    "category": "fountain",
    "cooling": "water",
    "typical_c": null,
    "free_entry": null,
    "opening_hours": null,
    "address": null,
    "source": "ipr",
    "note": "fontána"
   }
  },
  {
   "type": "Feature",
   "geometry": {
    "type": "Point",
    "coordinates": [
     14.396557,
     50.088958
    ]
   },
   "properties": {
    "id": "ipr-fontany-12",
    "name": "Kašna v nádvoří Schwarzenberského paláce",
    "category": "fountain",
    "cooling": "water",
    "typical_c": null,
    "free_entry": null,
    "opening_hours": null,
    "address": null,
    "source": "ipr",
    "note": "kašna"
   }
  },
  {
   "type": "Feature",
   "geometry": {
    "type": "Point",
    "coordinates": [
     14.417658,
     50.086721
    ]
   },
   "properties": {
    "id": "ipr-fontany-13",
    "name": "Kašna s alegorickou sochou Vltavy (Terezka)",
    "category": "fountain",
    "cooling": "water",
    "typical_c": null,
    "free_entry": null,
    "opening_hours": null,
    "address": null,
    "source": "ipr",
    "note": "kašna"
   }
  },
  {
   "type": "Feature",
   "geometry": {
    "type": "Point",
    "coordinates": [
     14.418076,
     50.086422
    ]
   },
   "properties": {
    "id": "ipr-fontany-14",
    "name": "Nová kašna v nádvoří Clam-Gallasova paláce",
    "category": "fountain",
    "cooling": "water",
    "typical_c": null,
    "free_entry": null,
    "opening_hours": null,
    "address": null,
    "source": "ipr",
    "note": "kašna"
   }
  },
  {
   "type": "Feature",
   "geometry": {
    "type": "Point",
    "coordinates": [
     14.418335,
     50.08637
    ]
   },
   "properties": {
    "id": "ipr-fontany-15",
    "name": "Kašna se sochou Tritona na I. nádvoří Clam-Gallasova paláce",
    "category": "fountain",
    "cooling": "water",
    "typical_c": null,
    "free_entry": null,
    "opening_hours": null,
    "address": null,
    "source": "ipr",
    "note": "kašna"
   }
  },
  {
   "type": "Feature",
   "geometry": {
    "type": "Point",
    "coordinates": [
     14.399009,
     50.090353
    ]
   },
   "properties": {
    "id": "ipr-fontany-16",
    "name": "Kohlova kašna",
    "category": "fountain",
    "cooling": "water",
    "typical_c": null,
    "free_entry": null,
    "opening_hours": null,
    "address": null,
    "source": "ipr",
    "note": "kašna; správce: Správa Pražského hradu"
   }
  },
  {
   "type": "Feature",
   "geometry": {
    "type": "Point",
    "coordinates": [
     14.400393,
     50.090317
    ]
   },
   "properties": {
    "id": "ipr-fontany-17",
    "name": "Kašna se sochou Sv. Jiří",
    "category": "fountain",
    "cooling": "water",
    "typical_c": null,
    "free_entry": null,
    "opening_hours": null,
    "address": null,
    "source": "ipr",
    "note": "kašna; správce: Správa Pražského hradu"
   }
  },
  {
   "type": "Feature",
   "geometry": {
    "type": "Point",
    "coordinates": [
     14.401084,
     50.090501
    ]
   },
   "properties": {
    "id": "ipr-fontany-18",
    "name": "Orlí kašna",
    "category": "fountain",
    "cooling": "water",
    "typical_c": null,
    "free_entry": null,
    "opening_hours": null,
    "address": null,
    "source": "ipr",
    "note": "kašna; správce: Správa Pražského hradu"
   }
  },
  {
   "type": "Feature",
   "geometry": {
    "type": "Point",
    "coordinates": [
     14.416508,
     50.089403
    ]
   },
   "properties": {
    "id": "ipr-fontany-19",
    "name": "Fontána v zahradě Uměleckoprůmyslového muzea",
    "category": "fountain",
    "cooling": "water",
    "typical_c": null,
    "free_entry": null,
    "opening_hours": null,
    "address": null,
    "source": "ipr",
    "note": "fontána"
   }
  },
  {
   "type": "Feature",
   "geometry": {
    "type": "Point",
    "coordinates": [
     14.401812,
     50.091164
    ]
   },
   "properties": {
    "id": "ipr-fontany-20",
    "name": "Carratiho kašna",
    "category": "fountain",
    "cooling": "water",
    "typical_c": null,
    "free_entry": null,
    "opening_hours": null,
    "address": null,
    "source": "ipr",
    "note": "kašna; správce: Správa Pražského hradu"
   }
  },
  {
   "type": "Feature",
   "geometry": {
    "type": "Point",
    "coordinates": [
     14.403477,
     50.091636
    ]
   },
   "properties": {
    "id": "ipr-fontany-21",
    "name": "Kamenná kašna při vstupu do Zlaté uličky",
    "category": "fountain",
    "cooling": "water",
    "typical_c": null,
    "free_entry": null,
    "opening_hours": null,
    "address": null,
    "source": "ipr",
    "note": "kašna"
   }
  },
  {
   "type": "Feature",
   "geometry": {
    "type": "Point",
    "coordinates": [
     14.404149,
     50.091798
    ]
   },
   "properties": {
    "id": "ipr-fontany-22",
    "name": "Keramická fontána v nádvoří Nejvyššího purkrabství",
    "category": "fountain",
    "cooling": "water",
    "typical_c": null,
    "free_entry": null,
    "opening_hours": null,
    "address": null,
    "source": "ipr",
    "note": "fontána"
   }
  },
  {
   "type": "Feature",
   "geometry": {
    "type": "Point",
    "coordinates": [
     14.404654,
     50.09182
    ]
   },
   "properties": {
    "id": "ipr-fontany-23",
    "name": "Kamenná kašna na nádvoří Nejvyššího purkrabství",
    "category": "fountain",
    "cooling": "water",
    "typical_c": null,
    "free_entry": null,
    "opening_hours": null,
    "address": null,
    "source": "ipr",
    "note": "kašna"
   }
  },
  {
   "type": "Feature",
   "geometry": {
    "type": "Point",
    "coordinates": [
     14.404882,
     50.091659
    ]
   },
   "properties": {
    "id": "ipr-fontany-24",
    "name": "Kamenná kašna v Lobkovickém paláci",
    "category": "fountain",
    "cooling": "water",
    "typical_c": null,
    "free_entry": null,
    "opening_hours": null,
    "address": null,
    "source": "ipr",
    "note": "kašna"
   }
  },
  {
   "type": "Feature",
   "geometry": {
    "type": "Point",
    "coordinates": [
     14.421691,
     50.092641
    ]
   },
   "properties": {
    "id": "ipr-fontany-25",
    "name": "Kašna ve dvoře nemocnice",
    "category": "fountain",
    "cooling": "water",
    "typical_c": null,
    "free_entry": null,
    "opening_hours": null,
    "address": null,
    "source": "ipr",
    "note": "kašna"
   }
  },
  {
   "type": "Feature",
   "geometry": {
    "type": "Point",
    "coordinates": [
     14.409243,
     50.091092
    ]
   },
   "properties": {
    "id": "ipr-fontany-26",
    "name": "Fontána u stanice metra Malostranská",
    "category": "fountain",
    "cooling": "water",
    "typical_c": null,
    "free_entry": null,
    "opening_hours": null,
    "address": null,
    "source": "ipr",
    "note": "fontána"
   }
  },
  {
   "type": "Feature",
   "geometry": {
    "type": "Point",
    "coordinates": [
     14.443964,
     50.101181
    ]
   },
   "properties": {
    "id": "ipr-fontany-27",
    "name": "Fontána před kancelářskou budovou ArtGen",
    "category": "fountain",
    "cooling": "water",
    "typical_c": null,
    "free_entry": null,
    "opening_hours": null,
    "address": null,
    "source": "ipr",
    "note": "fontána"
   }
  },
  {
   "type": "Feature",
   "geometry": {
    "type": "Point",
    "coordinates": [
     14.448462,
     50.101648
    ]
   },
   "properties": {
    "id": "ipr-fontany-28",
    "name": "Keramická fontána \"Ostrovy\"",
    "category": "fountain",
    "cooling": "water",
    "typical_c": null,
    "free_entry": null,
    "opening_hours": null,
    "address": null,
    "source": "ipr",
    "note": "kašna"
   }
  },
  {
   "type": "Feature",
   "geometry": {
    "type": "Point",
    "coordinates": [
     14.453612,
     50.107513
    ]
   },
   "properties": {
    "id": "ipr-fontany-29",
    "name": "Fontána v areálu Classic 7 Business Park",
    "category": "fountain",
    "cooling": "water",
    "typical_c": null,
    "free_entry": null,
    "opening_hours": null,
    "address": null,
    "source": "ipr",
    "note": "fontána"
   }
  },
  {
   "type": "Feature",
   "geometry": {
    "type": "Point",
    "coordinates": [
     14.449736,
     50.108394
    ]
   },
   "properties": {
    "id": "ipr-fontany-30",
    "name": "Fontána na Ortenově náměstí",
    "category": "fountain",
    "cooling": "water",
    "typical_c": null,
    "free_entry": null,
    "opening_hours": null,
    "address": null,
    "source": "ipr",
    "note": "fontána"
   }
  },
  {
   "type": "Feature",
   "geometry": {
    "type": "Point",
    "coordinates": [
     14.449958,
     50.112099
    ]
   },
   "properties": {
    "id": "ipr-fontany-31",
    "name": "Fontána parku U vody",
    "category": "fountain",
    "cooling": "water",
    "typical_c": null,
    "free_entry": null,
    "opening_hours": null,
    "address": null,
    "source": "ipr",
    "note": "fontána; správce: ÚMČ Prahy 7"
   }
  },
  {
   "type": "Feature",
   "geometry": {
    "type": "Point",
    "coordinates": [
     14.442442,
     50.107206
    ]
   },
   "properties": {
    "id": "ipr-fontany-32",
    "name": "Fontána před budovou Visionary",
    "category": "fountain",
    "cooling": "water",
    "typical_c": null,
    "free_entry": null,
    "opening_hours": null,
    "address": null,
    "source": "ipr",
    "note": "fontána"
   }
  },
  {
   "type": "Feature",
   "geometry": {
    "type": "Point",
    "coordinates": [
     14.44132,
     50.107091
    ]
   },
   "properties": {
    "id": "ipr-fontany-33",
    "name": "Fontána před hotelem Absolut",
    "category": "fountain",
    "cooling": "water",
    "typical_c": null,
    "free_entry": null,
    "opening_hours": null,
    "address": null,
    "source": "ipr",
    "note": "fontána"
   }
  },
  {
   "type": "Feature",
   "geometry": {
    "type": "Point",
    "coordinates": [
     14.439579,
     50.109986
    ]
   },
   "properties": {
    "id": "ipr-fontany-34",
    "name": "Jezírko s vodotryskem v atriu Nádraží Holešovice",
    "category": "fountain",
    "cooling": "water",
    "typical_c": null,
    "free_entry": null,
    "opening_hours": null,
    "address": null,
    "source": "ipr",
    "note": "kašna"
   }
  },
  {
   "type": "Feature",
   "geometry": {
    "type": "Point",
    "coordinates": [
     14.493255,
     50.028546
    ]
   },
   "properties": {
    "id": "ipr-fontany-35",
    "name": "Fontána The Park",
    "category": "fountain",
    "cooling": "water",
    "typical_c": null,
    "free_entry": null,
    "opening_hours": null,
    "address": null,
    "source": "ipr",
    "note": "fontána"
   }
  },
  {
   "type": "Feature",
   "geometry": {
    "type": "Point",
    "coordinates": [
     14.493535,
     50.028719
    ]
   },
   "properties": {
    "id": "ipr-fontany-36",
    "name": "Fontána The Park II.",
    "category": "fountain",
    "cooling": "water",
    "typical_c": null,
    "free_entry": null,
    "opening_hours": null,
    "address": null,
    "source": "ipr",
    "note": "fontána"
   }
  },
  {
   "type": "Feature",
   "geometry": {
    "type": "Point",
    "coordinates": [
     14.494461,
     50.028283
    ]
   },
   "properties": {
    "id": "ipr-fontany-37",
    "name": "Soubor fontán v kancelářském komplexu The Park",
    "category": "fountain",
    "cooling": "water",
    "typical_c": null,
    "free_entry": null,
    "opening_hours": null,
    "address": null,
    "source": "ipr",
    "note": "fontána"
   }
  },
  {
   "type": "Feature",
   "geometry": {
    "type": "Point",
    "coordinates": [
     14.495663,
     50.026997
    ]
   },
   "properties": {
    "id": "ipr-fontany-38",
    "name": "Fontána The Park III.",
    "category": "fountain",
    "cooling": "water",
    "typical_c": null,
    "free_entry": null,
    "opening_hours": null,
    "address": null,
    "source": "ipr",
    "note": "fontána"
   }
  },
  {
   "type": "Feature",
   "geometry": {
    "type": "Point",
    "coordinates": [
     14.488504,
     50.029824
    ]
   },
   "properties": {
    "id": "ipr-fontany-39",
    "name": "Fontána u OC Chodov",
    "category": "fountain",
    "cooling": "water",
    "typical_c": null,
    "free_entry": null,
    "opening_hours": null,
    "address": null,
    "source": "ipr",
    "note": "fontána"
   }
  },
  {
   "type": "Feature",
   "geometry": {
    "type": "Point",
    "coordinates": [
     14.476509,
     50.034975
    ]
   },
   "properties": {
    "id": "ipr-fontany-40",
    "name": "Jezírko u hotelu Globus",
    "category": "fountain",
    "cooling": "water",
    "typical_c": null,
    "free_entry": null,
    "opening_hours": null,
    "address": null,
    "source": "ipr",
    "note": "kašna"
   }
  },
  {
   "type": "Feature",
   "geometry": {
    "type": "Point",
    "coordinates": [
     14.476971,
     50.037928
    ]
   },
   "properties": {
    "id": "ipr-fontany-41",
    "name": "Fontána Roztyly Plaza",
    "category": "fountain",
    "cooling": "water",
    "typical_c": null,
    "free_entry": null,
    "opening_hours": null,
    "address": null,
    "source": "ipr",
    "note": "fontána"
   }
  },
  {
   "type": "Feature",
   "geometry": {
    "type": "Point",
    "coordinates": [
     14.492586,
     50.036709
    ]
   },
   "properties": {
    "id": "ipr-fontany-42",
    "name": "Fontána se skleněnou plastikou",
    "category": "fountain",
    "cooling": "water",
    "typical_c": null,
    "free_entry": null,
    "opening_hours": null,
    "address": null,
    "source": "ipr",
    "note": "fontána"
   }
  },
  {
   "type": "Feature",
   "geometry": {
    "type": "Point",
    "coordinates": [
     14.498544,
     50.041576
    ]
   },
   "properties": {
    "id": "ipr-fontany-43",
    "name": "Kašna Blažimská",
    "category": "fountain",
    "cooling": "water",
    "typical_c": null,
    "free_entry": null,
    "opening_hours": null,
    "address": null,
    "source": "ipr",
    "note": "kašna"
   }
  },
  {
   "type": "Feature",
   "geometry": {
    "type": "Point",
    "coordinates": [
     14.501808,
     50.038503
    ]
   },
   "properties": {
    "id": "ipr-fontany-44",
    "name": "Fontána před sportovním a rekreačním areálem \"Jedenáctka\"",
    "category": "fountain",
    "cooling": "water",
    "typical_c": null,
    "free_entry": null,
    "opening_hours": null,
    "address": null,
    "source": "ipr",
    "note": "fontána"
   }
  },
  {
   "type": "Feature",
   "geometry": {
    "type": "Point",
    "coordinates": [
     14.394782,
     50.102996
    ]
   },
   "properties": {
    "id": "ipr-fontany-45",
    "name": "Fontána u Českého institutu informatiky, robotiky a kybernetiky",
    "category": "fountain",
    "cooling": "water",
    "typical_c": null,
    "free_entry": null,
    "opening_hours": null,
    "address": null,
    "source": "ipr",
    "note": "fontána"
   }
  },
  {
   "type": "Feature",
   "geometry": {
    "type": "Point",
    "coordinates": [
     14.390254,
     50.100011
    ]
   },
   "properties": {
    "id": "ipr-fontany-46",
    "name": "Fontána před hotelem Diplomat",
    "category": "fountain",
    "cooling": "water",
    "typical_c": null,
    "free_entry": null,
    "opening_hours": null,
    "address": null,
    "source": "ipr",
    "note": "fontána"
   }
  },
  {
   "type": "Feature",
   "geometry": {
    "type": "Point",
    "coordinates": [
     14.390053,
     50.099983
    ]
   },
   "properties": {
    "id": "ipr-fontany-47",
    "name": "Fontána pro hotel Evropská",
    "category": "fountain",
    "cooling": "water",
    "typical_c": null,
    "free_entry": null,
    "opening_hours": null,
    "address": null,
    "source": "ipr",
    "note": "fontána"
   }
  },
  {
   "type": "Feature",
   "geometry": {
    "type": "Point",
    "coordinates": [
     14.39108,
     50.099718
    ]
   },
   "properties": {
    "id": "ipr-fontany-48",
    "name": "Fontána u administrativní budovy BLOX",
    "category": "fountain",
    "cooling": "water",
    "typical_c": null,
    "free_entry": null,
    "opening_hours": null,
    "address": null,
    "source": "ipr",
    "note": "fontána"
   }
  },
  {
   "type": "Feature",
   "geometry": {
    "type": "Point",
    "coordinates": [
     14.397613,
     50.098183
    ]
   },
   "properties": {
    "id": "ipr-fontany-49",
    "name": "Vodní kaskáda nad podzemními garážemi",
    "category": "fountain",
    "cooling": "water",
    "typical_c": null,
    "free_entry": null,
    "opening_hours": null,
    "address": null,
    "source": "ipr",
    "note": null
   }
  },
  {
   "type": "Feature",
   "geometry": {
    "type": "Point",
    "coordinates": [
     14.408278,
     50.101851
    ]
   },
   "properties": {
    "id": "ipr-fontany-50",
    "name": "Fontána zahrady Muzea literatury",
    "category": "fountain",
    "cooling": "water",
    "typical_c": null,
    "free_entry": null,
    "opening_hours": null,
    "address": null,
    "source": "ipr",
    "note": "fontána"
   }
  },
  {
   "type": "Feature",
   "geometry": {
    "type": "Point",
    "coordinates": [
     14.413527,
     50.104435
    ]
   },
   "properties": {
    "id": "ipr-fontany-51",
    "name": "Betonové jezírko u Místodržitelského letohrádku",
    "category": "fountain",
    "cooling": "water",
    "typical_c": null,
    "free_entry": null,
    "opening_hours": null,
    "address": null,
    "source": "ipr",
    "note": "kašna"
   }
  },
  {
   "type": "Feature",
   "geometry": {
    "type": "Point",
    "coordinates": [
     14.414031,
     50.105845
    ]
   },
   "properties": {
    "id": "ipr-fontany-52",
    "name": "Fontána ve \"Starém parku\"",
    "category": "fountain",
    "cooling": "water",
    "typical_c": null,
    "free_entry": null,
    "opening_hours": null,
    "address": null,
    "source": "ipr",
    "note": "fontána"
   }
  },
  {
   "type": "Feature",
   "geometry": {
    "type": "Point",
    "coordinates": [
     14.417223,
     50.105706
    ]
   },
   "properties": {
    "id": "ipr-fontany-53",
    "name": "Vodotrysk v rybníku Srpeček",
    "category": "fountain",
    "cooling": "water",
    "typical_c": null,
    "free_entry": null,
    "opening_hours": null,
    "address": null,
    "source": "ipr",
    "note": "fontána"
   }
  },
  {
   "type": "Feature",
   "geometry": {
    "type": "Point",
    "coordinates": [
     14.419086,
     50.104914
    ]
   },
   "properties": {
    "id": "ipr-fontany-54",
    "name": "Kašna ve Stromovce",
    "category": "fountain",
    "cooling": "water",
    "typical_c": null,
    "free_entry": null,
    "opening_hours": null,
    "address": null,
    "source": "ipr",
    "note": "kašna"
   }
  },
  {
   "type": "Feature",
   "geometry": {
    "type": "Point",
    "coordinates": [
     14.421273,
     50.106936
    ]
   },
   "properties": {
    "id": "ipr-fontany-55",
    "name": "Vodotrysk v jezírku",
    "category": "fountain",
    "cooling": "water",
    "typical_c": null,
    "free_entry": null,
    "opening_hours": null,
    "address": null,
    "source": "ipr",
    "note": "kašna"
   }
  },
  {
   "type": "Feature",
   "geometry": {
    "type": "Point",
    "coordinates": [
     14.42425,
     50.108875
    ]
   },
   "properties": {
    "id": "ipr-fontany-56",
    "name": "Kinetická fontána",
    "category": "fountain",
    "cooling": "water",
    "typical_c": null,
    "free_entry": null,
    "opening_hours": null,
    "address": null,
    "source": "ipr",
    "note": "fontána"
   }
  },
  {
   "type": "Feature",
   "geometry": {
    "type": "Point",
    "coordinates": [
     14.429272,
     50.107408
    ]
   },
   "properties": {
    "id": "ipr-fontany-57",
    "name": "Křižíkova fontána",
    "category": "fountain",
    "cooling": "water",
    "typical_c": null,
    "free_entry": null,
    "opening_hours": null,
    "address": null,
    "source": "ipr",
    "note": "fontána"
   }
  },
  {
   "type": "Feature",
   "geometry": {
    "type": "Point",
    "coordinates": [
     14.431046,
     50.104536
    ]
   },
   "properties": {
    "id": "ipr-fontany-58",
    "name": "Fontána před Výstavištěm I.",
    "category": "fountain",
    "cooling": "water",
    "typical_c": null,
    "free_entry": null,
    "opening_hours": null,
    "address": null,
    "source": "ipr",
    "note": "fontána"
   }
  },
  {
   "type": "Feature",
   "geometry": {
    "type": "Point",
    "coordinates": [
     14.431405,
     50.104641
    ]
   },
   "properties": {
    "id": "ipr-fontany-59",
    "name": "Fontána před Výstavištěm II.",
    "category": "fountain",
    "cooling": "water",
    "typical_c": null,
    "free_entry": null,
    "opening_hours": null,
    "address": null,
    "source": "ipr",
    "note": "fontána"
   }
  },
  {
   "type": "Feature",
   "geometry": {
    "type": "Point",
    "coordinates": [
     14.431846,
     50.104659
    ]
   },
   "properties": {
    "id": "ipr-fontany-60",
    "name": "Fontána před Výstavištěm III.",
    "category": "fountain",
    "cooling": "water",
    "typical_c": null,
    "free_entry": null,
    "opening_hours": null,
    "address": null,
    "source": "ipr",
    "note": "fontána"
   }
  },
  {
   "type": "Feature",
   "geometry": {
    "type": "Point",
    "coordinates": [
     14.288954,
     50.053627
    ]
   },
   "properties": {
    "id": "ipr-fontany-61",
    "name": "Fontána v hale nákupního centra Metropole Zličín",
    "category": "fountain",
    "cooling": "water",
    "typical_c": null,
    "free_entry": null,
    "opening_hours": null,
    "address": null,
    "source": "ipr",
    "note": "fontána"
   }
  },
  {
   "type": "Feature",
   "geometry": {
    "type": "Point",
    "coordinates": [
     14.371886,
     50.130447
    ]
   },
   "properties": {
    "id": "ipr-fontany-62",
    "name": "Fontána v areálu Fakulty agrobiologie",
    "category": "fountain",
    "cooling": "water",
    "typical_c": null,
    "free_entry": null,
    "opening_hours": null,
    "address": null,
    "source": "ipr",
    "note": "fontána"
   }
  },
  {
   "type": "Feature",
   "geometry": {
    "type": "Point",
    "coordinates": [
     14.373175,
     50.129613
    ]
   },
   "properties": {
    "id": "ipr-fontany-63",
    "name": "Přeoraná zem",
    "category": "fountain",
    "cooling": "water",
    "typical_c": null,
    "free_entry": null,
    "opening_hours": null,
    "address": null,
    "source": "ipr",
    "note": "fontána"
   }
  },
  {
   "type": "Feature",
   "geometry": {
    "type": "Point",
    "coordinates": [
     14.36778,
     50.126379
    ]
   },
   "properties": {
    "id": "ipr-fontany-64",
    "name": "Fontána při vstupu do údolí Housle",
    "category": "fountain",
    "cooling": "water",
    "typical_c": null,
    "free_entry": null,
    "opening_hours": null,
    "address": null,
    "source": "ipr",
    "note": "fontána"
   }
  },
  {
   "type": "Feature",
   "geometry": {
    "type": "Point",
    "coordinates": [
     14.369096,
     50.126123
    ]
   },
   "properties": {
    "id": "ipr-fontany-65",
    "name": "Kinetická fontána v biotopovém jezírku",
    "category": "fountain",
    "cooling": "water",
    "typical_c": null,
    "free_entry": null,
    "opening_hours": null,
    "address": null,
    "source": "ipr",
    "note": "fontána"
   }
  },
  {
   "type": "Feature",
   "geometry": {
    "type": "Point",
    "coordinates": [
     14.367093,
     50.098323
    ]
   },
   "properties": {
    "id": "ipr-fontany-66",
    "name": "Socha \"Na horu\"",
    "category": "fountain",
    "cooling": "water",
    "typical_c": null,
    "free_entry": null,
    "opening_hours": null,
    "address": null,
    "source": "ipr",
    "note": "fontána"
   }
  },
  {
   "type": "Feature",
   "geometry": {
    "type": "Point",
    "coordinates": [
     14.36647,
     50.098173
    ]
   },
   "properties": {
    "id": "ipr-fontany-67",
    "name": "Fontána na terase “OC Bořislavka”",
    "category": "fountain",
    "cooling": "water",
    "typical_c": null,
    "free_entry": null,
    "opening_hours": null,
    "address": null,
    "source": "ipr",
    "note": "fontána"
   }
  },
  {
   "type": "Feature",
   "geometry": {
    "type": "Point",
    "coordinates": [
     14.367337,
     50.101381
    ]
   },
   "properties": {
    "id": "ipr-fontany-68",
    "name": "Fontánka v parku",
    "category": "fountain",
    "cooling": "water",
    "typical_c": null,
    "free_entry": null,
    "opening_hours": null,
    "address": null,
    "source": "ipr",
    "note": "fontána"
   }
  },
  {
   "type": "Feature",
   "geometry": {
    "type": "Point",
    "coordinates": [
     14.344731,
     50.098807
    ]
   },
   "properties": {
    "id": "ipr-fontany-69",
    "name": "Fontána v parčíku",
    "category": "fountain",
    "cooling": "water",
    "typical_c": null,
    "free_entry": null,
    "opening_hours": null,
    "address": null,
    "source": "ipr",
    "note": "fontána"
   }
  },
  {
   "type": "Feature",
   "geometry": {
    "type": "Point",
    "coordinates": [
     14.341361,
     50.095594
    ]
   },
   "properties": {
    "id": "ipr-fontany-70",
    "name": "Fontána v centrále firmy Olympus C&S",
    "category": "fountain",
    "cooling": "water",
    "typical_c": null,
    "free_entry": null,
    "opening_hours": null,
    "address": null,
    "source": "ipr",
    "note": "fontána"
   }
  },
  {
   "type": "Feature",
   "geometry": {
    "type": "Point",
    "coordinates": [
     14.341323,
     50.095355
    ]
   },
   "properties": {
    "id": "ipr-fontany-71",
    "name": "Jezírko v japonské zahradě v centrále firmy Olympus C&S",
    "category": "fountain",
    "cooling": "water",
    "typical_c": null,
    "free_entry": null,
    "opening_hours": null,
    "address": null,
    "source": "ipr",
    "note": "kašna"
   }
  },
  {
   "type": "Feature",
   "geometry": {
    "type": "Point",
    "coordinates": [
     14.337969,
     50.09467
    ]
   },
   "properties": {
    "id": "ipr-fontany-72",
    "name": "Fontána v parku před administrativní budovou",
    "category": "fountain",
    "cooling": "water",
    "typical_c": null,
    "free_entry": null,
    "opening_hours": null,
    "address": null,
    "source": "ipr",
    "note": "fontána"
   }
  },
  {
   "type": "Feature",
   "geometry": {
    "type": "Point",
    "coordinates": [
     14.308342,
     50.090335
    ]
   },
   "properties": {
    "id": "ipr-fontany-73",
    "name": "Štěrbinové fontány v parteru sídliště Dědina",
    "category": "fountain",
    "cooling": "water",
    "typical_c": null,
    "free_entry": null,
    "opening_hours": null,
    "address": null,
    "source": "ipr",
    "note": "fontána"
   }
  },
  {
   "type": "Feature",
   "geometry": {
    "type": "Point",
    "coordinates": [
     14.478508,
     50.071243
    ]
   },
   "properties": {
    "id": "ipr-fontany-74",
    "name": "Fontána s kovovým chrličem",
    "category": "fountain",
    "cooling": "water",
    "typical_c": null,
    "free_entry": null,
    "opening_hours": null,
    "address": null,
    "source": "ipr",
    "note": "fontána"
   }
  },
  {
   "type": "Feature",
   "geometry": {
    "type": "Point",
    "coordinates": [
     14.480894,
     50.069438
    ]
   },
   "properties": {
    "id": "ipr-fontany-75",
    "name": "Fontána před budovou PRE",
    "category": "fountain",
    "cooling": "water",
    "typical_c": null,
    "free_entry": null,
    "opening_hours": null,
    "address": null,
    "source": "ipr",
    "note": "fontána"
   }
  },
  {
   "type": "Feature",
   "geometry": {
    "type": "Point",
    "coordinates": [
     14.467835,
     50.06828
    ]
   },
   "properties": {
    "id": "ipr-fontany-76",
    "name": "Betonová fontána s vodotrysky před obchodním centrem Eden",
    "category": "fountain",
    "cooling": "water",
    "typical_c": null,
    "free_entry": null,
    "opening_hours": null,
    "address": null,
    "source": "ipr",
    "note": "fontána"
   }
  },
  {
   "type": "Feature",
   "geometry": {
    "type": "Point",
    "coordinates": [
     14.447624,
     50.069799
    ]
   },
   "properties": {
    "id": "ipr-fontany-77",
    "name": "Fontána a pítko v Rybalkově ulici",
    "category": "fountain",
    "cooling": "water",
    "typical_c": null,
    "free_entry": null,
    "opening_hours": null,
    "address": null,
    "source": "ipr",
    "note": "fontána"
   }
  },
  {
   "type": "Feature",
   "geometry": {
    "type": "Point",
    "coordinates": [
     14.443723,
     50.069545
    ]
   },
   "properties": {
    "id": "ipr-fontany-78",
    "name": "Nová fontána v Havlíčkových sadech",
    "category": "fountain",
    "cooling": "water",
    "typical_c": null,
    "free_entry": null,
    "opening_hours": null,
    "address": null,
    "source": "ipr",
    "note": "fontána"
   }
  },
  {
   "type": "Feature",
   "geometry": {
    "type": "Point",
    "coordinates": [
     14.44347,
     50.069924
    ]
   },
   "properties": {
    "id": "ipr-fontany-79",
    "name": "Fontána se sochou Tritona v zahradě u Gröbovky",
    "category": "fountain",
    "cooling": "water",
    "typical_c": null,
    "free_entry": null,
    "opening_hours": null,
    "address": null,
    "source": "ipr",
    "note": "fontána"
   }
  },
  {
   "type": "Feature",
   "geometry": {
    "type": "Point",
    "coordinates": [
     14.442591,
     50.069562
    ]
   },
   "properties": {
    "id": "ipr-fontany-80",
    "name": "Romantické jezírko",
    "category": "fountain",
    "cooling": "water",
    "typical_c": null,
    "free_entry": null,
    "opening_hours": null,
    "address": null,
    "source": "ipr",
    "note": "kašna"
   }
  },
  {
   "type": "Feature",
   "geometry": {
    "type": "Point",
    "coordinates": [
     14.447898,
     50.066598
    ]
   },
   "properties": {
    "id": "ipr-fontany-81",
    "name": "Fontána v předzahrádce základní školy",
    "category": "fountain",
    "cooling": "water",
    "typical_c": null,
    "free_entry": null,
    "opening_hours": null,
    "address": null,
    "source": "ipr",
    "note": "fontána"
   }
  },
  {
   "type": "Feature",
   "geometry": {
    "type": "Point",
    "coordinates": [
     14.508264,
     50.029933
    ]
   },
   "properties": {
    "id": "ipr-fontany-82",
    "name": "Vodní prvek u kancelářské budovy Opatov Park I",
    "category": "fountain",
    "cooling": "water",
    "typical_c": null,
    "free_entry": null,
    "opening_hours": null,
    "address": null,
    "source": "ipr",
    "note": "kašna"
   }
  },
  {
   "type": "Feature",
   "geometry": {
    "type": "Point",
    "coordinates": [
     14.492973,
     50.038817
    ]
   },
   "properties": {
    "id": "ipr-fontany-83",
    "name": "Interiérová fontána ve státním ústředním archivu",
    "category": "fountain",
    "cooling": "water",
    "typical_c": null,
    "free_entry": null,
    "opening_hours": null,
    "address": null,
    "source": "ipr",
    "note": "fontána"
   }
  },
  {
   "type": "Feature",
   "geometry": {
    "type": "Point",
    "coordinates": [
     14.477668,
     50.045329
    ]
   },
   "properties": {
    "id": "ipr-fontany-84",
    "name": "Fontána na Roztylském náměstí",
    "category": "fountain",
    "cooling": "water",
    "typical_c": null,
    "free_entry": null,
    "opening_hours": null,
    "address": null,
    "source": "ipr",
    "note": "fontána"
   }
  },
  {
   "type": "Feature",
   "geometry": {
    "type": "Point",
    "coordinates": [
     14.454368,
     50.048332
    ]
   },
   "properties": {
    "id": "ipr-fontany-85",
    "name": "Fontána Želetavská",
    "category": "fountain",
    "cooling": "water",
    "typical_c": null,
    "free_entry": null,
    "opening_hours": null,
    "address": null,
    "source": "ipr",
    "note": "fontána"
   }
  },
  {
   "type": "Feature",
   "geometry": {
    "type": "Point",
    "coordinates": [
     14.453964,
     50.04917
    ]
   },
   "properties": {
    "id": "ipr-fontany-86",
    "name": "Vodní kaskáda v Baarově parku u BB Centra",
    "category": "fountain",
    "cooling": "water",
    "typical_c": null,
    "free_entry": null,
    "opening_hours": null,
    "address": null,
    "source": "ipr",
    "note": "provozovatel: BB centrum"
   }
  },
  {
   "type": "Feature",
   "geometry": {
    "type": "Point",
    "coordinates": [
     14.453572,
     50.048155
    ]
   },
   "properties": {
    "id": "ipr-fontany-87",
    "name": "Fontána u budovy B",
    "category": "fountain",
    "cooling": "water",
    "typical_c": null,
    "free_entry": null,
    "opening_hours": null,
    "address": null,
    "source": "ipr",
    "note": "fontána"
   }
  },
  {
   "type": "Feature",
   "geometry": {
    "type": "Point",
    "coordinates": [
     14.455436,
     50.047823
    ]
   },
   "properties": {
    "id": "ipr-fontany-88",
    "name": "Fontána u budovy Brumlovka",
    "category": "fountain",
    "cooling": "water",
    "typical_c": null,
    "free_entry": null,
    "opening_hours": null,
    "address": null,
    "source": "ipr",
    "note": "fontána"
   }
  },
  {
   "type": "Feature",
   "geometry": {
    "type": "Point",
    "coordinates": [
     14.455642,
     50.047636
    ]
   },
   "properties": {
    "id": "ipr-fontany-89",
    "name": "Fontána u budovy Beta v BB Centru",
    "category": "fountain",
    "cooling": "water",
    "typical_c": null,
    "free_entry": null,
    "opening_hours": null,
    "address": null,
    "source": "ipr",
    "note": "fontána"
   }
  },
  {
   "type": "Feature",
   "geometry": {
    "type": "Point",
    "coordinates": [
     14.457807,
     50.047347
    ]
   },
   "properties": {
    "id": "ipr-fontany-90",
    "name": "Fontána s vodní stěnou u budovy Delta I v BB Centru",
    "category": "fountain",
    "cooling": "water",
    "typical_c": null,
    "free_entry": null,
    "opening_hours": null,
    "address": null,
    "source": "ipr",
    "note": "fontána"
   }
  },
  {
   "type": "Feature",
   "geometry": {
    "type": "Point",
    "coordinates": [
     14.458282,
     50.047272
    ]
   },
   "properties": {
    "id": "ipr-fontany-91",
    "name": "Fontána na kruhovém objezdu u budovy Delta I v BB Centru",
    "category": "fountain",
    "cooling": "water",
    "typical_c": null,
    "free_entry": null,
    "opening_hours": null,
    "address": null,
    "source": "ipr",
    "note": "fontána"
   }
  },
  {
   "type": "Feature",
   "geometry": {
    "type": "Point",
    "coordinates": [
     14.456795,
     50.04799
    ]
   },
   "properties": {
    "id": "ipr-fontany-92",
    "name": "Fontána s vodotryskem před budovou Delta II v BB Centru",
    "category": "fountain",
    "cooling": "water",
    "typical_c": null,
    "free_entry": null,
    "opening_hours": null,
    "address": null,
    "source": "ipr",
    "note": "fontána"
   }
  },
  {
   "type": "Feature",
   "geometry": {
    "type": "Point",
    "coordinates": [
     14.430313,
     50.096589
    ]
   },
   "properties": {
    "id": "ipr-fontany-93",
    "name": "Bazén u bývalé restaurace EXPO ´58",
    "category": "fountain",
    "cooling": "water",
    "typical_c": null,
    "free_entry": null,
    "opening_hours": null,
    "address": null,
    "source": "ipr",
    "note": "kašna"
   }
  },
  {
   "type": "Feature",
   "geometry": {
    "type": "Point",
    "coordinates": [
     14.501849,
     50.057041
    ]
   },
   "properties": {
    "id": "ipr-fontany-94",
    "name": "Vodní kaskáda s pergolou",
    "category": "fountain",
    "cooling": "water",
    "typical_c": null,
    "free_entry": null,
    "opening_hours": null,
    "address": null,
    "source": "ipr",
    "note": null
   }
  },
  {
   "type": "Feature",
   "geometry": {
    "type": "Point",
    "coordinates": [
     14.497043,
     50.057242
    ]
   },
   "properties": {
    "id": "ipr-fontany-95",
    "name": "Bazén s vodotryskem Zahradní Město",
    "category": "fountain",
    "cooling": "water",
    "typical_c": null,
    "free_entry": null,
    "opening_hours": null,
    "address": null,
    "source": "ipr",
    "note": "kašna"
   }
  },
  {
   "type": "Feature",
   "geometry": {
    "type": "Point",
    "coordinates": [
     14.496694,
     50.05608
    ]
   },
   "properties": {
    "id": "ipr-fontany-96",
    "name": "Fontána s plastikou v areálu polikliniky",
    "category": "fountain",
    "cooling": "water",
    "typical_c": null,
    "free_entry": null,
    "opening_hours": null,
    "address": null,
    "source": "ipr",
    "note": "fontána"
   }
  },
  {
   "type": "Feature",
   "geometry": {
    "type": "Point",
    "coordinates": [
     14.405301,
     50.071092
    ]
   },
   "properties": {
    "id": "ipr-fontany-97",
    "name": "Fontána s plastikou ve dvoře Apartmánů Anděl",
    "category": "fountain",
    "cooling": "water",
    "typical_c": null,
    "free_entry": null,
    "opening_hours": null,
    "address": null,
    "source": "ipr",
    "note": "fontána"
   }
  },
  {
   "type": "Feature",
   "geometry": {
    "type": "Point",
    "coordinates": [
     14.408237,
     50.075265
    ]
   },
   "properties": {
    "id": "ipr-fontany-98",
    "name": "Moderní fontána v sadech na předmostí Jiráskova mostu",
    "category": "fountain",
    "cooling": "water",
    "typical_c": null,
    "free_entry": null,
    "opening_hours": null,
    "address": null,
    "source": "ipr",
    "note": "fontána"
   }
  },
  {
   "type": "Feature",
   "geometry": {
    "type": "Point",
    "coordinates": [
     14.405037,
     50.076468
    ]
   },
   "properties": {
    "id": "ipr-fontany-99",
    "name": "Bazén s vodotryskem Arbesovo náměstí",
    "category": "fountain",
    "cooling": "water",
    "typical_c": null,
    "free_entry": null,
    "opening_hours": null,
    "address": null,
    "source": "ipr",
    "note": "fontána; správce: MČ Praha 5"
   }
  },
  {
   "type": "Feature",
   "geometry": {
    "type": "Point",
    "coordinates": [
     14.404577,
     50.078838
    ]
   },
   "properties": {
    "id": "ipr-fontany-100",
    "name": "Fontána \"Propadliště času\" před Justičním palácem",
    "category": "fountain",
    "cooling": "water",
    "typical_c": null,
    "free_entry": null,
    "opening_hours": null,
    "address": null,
    "source": "ipr",
    "note": "fontána"
   }
  },
  {
   "type": "Feature",
   "geometry": {
    "type": "Point",
    "coordinates": [
     14.405518,
     50.083151
    ]
   },
   "properties": {
    "id": "ipr-fontany-101",
    "name": "Kašna v grottě ve dvoře Michnova paláce",
    "category": "fountain",
    "cooling": "water",
    "typical_c": null,
    "free_entry": null,
    "opening_hours": null,
    "address": null,
    "source": "ipr",
    "note": "kašna"
   }
  },
  {
   "type": "Feature",
   "geometry": {
    "type": "Point",
    "coordinates": [
     14.408483,
     50.08379
    ]
   },
   "properties": {
    "id": "ipr-fontany-102",
    "name": "Vodní kaskáda u Sovových mlýnů",
    "category": "fountain",
    "cooling": "water",
    "typical_c": null,
    "free_entry": null,
    "opening_hours": null,
    "address": null,
    "source": "ipr",
    "note": null
   }
  },
  {
   "type": "Feature",
   "geometry": {
    "type": "Point",
    "coordinates": [
     14.433711,
     50.024784
    ]
   },
   "properties": {
    "id": "ipr-fontany-103",
    "name": "Fontána s plastikou Dálky na sídlišti Novodvorská",
    "category": "fountain",
    "cooling": "water",
    "typical_c": null,
    "free_entry": null,
    "opening_hours": null,
    "address": null,
    "source": "ipr",
    "note": "fontána"
   }
  },
  {
   "type": "Feature",
   "geometry": {
    "type": "Point",
    "coordinates": [
     14.383113,
     50.057297
    ]
   },
   "properties": {
    "id": "ipr-fontany-104",
    "name": "Vodní systém Náměstí Augustina Bubníka",
    "category": "fountain",
    "cooling": "water",
    "typical_c": null,
    "free_entry": null,
    "opening_hours": null,
    "address": null,
    "source": "ipr",
    "note": null
   }
  },
  {
   "type": "Feature",
   "geometry": {
    "type": "Point",
    "coordinates": [
     14.377982,
     50.056346
    ]
   },
   "properties": {
    "id": "ipr-fontany-105",
    "name": "Fontána u budovy Dynamica",
    "category": "fountain",
    "cooling": "water",
    "typical_c": null,
    "free_entry": null,
    "opening_hours": null,
    "address": null,
    "source": "ipr",
    "note": "fontána"
   }
  },
  {
   "type": "Feature",
   "geometry": {
    "type": "Point",
    "coordinates": [
     14.37517,
     50.05628
    ]
   },
   "properties": {
    "id": "ipr-fontany-106",
    "name": "Fontána v nádvoří budovy Aviatica",
    "category": "fountain",
    "cooling": "water",
    "typical_c": null,
    "free_entry": null,
    "opening_hours": null,
    "address": null,
    "source": "ipr",
    "note": "fontána"
   }
  },
  {
   "type": "Feature",
   "geometry": {
    "type": "Point",
    "coordinates": [
     14.373231,
     50.057056
    ]
   },
   "properties": {
    "id": "ipr-fontany-107",
    "name": "Fontána u rezidence Waltrovka",
    "category": "fountain",
    "cooling": "water",
    "typical_c": null,
    "free_entry": null,
    "opening_hours": null,
    "address": null,
    "source": "ipr",
    "note": "fontána"
   }
  },
  {
   "type": "Feature",
   "geometry": {
    "type": "Point",
    "coordinates": [
     14.372288,
     50.056408
    ]
   },
   "properties": {
    "id": "ipr-fontany-108",
    "name": "Fontána u budovy Mechanica",
    "category": "fountain",
    "cooling": "water",
    "typical_c": null,
    "free_entry": null,
    "opening_hours": null,
    "address": null,
    "source": "ipr",
    "note": "fontána"
   }
  },
  {
   "type": "Feature",
   "geometry": {
    "type": "Point",
    "coordinates": [
     14.357564,
     50.048537
    ]
   },
   "properties": {
    "id": "ipr-fontany-109",
    "name": "Fontána v Avenir Business Parku",
    "category": "fountain",
    "cooling": "water",
    "typical_c": null,
    "free_entry": null,
    "opening_hours": null,
    "address": null,
    "source": "ipr",
    "note": "fontána"
   }
  },
  {
   "type": "Feature",
   "geometry": {
    "type": "Point",
    "coordinates": [
     14.350689,
     50.050908
    ]
   },
   "properties": {
    "id": "ipr-fontany-110",
    "name": "Vodotrysky před budovou Metronom",
    "category": "fountain",
    "cooling": "water",
    "typical_c": null,
    "free_entry": null,
    "opening_hours": null,
    "address": null,
    "source": "ipr",
    "note": "fontána"
   }
  },
  {
   "type": "Feature",
   "geometry": {
    "type": "Point",
    "coordinates": [
     14.31267,
     50.051547
    ]
   },
   "properties": {
    "id": "ipr-fontany-111",
    "name": "Plastika u pramene Prokopského potoka",
    "category": "fountain",
    "cooling": "water",
    "typical_c": null,
    "free_entry": null,
    "opening_hours": null,
    "address": null,
    "source": "ipr",
    "note": "kašna"
   }
  },
  {
   "type": "Feature",
   "geometry": {
    "type": "Point",
    "coordinates": [
     14.314912,
     50.050552
    ]
   },
   "properties": {
    "id": "ipr-fontany-112",
    "name": "Fontána v parku Panská zahrada",
    "category": "fountain",
    "cooling": "water",
    "typical_c": null,
    "free_entry": null,
    "opening_hours": null,
    "address": null,
    "source": "ipr",
    "note": "fontána"
   }
  },
  {
   "type": "Feature",
   "geometry": {
    "type": "Point",
    "coordinates": [
     14.315414,
     50.050334
    ]
   },
   "properties": {
    "id": "ipr-fontany-113",
    "name": "Fontána Panská zahrada",
    "category": "fountain",
    "cooling": "water",
    "typical_c": null,
    "free_entry": null,
    "opening_hours": null,
    "address": null,
    "source": "ipr",
    "note": "fontána"
   }
  },
  {
   "type": "Feature",
   "geometry": {
    "type": "Point",
    "coordinates": [
     14.312408,
     50.0494
    ]
   },
   "properties": {
    "id": "ipr-fontany-114",
    "name": "Bublák",
    "category": "fountain",
    "cooling": "water",
    "typical_c": null,
    "free_entry": null,
    "opening_hours": null,
    "address": null,
    "source": "ipr",
    "note": "kašna"
   }
  },
  {
   "type": "Feature",
   "geometry": {
    "type": "Point",
    "coordinates": [
     14.311218,
     50.048829
    ]
   },
   "properties": {
    "id": "ipr-fontany-115",
    "name": "Jezírko s plastikou dívky",
    "category": "fountain",
    "cooling": "water",
    "typical_c": null,
    "free_entry": null,
    "opening_hours": null,
    "address": null,
    "source": "ipr",
    "note": "kašna"
   }
  },
  {
   "type": "Feature",
   "geometry": {
    "type": "Point",
    "coordinates": [
     14.305553,
     50.04721
    ]
   },
   "properties": {
    "id": "ipr-fontany-116",
    "name": "Kašna náměstí Junkových",
    "category": "fountain",
    "cooling": "water",
    "typical_c": null,
    "free_entry": null,
    "opening_hours": null,
    "address": null,
    "source": "ipr",
    "note": "kašna"
   }
  },
  {
   "type": "Feature",
   "geometry": {
    "type": "Point",
    "coordinates": [
     14.30536,
     50.048082
    ]
   },
   "properties": {
    "id": "ipr-fontany-117",
    "name": "Dvě fontány v zahradě komplexu City West",
    "category": "fountain",
    "cooling": "water",
    "typical_c": null,
    "free_entry": null,
    "opening_hours": null,
    "address": null,
    "source": "ipr",
    "note": "kašna"
   }
  },
  {
   "type": "Feature",
   "geometry": {
    "type": "Point",
    "coordinates": [
     14.304263,
     50.046368
    ]
   },
   "properties": {
    "id": "ipr-fontany-118",
    "name": "Vodní kaskáda v Britské čtvrti",
    "category": "fountain",
    "cooling": "water",
    "typical_c": null,
    "free_entry": null,
    "opening_hours": null,
    "address": null,
    "source": "ipr",
    "note": null
   }
  },
  {
   "type": "Feature",
   "geometry": {
    "type": "Point",
    "coordinates": [
     14.594664,
     50.029792
    ]
   },
   "properties": {
    "id": "ipr-fontany-119",
    "name": "Fontána v Uhříněvsi",
    "category": "fountain",
    "cooling": "water",
    "typical_c": null,
    "free_entry": null,
    "opening_hours": null,
    "address": null,
    "source": "ipr",
    "note": "fontána"
   }
  },
  {
   "type": "Feature",
   "geometry": {
    "type": "Point",
    "coordinates": [
     14.328226,
     50.047341
    ]
   },
   "properties": {
    "id": "ipr-fontany-120",
    "name": "Vodotrysky ve Stodůleckém rybníku",
    "category": "fountain",
    "cooling": "water",
    "typical_c": null,
    "free_entry": null,
    "opening_hours": null,
    "address": null,
    "source": "ipr",
    "note": "fontána"
   }
  },
  {
   "type": "Feature",
   "geometry": {
    "type": "Point",
    "coordinates": [
     14.33235,
     50.037567
    ]
   },
   "properties": {
    "id": "ipr-fontany-121",
    "name": "Fontána v Dalejském parku",
    "category": "fountain",
    "cooling": "water",
    "typical_c": null,
    "free_entry": null,
    "opening_hours": null,
    "address": null,
    "source": "ipr",
    "note": "fontána"
   }
  },
  {
   "type": "Feature",
   "geometry": {
    "type": "Point",
    "coordinates": [
     14.438354,
     50.050633
    ]
   },
   "properties": {
    "id": "ipr-fontany-122",
    "name": "Fontána v nákupním centru Arkády Pankrác",
    "category": "fountain",
    "cooling": "water",
    "typical_c": null,
    "free_entry": null,
    "opening_hours": null,
    "address": null,
    "source": "ipr",
    "note": "fontána"
   }
  },
  {
   "type": "Feature",
   "geometry": {
    "type": "Point",
    "coordinates": [
     14.437353,
     50.049768
    ]
   },
   "properties": {
    "id": "ipr-fontany-123",
    "name": "Vodní prvky v Main Point Pankrác",
    "category": "fountain",
    "cooling": "water",
    "typical_c": null,
    "free_entry": null,
    "opening_hours": null,
    "address": null,
    "source": "ipr",
    "note": "fontána"
   }
  },
  {
   "type": "Feature",
   "geometry": {
    "type": "Point",
    "coordinates": [
     14.434011,
     50.049552
    ]
   },
   "properties": {
    "id": "ipr-fontany-124",
    "name": "Fontána v centrální parku Pankrác",
    "category": "fountain",
    "cooling": "water",
    "typical_c": null,
    "free_entry": null,
    "opening_hours": null,
    "address": null,
    "source": "ipr",
    "note": "fontána"
   }
  },
  {
   "type": "Feature",
   "geometry": {
    "type": "Point",
    "coordinates": [
     14.433634,
     50.049633
    ]
   },
   "properties": {
    "id": "ipr-fontany-125",
    "name": "Fontána v centrálním parku Na Pankráci",
    "category": "fountain",
    "cooling": "water",
    "typical_c": null,
    "free_entry": null,
    "opening_hours": null,
    "address": null,
    "source": "ipr",
    "note": "fontána"
   }
  },
  {
   "type": "Feature",
   "geometry": {
    "type": "Point",
    "coordinates": [
     14.430832,
     50.049409
    ]
   },
   "properties": {
    "id": "ipr-fontany-126",
    "name": "Čtvercová fontána v Centrálním parku Pankrác",
    "category": "fountain",
    "cooling": "water",
    "typical_c": null,
    "free_entry": null,
    "opening_hours": null,
    "address": null,
    "source": "ipr",
    "note": "kašna"
   }
  },
  {
   "type": "Feature",
   "geometry": {
    "type": "Point",
    "coordinates": [
     14.430736,
     50.051979
    ]
   },
   "properties": {
    "id": "ipr-fontany-127",
    "name": "Fontány u kancelářské budovy",
    "category": "fountain",
    "cooling": "water",
    "typical_c": null,
    "free_entry": null,
    "opening_hours": null,
    "address": null,
    "source": "ipr",
    "note": "fontána"
   }
  },
  {
   "type": "Feature",
   "geometry": {
    "type": "Point",
    "coordinates": [
     14.431173,
     50.051557
    ]
   },
   "properties": {
    "id": "ipr-fontany-128",
    "name": "Fontána u kancelářské budovy",
    "category": "fountain",
    "cooling": "water",
    "typical_c": null,
    "free_entry": null,
    "opening_hours": null,
    "address": null,
    "source": "ipr",
    "note": "fontána"
   }
  },
  {
   "type": "Feature",
   "geometry": {
    "type": "Point",
    "coordinates": [
     14.617154,
     50.081406
    ]
   },
   "properties": {
    "id": "ipr-fontany-129",
    "name": "Fontána ve dvoře Staré pošty",
    "category": "fountain",
    "cooling": "water",
    "typical_c": null,
    "free_entry": null,
    "opening_hours": null,
    "address": null,
    "source": "ipr",
    "note": "fontána"
   }
  },
  {
   "type": "Feature",
   "geometry": {
    "type": "Point",
    "coordinates": [
     14.577971,
     50.088363
    ]
   },
   "properties": {
    "id": "ipr-fontany-130",
    "name": "Nová fontána v zámeckém parku",
    "category": "fountain",
    "cooling": "water",
    "typical_c": null,
    "free_entry": null,
    "opening_hours": null,
    "address": null,
    "source": "ipr",
    "note": "fontána"
   }
  },
  {
   "type": "Feature",
   "geometry": {
    "type": "Point",
    "coordinates": [
     14.384284,
     50.07527
    ]
   },
   "properties": {
    "id": "ipr-fontany-131",
    "name": "Jezírko v zahradě Palaty",
    "category": "fountain",
    "cooling": "water",
    "typical_c": null,
    "free_entry": null,
    "opening_hours": null,
    "address": null,
    "source": "ipr",
    "note": "kašna"
   }
  },
  {
   "type": "Feature",
   "geometry": {
    "type": "Point",
    "coordinates": [
     14.385431,
     50.075377
    ]
   },
   "properties": {
    "id": "ipr-fontany-132",
    "name": "Kašna před budovou Palaty",
    "category": "fountain",
    "cooling": "water",
    "typical_c": null,
    "free_entry": null,
    "opening_hours": null,
    "address": null,
    "source": "ipr",
    "note": "kašna"
   }
  },
  {
   "type": "Feature",
   "geometry": {
    "type": "Point",
    "coordinates": [
     14.385773,
     50.077137
    ]
   },
   "properties": {
    "id": "ipr-fontany-133",
    "name": "Drobná kašna ve vilové čtvrti",
    "category": "fountain",
    "cooling": "water",
    "typical_c": null,
    "free_entry": null,
    "opening_hours": null,
    "address": null,
    "source": "ipr",
    "note": "kašna"
   }
  },
  {
   "type": "Feature",
   "geometry": {
    "type": "Point",
    "coordinates": [
     14.389423,
     50.078292
    ]
   },
   "properties": {
    "id": "ipr-fontany-134",
    "name": "Betonové nádrže u ventilační šachty Strahovského tunelu",
    "category": "fountain",
    "cooling": "water",
    "typical_c": null,
    "free_entry": null,
    "opening_hours": null,
    "address": null,
    "source": "ipr",
    "note": "kašna"
   }
  },
  {
   "type": "Feature",
   "geometry": {
    "type": "Point",
    "coordinates": [
     14.392859,
     50.077111
    ]
   },
   "properties": {
    "id": "ipr-fontany-135",
    "name": "Drobná kašna u vstupu do Kinského zahrady",
    "category": "fountain",
    "cooling": "water",
    "typical_c": null,
    "free_entry": null,
    "opening_hours": null,
    "address": null,
    "source": "ipr",
    "note": "kašna"
   }
  },
  {
   "type": "Feature",
   "geometry": {
    "type": "Point",
    "coordinates": [
     14.39686,
     50.078705
    ]
   },
   "properties": {
    "id": "ipr-fontany-136",
    "name": "Vodní schody",
    "category": "fountain",
    "cooling": "water",
    "typical_c": null,
    "free_entry": null,
    "opening_hours": null,
    "address": null,
    "source": "ipr",
    "note": null
   }
  },
  {
   "type": "Feature",
   "geometry": {
    "type": "Point",
    "coordinates": [
     14.360594,
     50.089947
    ]
   },
   "properties": {
    "id": "ipr-fontany-137",
    "name": "Fontána v altánu pro válečné veterány v areálu UVN",
    "category": "fountain",
    "cooling": "water",
    "typical_c": null,
    "free_entry": null,
    "opening_hours": null,
    "address": null,
    "source": "ipr",
    "note": "fontána"
   }
  },
  {
   "type": "Feature",
   "geometry": {
    "type": "Point",
    "coordinates": [
     14.398139,
     50.077878
    ]
   },
   "properties": {
    "id": "ipr-fontany-138",
    "name": "Jezírko s kaskádou a se sochou Herkula",
    "category": "fountain",
    "cooling": "water",
    "typical_c": null,
    "free_entry": null,
    "opening_hours": null,
    "address": null,
    "source": "ipr",
    "note": "kašna"
   }
  },
  {
   "type": "Feature",
   "geometry": {
    "type": "Point",
    "coordinates": [
     14.362756,
     50.088117
    ]
   },
   "properties": {
    "id": "ipr-fontany-139",
    "name": "Fontánka v areálu Ústřední vojenské nemocnice",
    "category": "fountain",
    "cooling": "water",
    "typical_c": null,
    "free_entry": null,
    "opening_hours": null,
    "address": null,
    "source": "ipr",
    "note": "fontána"
   }
  },
  {
   "type": "Feature",
   "geometry": {
    "type": "Point",
    "coordinates": [
     14.356458,
     50.085989
    ]
   },
   "properties": {
    "id": "ipr-fontany-140",
    "name": "Fontána u oranžerie",
    "category": "fountain",
    "cooling": "water",
    "typical_c": null,
    "free_entry": null,
    "opening_hours": null,
    "address": null,
    "source": "ipr",
    "note": "fontána"
   }
  },
  {
   "type": "Feature",
   "geometry": {
    "type": "Point",
    "coordinates": [
     14.4017,
     50.078251
    ]
   },
   "properties": {
    "id": "ipr-fontany-141",
    "name": "Pískovcová fontána",
    "category": "fountain",
    "cooling": "water",
    "typical_c": null,
    "free_entry": null,
    "opening_hours": null,
    "address": null,
    "source": "ipr",
    "note": "fontána"
   }
  },
  {
   "type": "Feature",
   "geometry": {
    "type": "Point",
    "coordinates": [
     14.398532,
     50.080491
    ]
   },
   "properties": {
    "id": "ipr-fontany-142",
    "name": "Jezírko v Květnici na Petříně",
    "category": "fountain",
    "cooling": "water",
    "typical_c": null,
    "free_entry": null,
    "opening_hours": null,
    "address": null,
    "source": "ipr",
    "note": "kašna; provozovatel: MHMP"
   }
  },
  {
   "type": "Feature",
   "geometry": {
    "type": "Point",
    "coordinates": [
     14.373374,
     50.087546
    ]
   },
   "properties": {
    "id": "ipr-fontany-143",
    "name": "Vodotrysk v jezírku v parku Kajetánka",
    "category": "fountain",
    "cooling": "water",
    "typical_c": null,
    "free_entry": null,
    "opening_hours": null,
    "address": null,
    "source": "ipr",
    "note": "kašna"
   }
  },
  {
   "type": "Feature",
   "geometry": {
    "type": "Point",
    "coordinates": [
     14.398212,
     50.083484
    ]
   },
   "properties": {
    "id": "ipr-fontany-144",
    "name": "Studánka Petřínka",
    "category": "fountain",
    "cooling": "water",
    "typical_c": null,
    "free_entry": null,
    "opening_hours": null,
    "address": null,
    "source": "ipr",
    "note": "kašna"
   }
  },
  {
   "type": "Feature",
   "geometry": {
    "type": "Point",
    "coordinates": [
     14.402037,
     50.083089
    ]
   },
   "properties": {
    "id": "ipr-fontany-145",
    "name": "Fontána s hrajícími si chlapci",
    "category": "fountain",
    "cooling": "water",
    "typical_c": null,
    "free_entry": null,
    "opening_hours": null,
    "address": null,
    "source": "ipr",
    "note": "fontána"
   }
  },
  {
   "type": "Feature",
   "geometry": {
    "type": "Point",
    "coordinates": [
     14.386845,
     50.090811
    ]
   },
   "properties": {
    "id": "ipr-fontany-146",
    "name": "Vodní hříčka v parku Maxe van der Stoela",
    "category": "fountain",
    "cooling": "water",
    "typical_c": null,
    "free_entry": null,
    "opening_hours": null,
    "address": null,
    "source": "ipr",
    "note": null
   }
  },
  {
   "type": "Feature",
   "geometry": {
    "type": "Point",
    "coordinates": [
     14.404826,
     50.087235
    ]
   },
   "properties": {
    "id": "ipr-fontany-147",
    "name": "Fontána v nádvoří domu",
    "category": "fountain",
    "cooling": "water",
    "typical_c": null,
    "free_entry": null,
    "opening_hours": null,
    "address": null,
    "source": "ipr",
    "note": "fontána"
   }
  },
  {
   "type": "Feature",
   "geometry": {
    "type": "Point",
    "coordinates": [
     14.41613,
     50.084056
    ]
   },
   "properties": {
    "id": "ipr-fontany-148",
    "name": "Kašna ve dvoře Náprstkova muzea",
    "category": "fountain",
    "cooling": "water",
    "typical_c": null,
    "free_entry": null,
    "opening_hours": null,
    "address": null,
    "source": "ipr",
    "note": "kašna"
   }
  },
  {
   "type": "Feature",
   "geometry": {
    "type": "Point",
    "coordinates": [
     14.417934,
     50.08466
    ]
   },
   "properties": {
    "id": "ipr-fontany-149",
    "name": "Kašna ve dvoraně Betlémského paláce",
    "category": "fountain",
    "cooling": "water",
    "typical_c": null,
    "free_entry": null,
    "opening_hours": null,
    "address": null,
    "source": "ipr",
    "note": "kašna"
   }
  },
  {
   "type": "Feature",
   "geometry": {
    "type": "Point",
    "coordinates": [
     14.41853,
     50.081979
    ]
   },
   "properties": {
    "id": "ipr-fontany-150",
    "name": "Kinetická fontána v Café Louvre",
    "category": "fountain",
    "cooling": "water",
    "typical_c": null,
    "free_entry": null,
    "opening_hours": null,
    "address": null,
    "source": "ipr",
    "note": "fontána"
   }
  },
  {
   "type": "Feature",
   "geometry": {
    "type": "Point",
    "coordinates": [
     14.420342,
     50.083219
    ]
   },
   "properties": {
    "id": "ipr-fontany-151",
    "name": "Drobná fontána v nádvoří Paláce Platýz",
    "category": "fountain",
    "cooling": "water",
    "typical_c": null,
    "free_entry": null,
    "opening_hours": null,
    "address": null,
    "source": "ipr",
    "note": "fontána"
   }
  },
  {
   "type": "Feature",
   "geometry": {
    "type": "Point",
    "coordinates": [
     14.421419,
     50.082443
    ]
   },
   "properties": {
    "id": "ipr-fontany-152",
    "name": "Moderní fontána v nádvoří domu",
    "category": "fountain",
    "cooling": "water",
    "typical_c": null,
    "free_entry": null,
    "opening_hours": null,
    "address": null,
    "source": "ipr",
    "note": "fontána"
   }
  },
  {
   "type": "Feature",
   "geometry": {
    "type": "Point",
    "coordinates": [
     14.400554,
     50.089604
    ]
   },
   "properties": {
    "id": "ipr-fontany-153",
    "name": "Barokní fontána Jižní zahrady",
    "category": "fountain",
    "cooling": "water",
    "typical_c": null,
    "free_entry": null,
    "opening_hours": null,
    "address": null,
    "source": "ipr",
    "note": "fontána; správce: Správa Pražského hradu"
   }
  },
  {
   "type": "Feature",
   "geometry": {
    "type": "Point",
    "coordinates": [
     14.423741,
     50.081096
    ]
   },
   "properties": {
    "id": "ipr-fontany-154",
    "name": "Kašna ve dvoře domu",
    "category": "fountain",
    "cooling": "water",
    "typical_c": null,
    "free_entry": null,
    "opening_hours": null,
    "address": null,
    "source": "ipr",
    "note": "kašna"
   }
  },
  {
   "type": "Feature",
   "geometry": {
    "type": "Point",
    "coordinates": [
     14.402135,
     50.089977
    ]
   },
   "properties": {
    "id": "ipr-fontany-156",
    "name": "Vodotrysk u vstupu do vinice pod zahradou Na Valech",
    "category": "fountain",
    "cooling": "water",
    "typical_c": null,
    "free_entry": null,
    "opening_hours": null,
    "address": null,
    "source": "ipr",
    "note": "fontána; správce: Správa Pražského hradu"
   }
  },
  {
   "type": "Feature",
   "geometry": {
    "type": "Point",
    "coordinates": [
     14.42403,
     50.083829
    ]
   },
   "properties": {
    "id": "ipr-fontany-157",
    "name": "Fontána na Můstku",
    "category": "fountain",
    "cooling": "water",
    "typical_c": null,
    "free_entry": null,
    "opening_hours": null,
    "address": null,
    "source": "ipr",
    "note": "fontána"
   }
  },
  {
   "type": "Feature",
   "geometry": {
    "type": "Point",
    "coordinates": [
     14.423716,
     50.082094
    ]
   },
   "properties": {
    "id": "ipr-fontany-158",
    "name": "Fontána s divoženkami",
    "category": "fountain",
    "cooling": "water",
    "typical_c": null,
    "free_entry": null,
    "opening_hours": null,
    "address": null,
    "source": "ipr",
    "note": "fontána"
   }
  },
  {
   "type": "Feature",
   "geometry": {
    "type": "Point",
    "coordinates": [
     14.424892,
     50.081593
    ]
   },
   "properties": {
    "id": "ipr-fontany-159",
    "name": "Kamenná kašnička v domě Langhans",
    "category": "fountain",
    "cooling": "water",
    "typical_c": null,
    "free_entry": null,
    "opening_hours": null,
    "address": null,
    "source": "ipr",
    "note": "kašna"
   }
  },
  {
   "type": "Feature",
   "geometry": {
    "type": "Point",
    "coordinates": [
     14.424279,
     50.081775
    ]
   },
   "properties": {
    "id": "ipr-fontany-160",
    "name": "Kašna ve dvoře domu Langhans",
    "category": "fountain",
    "cooling": "water",
    "typical_c": null,
    "free_entry": null,
    "opening_hours": null,
    "address": null,
    "source": "ipr",
    "note": "kašna"
   }
  },
  {
   "type": "Feature",
   "geometry": {
    "type": "Point",
    "coordinates": [
     14.398252,
     50.092019
    ]
   },
   "properties": {
    "id": "ipr-fontany-161",
    "name": "Fontána u Jízdárny Pražského hradu",
    "category": "fountain",
    "cooling": "water",
    "typical_c": null,
    "free_entry": null,
    "opening_hours": null,
    "address": null,
    "source": "ipr",
    "note": "fontána; správce: Správa Pražského hradu"
   }
  },
  {
   "type": "Feature",
   "geometry": {
    "type": "Point",
    "coordinates": [
     14.397879,
     50.091971
    ]
   },
   "properties": {
    "id": "ipr-fontany-162",
    "name": "Pískovcové fontány u Hradní jízdárny",
    "category": "fountain",
    "cooling": "water",
    "typical_c": null,
    "free_entry": null,
    "opening_hours": null,
    "address": null,
    "source": "ipr",
    "note": "fontána; správce: Správa Pražského hradu"
   }
  },
  {
   "type": "Feature",
   "geometry": {
    "type": "Point",
    "coordinates": [
     14.397499,
     50.091925
    ]
   },
   "properties": {
    "id": "ipr-fontany-163",
    "name": "Fontána Jízdárny Pražského hradu",
    "category": "fountain",
    "cooling": "water",
    "typical_c": null,
    "free_entry": null,
    "opening_hours": null,
    "address": null,
    "source": "ipr",
    "note": "fontána; správce: Správa Pražského hradu"
   }
  },
  {
   "type": "Feature",
   "geometry": {
    "type": "Point",
    "coordinates": [
     14.399128,
     50.091913
    ]
   },
   "properties": {
    "id": "ipr-fontany-164",
    "name": "Kašna s chrličem u Stájového dvora",
    "category": "fountain",
    "cooling": "water",
    "typical_c": null,
    "free_entry": null,
    "opening_hours": null,
    "address": null,
    "source": "ipr",
    "note": "kašna; správce: Správa pražského hradu"
   }
  },
  {
   "type": "Feature",
   "geometry": {
    "type": "Point",
    "coordinates": [
     14.398726,
     50.092892
    ]
   },
   "properties": {
    "id": "ipr-fontany-165",
    "name": "Fontánka v restauraci Lví dvůr",
    "category": "fountain",
    "cooling": "water",
    "typical_c": null,
    "free_entry": null,
    "opening_hours": null,
    "address": null,
    "source": "ipr",
    "note": "fontána"
   }
  },
  {
   "type": "Feature",
   "geometry": {
    "type": "Point",
    "coordinates": [
     14.400216,
     50.092968
    ]
   },
   "properties": {
    "id": "ipr-fontany-166",
    "name": "Bazén s vodotryskem Královská zahrada",
    "category": "fountain",
    "cooling": "water",
    "typical_c": null,
    "free_entry": null,
    "opening_hours": null,
    "address": null,
    "source": "ipr",
    "note": "fontána; správce: Správa Pražského hradu"
   }
  },
  {
   "type": "Feature",
   "geometry": {
    "type": "Point",
    "coordinates": [
     14.403329,
     50.093363
    ]
   },
   "properties": {
    "id": "ipr-fontany-167",
    "name": "Bazének s vodotryskem Královská zahrada",
    "category": "fountain",
    "cooling": "water",
    "typical_c": null,
    "free_entry": null,
    "opening_hours": null,
    "address": null,
    "source": "ipr",
    "note": "fontána; správce: Správa pražského hradu"
   }
  },
  {
   "type": "Feature",
   "geometry": {
    "type": "Point",
    "coordinates": [
     14.40482,
     50.09362
    ]
   },
   "properties": {
    "id": "ipr-fontany-168",
    "name": "Zpívající fontána",
    "category": "fountain",
    "cooling": "water",
    "typical_c": null,
    "free_entry": null,
    "opening_hours": null,
    "address": null,
    "source": "ipr",
    "note": "fontána"
   }
  },
  {
   "type": "Feature",
   "geometry": {
    "type": "Point",
    "coordinates": [
     14.405981,
     50.094576
    ]
   },
   "properties": {
    "id": "ipr-fontany-169",
    "name": "Fontána Vějíř Žofie Chotkové",
    "category": "fountain",
    "cooling": "water",
    "typical_c": null,
    "free_entry": null,
    "opening_hours": null,
    "address": null,
    "source": "ipr",
    "note": "fontána"
   }
  },
  {
   "type": "Feature",
   "geometry": {
    "type": "Point",
    "coordinates": [
     14.408204,
     50.093845
    ]
   },
   "properties": {
    "id": "ipr-fontany-170",
    "name": "Pomník Julia Zeyera s vodní kaskádou",
    "category": "fountain",
    "cooling": "water",
    "typical_c": null,
    "free_entry": null,
    "opening_hours": null,
    "address": null,
    "source": "ipr",
    "note": null
   }
  },
  {
   "type": "Feature",
   "geometry": {
    "type": "Point",
    "coordinates": [
     14.413116,
     50.095188
    ]
   },
   "properties": {
    "id": "ipr-fontany-171",
    "name": "Fontána Letenské sady",
    "category": "fountain",
    "cooling": "water",
    "typical_c": null,
    "free_entry": null,
    "opening_hours": null,
    "address": null,
    "source": "ipr",
    "note": "fontána"
   }
  },
  {
   "type": "Feature",
   "geometry": {
    "type": "Point",
    "coordinates": [
     14.414048,
     50.09504
    ]
   },
   "properties": {
    "id": "ipr-fontany-172",
    "name": "Fontána Letenské sady II.",
    "category": "fountain",
    "cooling": "water",
    "typical_c": null,
    "free_entry": null,
    "opening_hours": null,
    "address": null,
    "source": "ipr",
    "note": "fontána"
   }
  },
  {
   "type": "Feature",
   "geometry": {
    "type": "Point",
    "coordinates": [
     14.410235,
     50.088079
    ]
   },
   "properties": {
    "id": "ipr-fontany-173",
    "name": "Fontána Proudy u Hergetovy cihelny",
    "category": "fountain",
    "cooling": "water",
    "typical_c": null,
    "free_entry": null,
    "opening_hours": null,
    "address": null,
    "source": "ipr",
    "note": "fontána"
   }
  },
  {
   "type": "Feature",
   "geometry": {
    "type": "Point",
    "coordinates": [
     14.409036,
     50.089086
    ]
   },
   "properties": {
    "id": "ipr-fontany-174",
    "name": "Jezírko ve Vojanových sadech",
    "category": "fountain",
    "cooling": "water",
    "typical_c": null,
    "free_entry": null,
    "opening_hours": null,
    "address": null,
    "source": "ipr",
    "note": "kašna"
   }
  },
  {
   "type": "Feature",
   "geometry": {
    "type": "Point",
    "coordinates": [
     14.405836,
     50.089887
    ]
   },
   "properties": {
    "id": "ipr-fontany-175",
    "name": "Kašna se lví hlavou na druhém nádvoří Valdštejnského paláce",
    "category": "fountain",
    "cooling": "water",
    "typical_c": null,
    "free_entry": null,
    "opening_hours": null,
    "address": null,
    "source": "ipr",
    "note": "kašna"
   }
  },
  {
   "type": "Feature",
   "geometry": {
    "type": "Point",
    "coordinates": [
     14.406149,
     50.090445
    ]
   },
   "properties": {
    "id": "ipr-fontany-176",
    "name": "Kašna na nádvoří Valdštejnského paláce",
    "category": "fountain",
    "cooling": "water",
    "typical_c": null,
    "free_entry": null,
    "opening_hours": null,
    "address": null,
    "source": "ipr",
    "note": "kašna"
   }
  },
  {
   "type": "Feature",
   "geometry": {
    "type": "Point",
    "coordinates": [
     14.407922,
     50.091199
    ]
   },
   "properties": {
    "id": "ipr-fontany-177",
    "name": "Fontána Furstenberské zahrady",
    "category": "fountain",
    "cooling": "water",
    "typical_c": null,
    "free_entry": null,
    "opening_hours": null,
    "address": null,
    "source": "ipr",
    "note": "fontána; správce: Action s.r.o."
   }
  },
  {
   "type": "Feature",
   "geometry": {
    "type": "Point",
    "coordinates": [
     14.407145,
     50.091284
    ]
   },
   "properties": {
    "id": "ipr-fontany-178",
    "name": "Dvě fontány v zahradě Fürstenberského paláce",
    "category": "fountain",
    "cooling": "water",
    "typical_c": null,
    "free_entry": null,
    "opening_hours": null,
    "address": null,
    "source": "ipr",
    "note": "fontána"
   }
  },
  {
   "type": "Feature",
   "geometry": {
    "type": "Point",
    "coordinates": [
     14.395328,
     50.094358
    ]
   },
   "properties": {
    "id": "ipr-fontany-179",
    "name": "Fontána v parku U Prašného mostu",
    "category": "fountain",
    "cooling": "water",
    "typical_c": null,
    "free_entry": null,
    "opening_hours": null,
    "address": null,
    "source": "ipr",
    "note": "fontána"
   }
  },
  {
   "type": "Feature",
   "geometry": {
    "type": "Point",
    "coordinates": [
     14.439305,
     50.061713
    ]
   },
   "properties": {
    "id": "ipr-fontany-180",
    "name": "Památník tří odbojů s fontánou",
    "category": "fountain",
    "cooling": "water",
    "typical_c": null,
    "free_entry": null,
    "opening_hours": null,
    "address": null,
    "source": "ipr",
    "note": "fontána"
   }
  },
  {
   "type": "Feature",
   "geometry": {
    "type": "Point",
    "coordinates": [
     14.436231,
     50.064502
    ]
   },
   "properties": {
    "id": "ipr-fontany-181",
    "name": "Fontána u Divadla na Fidlovačce",
    "category": "fountain",
    "cooling": "water",
    "typical_c": null,
    "free_entry": null,
    "opening_hours": null,
    "address": null,
    "source": "ipr",
    "note": "fontána"
   }
  },
  {
   "type": "Feature",
   "geometry": {
    "type": "Point",
    "coordinates": [
     14.42902,
     50.061272
    ]
   },
   "properties": {
    "id": "ipr-fontany-182",
    "name": "Prameník",
    "category": "fountain",
    "cooling": "water",
    "typical_c": null,
    "free_entry": null,
    "opening_hours": null,
    "address": null,
    "source": "ipr",
    "note": "fontána"
   }
  },
  {
   "type": "Feature",
   "geometry": {
    "type": "Point",
    "coordinates": [
     14.4193,
     50.062192
    ]
   },
   "properties": {
    "id": "ipr-fontany-183",
    "name": "Fontána ve vestibulu Ústavu pro péči o matku a dítě",
    "category": "fountain",
    "cooling": "water",
    "typical_c": null,
    "free_entry": null,
    "opening_hours": null,
    "address": null,
    "source": "ipr",
    "note": "fontána"
   }
  },
  {
   "type": "Feature",
   "geometry": {
    "type": "Point",
    "coordinates": [
     14.421634,
     50.061999
    ]
   },
   "properties": {
    "id": "ipr-fontany-184",
    "name": "Jezírko v areálu Ústavu pro péči o matku a dítě",
    "category": "fountain",
    "cooling": "water",
    "typical_c": null,
    "free_entry": null,
    "opening_hours": null,
    "address": null,
    "source": "ipr",
    "note": "kašna"
   }
  },
  {
   "type": "Feature",
   "geometry": {
    "type": "Point",
    "coordinates": [
     14.415603,
     50.076816
    ]
   },
   "properties": {
    "id": "ipr-fontany-185",
    "name": "Kašna se sochou v ulici Náplavní",
    "category": "fountain",
    "cooling": "water",
    "typical_c": null,
    "free_entry": null,
    "opening_hours": null,
    "address": null,
    "source": "ipr",
    "note": "kašna"
   }
  },
  {
   "type": "Feature",
   "geometry": {
    "type": "Point",
    "coordinates": [
     14.428363,
     50.068908
    ]
   },
   "properties": {
    "id": "ipr-fontany-186",
    "name": "Kašna \"Váza\"",
    "category": "fountain",
    "cooling": "water",
    "typical_c": null,
    "free_entry": null,
    "opening_hours": null,
    "address": null,
    "source": "ipr",
    "note": "kašna"
   }
  },
  {
   "type": "Feature",
   "geometry": {
    "type": "Point",
    "coordinates": [
     14.427576,
     50.066959
    ]
   },
   "properties": {
    "id": "ipr-fontany-187",
    "name": "Nová fontána a dvě pítka v rekreačním parku Folimanka",
    "category": "fountain",
    "cooling": "water",
    "typical_c": null,
    "free_entry": null,
    "opening_hours": null,
    "address": null,
    "source": "ipr",
    "note": "fontána"
   }
  },
  {
   "type": "Feature",
   "geometry": {
    "type": "Point",
    "coordinates": [
     14.427668,
     50.067085
    ]
   },
   "properties": {
    "id": "ipr-fontany-188",
    "name": "Fontána s plastikou \"Tři\" v parku Folimanka",
    "category": "fountain",
    "cooling": "water",
    "typical_c": null,
    "free_entry": null,
    "opening_hours": null,
    "address": null,
    "source": "ipr",
    "note": "fontána"
   }
  },
  {
   "type": "Feature",
   "geometry": {
    "type": "Point",
    "coordinates": [
     14.420175,
     50.08786
    ]
   },
   "properties": {
    "id": "ipr-fontany-189",
    "name": "Kašna s delfíny",
    "category": "fountain",
    "cooling": "water",
    "typical_c": null,
    "free_entry": null,
    "opening_hours": null,
    "address": null,
    "source": "ipr",
    "note": "kašna"
   }
  },
  {
   "type": "Feature",
   "geometry": {
    "type": "Point",
    "coordinates": [
     14.422293,
     50.088237
    ]
   },
   "properties": {
    "id": "ipr-fontany-190",
    "name": "Dvě kinetické fontány v restauraci Maitrea",
    "category": "fountain",
    "cooling": "water",
    "typical_c": null,
    "free_entry": null,
    "opening_hours": null,
    "address": null,
    "source": "ipr",
    "note": "fontána"
   }
  },
  {
   "type": "Feature",
   "geometry": {
    "type": "Point",
    "coordinates": [
     14.42204,
     50.088154
    ]
   },
   "properties": {
    "id": "ipr-fontany-191",
    "name": "Dvě kašny v paláci Goltz-Kinských",
    "category": "fountain",
    "cooling": "water",
    "typical_c": null,
    "free_entry": null,
    "opening_hours": null,
    "address": null,
    "source": "ipr",
    "note": "kašna"
   }
  },
  {
   "type": "Feature",
   "geometry": {
    "type": "Point",
    "coordinates": [
     14.422968,
     50.087331
    ]
   },
   "properties": {
    "id": "ipr-fontany-192",
    "name": "Kašna na malém prostranství při jižním vstupu do Týnského chrámu",
    "category": "fountain",
    "cooling": "water",
    "typical_c": null,
    "free_entry": null,
    "opening_hours": null,
    "address": null,
    "source": "ipr",
    "note": "kašna; správce: TSK"
   }
  },
  {
   "type": "Feature",
   "geometry": {
    "type": "Point",
    "coordinates": [
     14.423652,
     50.086237
    ]
   },
   "properties": {
    "id": "ipr-fontany-193",
    "name": "Kašna se Lvy",
    "category": "fountain",
    "cooling": "water",
    "typical_c": null,
    "free_entry": null,
    "opening_hours": null,
    "address": null,
    "source": "ipr",
    "note": "kašna"
   }
  },
  {
   "type": "Feature",
   "geometry": {
    "type": "Point",
    "coordinates": [
     14.425409,
     50.084606
    ]
   },
   "properties": {
    "id": "ipr-fontany-194",
    "name": "Dvě kašny ve dvoře paláce Sylva-Taroucca",
    "category": "fountain",
    "cooling": "water",
    "typical_c": null,
    "free_entry": null,
    "opening_hours": null,
    "address": null,
    "source": "ipr",
    "note": "kašna"
   }
  },
  {
   "type": "Feature",
   "geometry": {
    "type": "Point",
    "coordinates": [
     14.428053,
     50.087804
    ]
   },
   "properties": {
    "id": "ipr-fontany-195",
    "name": "Fontánka v dolním foyer Obecního domu",
    "category": "fountain",
    "cooling": "water",
    "typical_c": null,
    "free_entry": null,
    "opening_hours": null,
    "address": null,
    "source": "ipr",
    "note": "fontána"
   }
  },
  {
   "type": "Feature",
   "geometry": {
    "type": "Point",
    "coordinates": [
     14.431223,
     50.086468
    ]
   },
   "properties": {
    "id": "ipr-fontany-196",
    "name": "Kašna v zahradě hotelu The Grand Mark Prague",
    "category": "fountain",
    "cooling": "water",
    "typical_c": null,
    "free_entry": null,
    "opening_hours": null,
    "address": null,
    "source": "ipr",
    "note": "kašna"
   }
  },
  {
   "type": "Feature",
   "geometry": {
    "type": "Point",
    "coordinates": [
     14.432263,
     50.085909
    ]
   },
   "properties": {
    "id": "ipr-fontany-197",
    "name": "Tančící kašna, Čeští muzikanti (nebo také Pražské jaro)",
    "category": "fountain",
    "cooling": "water",
    "typical_c": null,
    "free_entry": null,
    "opening_hours": null,
    "address": null,
    "source": "ipr",
    "note": "kašna"
   }
  },
  {
   "type": "Feature",
   "geometry": {
    "type": "Point",
    "coordinates": [
     14.428409,
     50.085524
    ]
   },
   "properties": {
    "id": "ipr-fontany-198",
    "name": "Fontána v zahradě Slovanského domu",
    "category": "fountain",
    "cooling": "water",
    "typical_c": null,
    "free_entry": null,
    "opening_hours": null,
    "address": null,
    "source": "ipr",
    "note": "fontána"
   }
  },
  {
   "type": "Feature",
   "geometry": {
    "type": "Point",
    "coordinates": [
     14.425826,
     50.081281
    ]
   },
   "properties": {
    "id": "ipr-fontany-199",
    "name": "Drobná kašna s fontánkou v kavárně v Paláci Lucerna",
    "category": "fountain",
    "cooling": "water",
    "typical_c": null,
    "free_entry": null,
    "opening_hours": null,
    "address": null,
    "source": "ipr",
    "note": "kašna"
   }
  },
  {
   "type": "Feature",
   "geometry": {
    "type": "Point",
    "coordinates": [
     14.425197,
     50.080934
    ]
   },
   "properties": {
    "id": "ipr-fontany-200",
    "name": "Fontána v pasáži Exportní garanční a pojišťovací společnosti, a.s.",
    "category": "fountain",
    "cooling": "water",
    "typical_c": null,
    "free_entry": null,
    "opening_hours": null,
    "address": null,
    "source": "ipr",
    "note": "fontána"
   }
  },
  {
   "type": "Feature",
   "geometry": {
    "type": "Point",
    "coordinates": [
     14.430339,
     50.079337
    ]
   },
   "properties": {
    "id": "ipr-fontany-201",
    "name": "Fontána před Národním muzeem",
    "category": "fountain",
    "cooling": "water",
    "typical_c": null,
    "free_entry": null,
    "opening_hours": null,
    "address": null,
    "source": "ipr",
    "note": "fontána"
   }
  },
  {
   "type": "Feature",
   "geometry": {
    "type": "Point",
    "coordinates": [
     14.560997,
     50.040445
    ]
   },
   "properties": {
    "id": "ipr-fontany-202",
    "name": "Fontána na Veronském náměstí",
    "category": "fountain",
    "cooling": "water",
    "typical_c": null,
    "free_entry": null,
    "opening_hours": null,
    "address": null,
    "source": "ipr",
    "note": "fontána"
   }
  },
  {
   "type": "Feature",
   "geometry": {
    "type": "Point",
    "coordinates": [
     14.563297,
     50.032247
    ]
   },
   "properties": {
    "id": "ipr-fontany-203",
    "name": "Fontána na sídlišti Petrovice",
    "category": "fountain",
    "cooling": "water",
    "typical_c": null,
    "free_entry": null,
    "opening_hours": null,
    "address": null,
    "source": "ipr",
    "note": "fontána"
   }
  },
  {
   "type": "Feature",
   "geometry": {
    "type": "Point",
    "coordinates": [
     14.534534,
     50.063911
    ]
   },
   "properties": {
    "id": "ipr-fontany-204",
    "name": "Fontána na parkovišti firmy Mediaprint & Kapa",
    "category": "fountain",
    "cooling": "water",
    "typical_c": null,
    "free_entry": null,
    "opening_hours": null,
    "address": null,
    "source": "ipr",
    "note": "fontána"
   }
  },
  {
   "type": "Feature",
   "geometry": {
    "type": "Point",
    "coordinates": [
     14.513527,
     50.085758
    ]
   },
   "properties": {
    "id": "ipr-fontany-205",
    "name": "Kašna ve dvoře hotelu Baroko",
    "category": "fountain",
    "cooling": "water",
    "typical_c": null,
    "free_entry": null,
    "opening_hours": null,
    "address": null,
    "source": "ipr",
    "note": "kašna"
   }
  },
  {
   "type": "Feature",
   "geometry": {
    "type": "Point",
    "coordinates": [
     14.499839,
     50.080839
    ]
   },
   "properties": {
    "id": "ipr-fontany-206",
    "name": "Fontána ve vnitrobloku Plaňanská",
    "category": "fountain",
    "cooling": "water",
    "typical_c": null,
    "free_entry": null,
    "opening_hours": null,
    "address": null,
    "source": "ipr",
    "note": "fontána"
   }
  },
  {
   "type": "Feature",
   "geometry": {
    "type": "Point",
    "coordinates": [
     14.499019,
     50.083701
    ]
   },
   "properties": {
    "id": "ipr-fontany-207",
    "name": "Vodní prvky v Malešickém parku",
    "category": "fountain",
    "cooling": "water",
    "typical_c": null,
    "free_entry": null,
    "opening_hours": null,
    "address": null,
    "source": "ipr",
    "note": null
   }
  },
  {
   "type": "Feature",
   "geometry": {
    "type": "Point",
    "coordinates": [
     14.498274,
     50.085167
    ]
   },
   "properties": {
    "id": "ipr-fontany-208",
    "name": "Vodotrysk v Malešickém parku",
    "category": "fountain",
    "cooling": "water",
    "typical_c": null,
    "free_entry": null,
    "opening_hours": null,
    "address": null,
    "source": "ipr",
    "note": "fontána"
   }
  },
  {
   "type": "Feature",
   "geometry": {
    "type": "Point",
    "coordinates": [
     14.498476,
     50.090475
    ]
   },
   "properties": {
    "id": "ipr-fontany-209",
    "name": "Fontána před budovou společnosti Auto Jarov s.r.o.",
    "category": "fountain",
    "cooling": "water",
    "typical_c": null,
    "free_entry": null,
    "opening_hours": null,
    "address": null,
    "source": "ipr",
    "note": "fontána"
   }
  },
  {
   "type": "Feature",
   "geometry": {
    "type": "Point",
    "coordinates": [
     14.438298,
     50.072433
    ]
   },
   "properties": {
    "id": "ipr-fontany-210",
    "name": "Moderní fontána s bronzovými plastikami",
    "category": "fountain",
    "cooling": "water",
    "typical_c": null,
    "free_entry": null,
    "opening_hours": null,
    "address": null,
    "source": "ipr",
    "note": "fontána"
   }
  },
  {
   "type": "Feature",
   "geometry": {
    "type": "Point",
    "coordinates": [
     14.432289,
     50.07472
    ]
   },
   "properties": {
    "id": "ipr-fontany-211",
    "name": "Bazének s vodotryskem Tylovo náměstí",
    "category": "fountain",
    "cooling": "water",
    "typical_c": null,
    "free_entry": null,
    "opening_hours": null,
    "address": null,
    "source": "ipr",
    "note": "fontána"
   }
  },
  {
   "type": "Feature",
   "geometry": {
    "type": "Point",
    "coordinates": [
     14.44819,
     50.074664
    ]
   },
   "properties": {
    "id": "ipr-fontany-212",
    "name": "Bazének s vodotryskem Sady bratří Čapků",
    "category": "fountain",
    "cooling": "water",
    "typical_c": null,
    "free_entry": null,
    "opening_hours": null,
    "address": null,
    "source": "ipr",
    "note": "fontána"
   }
  },
  {
   "type": "Feature",
   "geometry": {
    "type": "Point",
    "coordinates": [
     14.448888,
     50.074384
    ]
   },
   "properties": {
    "id": "ipr-fontany-213",
    "name": "Interiérová fontána v kolumbáriu Husova sboru",
    "category": "fountain",
    "cooling": "water",
    "typical_c": null,
    "free_entry": null,
    "opening_hours": null,
    "address": null,
    "source": "ipr",
    "note": "fontána"
   }
  },
  {
   "type": "Feature",
   "geometry": {
    "type": "Point",
    "coordinates": [
     14.449523,
     50.077588
    ]
   },
   "properties": {
    "id": "ipr-fontany-214",
    "name": "Sjednocená Evropa",
    "category": "fountain",
    "cooling": "water",
    "typical_c": null,
    "free_entry": null,
    "opening_hours": null,
    "address": null,
    "source": "ipr",
    "note": "fontána"
   }
  },
  {
   "type": "Feature",
   "geometry": {
    "type": "Point",
    "coordinates": [
     14.444962,
     50.076686
    ]
   },
   "properties": {
    "id": "ipr-fontany-215",
    "name": "Obdélný bazén s vodotrysky",
    "category": "fountain",
    "cooling": "water",
    "typical_c": null,
    "free_entry": null,
    "opening_hours": null,
    "address": null,
    "source": "ipr",
    "note": "fontána; provozovatel: MČ Praha 2"
   }
  },
  {
   "type": "Feature",
   "geometry": {
    "type": "Point",
    "coordinates": [
     14.442393,
     50.082231
    ]
   },
   "properties": {
    "id": "ipr-fontany-216",
    "name": "Vodní kaskáda v parku Rajská zahrada",
    "category": "fountain",
    "cooling": "water",
    "typical_c": null,
    "free_entry": null,
    "opening_hours": null,
    "address": null,
    "source": "ipr",
    "note": null
   }
  },
  {
   "type": "Feature",
   "geometry": {
    "type": "Point",
    "coordinates": [
     14.440001,
     50.084475
    ]
   },
   "properties": {
    "id": "ipr-fontany-217",
    "name": "Fontána v komplexu Churchill",
    "category": "fountain",
    "cooling": "water",
    "typical_c": null,
    "free_entry": null,
    "opening_hours": null,
    "address": null,
    "source": "ipr",
    "note": "fontána"
   }
  },
  {
   "type": "Feature",
   "geometry": {
    "type": "Point",
    "coordinates": [
     14.454676,
     50.082056
    ]
   },
   "properties": {
    "id": "ipr-fontany-218",
    "name": "Fontána",
    "category": "fountain",
    "cooling": "water",
    "typical_c": null,
    "free_entry": null,
    "opening_hours": null,
    "address": null,
    "source": "ipr",
    "note": "fontána"
   }
  },
  {
   "type": "Feature",
   "geometry": {
    "type": "Point",
    "coordinates": [
     14.457497,
     50.083023
    ]
   },
   "properties": {
    "id": "ipr-fontany-219",
    "name": "Fontána před hotelem Olšanka",
    "category": "fountain",
    "cooling": "water",
    "typical_c": null,
    "free_entry": null,
    "opening_hours": null,
    "address": null,
    "source": "ipr",
    "note": "fontána"
   }
  },
  {
   "type": "Feature",
   "geometry": {
    "type": "Point",
    "coordinates": [
     14.456903,
     50.086662
    ]
   },
   "properties": {
    "id": "ipr-fontany-220",
    "name": "Fontána na Komenského náměstí",
    "category": "fountain",
    "cooling": "water",
    "typical_c": null,
    "free_entry": null,
    "opening_hours": null,
    "address": null,
    "source": "ipr",
    "note": "fontána"
   }
  },
  {
   "type": "Feature",
   "geometry": {
    "type": "Point",
    "coordinates": [
     14.451237,
     50.088726
    ]
   },
   "properties": {
    "id": "ipr-fontany-221",
    "name": "Žulová fontána na východní straně Národního památníku",
    "category": "fountain",
    "cooling": "water",
    "typical_c": null,
    "free_entry": null,
    "opening_hours": null,
    "address": null,
    "source": "ipr",
    "note": "fontána"
   }
  },
  {
   "type": "Feature",
   "geometry": {
    "type": "Point",
    "coordinates": [
     14.433535,
     50.075621
    ]
   },
   "properties": {
    "id": "ipr-fontany-222",
    "name": "Fontána s plastikou ve dvoraně České spořitelny",
    "category": "fountain",
    "cooling": "water",
    "typical_c": null,
    "free_entry": null,
    "opening_hours": null,
    "address": null,
    "source": "ipr",
    "note": "fontána"
   }
  },
  {
   "type": "Feature",
   "geometry": {
    "type": "Point",
    "coordinates": [
     14.4206,
     50.084626
    ]
   },
   "properties": {
    "id": "ipr-fontany-223",
    "name": "Prameník na Havelském tržišti",
    "category": "fountain",
    "cooling": "water",
    "typical_c": null,
    "free_entry": null,
    "opening_hours": null,
    "address": null,
    "source": "ipr",
    "note": "kašna"
   }
  },
  {
   "type": "Feature",
   "geometry": {
    "type": "Point",
    "coordinates": [
     14.429781,
     50.089012
    ]
   },
   "properties": {
    "id": "ipr-fontany-224",
    "name": "Fontánová plastika na Jezdeckém nádvoří OC Palladium",
    "category": "fountain",
    "cooling": "water",
    "typical_c": null,
    "free_entry": null,
    "opening_hours": null,
    "address": null,
    "source": "ipr",
    "note": "fontána"
   }
  },
  {
   "type": "Feature",
   "geometry": {
    "type": "Point",
    "coordinates": [
     14.433127,
     50.08839
    ]
   },
   "properties": {
    "id": "ipr-fontany-225",
    "name": "Fontána u Masarykova nádraží",
    "category": "fountain",
    "cooling": "water",
    "typical_c": null,
    "free_entry": null,
    "opening_hours": null,
    "address": null,
    "source": "ipr",
    "note": "fontána"
   }
  },
  {
   "type": "Feature",
   "geometry": {
    "type": "Point",
    "coordinates": [
     14.43358,
     50.088947
    ]
   },
   "properties": {
    "id": "ipr-fontany-226",
    "name": "Fontánka v atriu",
    "category": "fountain",
    "cooling": "water",
    "typical_c": null,
    "free_entry": null,
    "opening_hours": null,
    "address": null,
    "source": "ipr",
    "note": "fontána"
   }
  },
  {
   "type": "Feature",
   "geometry": {
    "type": "Point",
    "coordinates": [
     14.435582,
     50.089174
    ]
   },
   "properties": {
    "id": "ipr-fontany-227",
    "name": "Fontána v atriu Florentina",
    "category": "fountain",
    "cooling": "water",
    "typical_c": null,
    "free_entry": null,
    "opening_hours": null,
    "address": null,
    "source": "ipr",
    "note": "fontána"
   }
  },
  {
   "type": "Feature",
   "geometry": {
    "type": "Point",
    "coordinates": [
     14.436382,
     50.089342
    ]
   },
   "properties": {
    "id": "ipr-fontany-228",
    "name": "Jezírko v atriu Florentina",
    "category": "fountain",
    "cooling": "water",
    "typical_c": null,
    "free_entry": null,
    "opening_hours": null,
    "address": null,
    "source": "ipr",
    "note": "kašna"
   }
  },
  {
   "type": "Feature",
   "geometry": {
    "type": "Point",
    "coordinates": [
     14.434574,
     50.091708
    ]
   },
   "properties": {
    "id": "ipr-fontany-229",
    "name": "Žulová fontána u Petrské věže",
    "category": "fountain",
    "cooling": "water",
    "typical_c": null,
    "free_entry": null,
    "opening_hours": null,
    "address": null,
    "source": "ipr",
    "note": "fontána"
   }
  },
  {
   "type": "Feature",
   "geometry": {
    "type": "Point",
    "coordinates": [
     14.44424,
     50.094342
    ]
   },
   "properties": {
    "id": "ipr-fontany-230",
    "name": "Fontána na prostranství v business centru River City Prague",
    "category": "fountain",
    "cooling": "water",
    "typical_c": null,
    "free_entry": null,
    "opening_hours": null,
    "address": null,
    "source": "ipr",
    "note": "fontána"
   }
  },
  {
   "type": "Feature",
   "geometry": {
    "type": "Point",
    "coordinates": [
     14.446315,
     50.094357
    ]
   },
   "properties": {
    "id": "ipr-fontany-231",
    "name": "Fontána v Amazon Court",
    "category": "fountain",
    "cooling": "water",
    "typical_c": null,
    "free_entry": null,
    "opening_hours": null,
    "address": null,
    "source": "ipr",
    "note": "fontána"
   }
  },
  {
   "type": "Feature",
   "geometry": {
    "type": "Point",
    "coordinates": [
     14.451685,
     50.095888
    ]
   },
   "properties": {
    "id": "ipr-fontany-232",
    "name": "Kaskáda ve vnitrobloku",
    "category": "fountain",
    "cooling": "water",
    "typical_c": null,
    "free_entry": null,
    "opening_hours": null,
    "address": null,
    "source": "ipr",
    "note": null
   }
  },
  {
   "type": "Feature",
   "geometry": {
    "type": "Point",
    "coordinates": [
     14.457355,
     50.09184
    ]
   },
   "properties": {
    "id": "ipr-fontany-233",
    "name": "Fontána před budovou Butterfly Karlín",
    "category": "fountain",
    "cooling": "water",
    "typical_c": null,
    "free_entry": null,
    "opening_hours": null,
    "address": null,
    "source": "ipr",
    "note": "fontána"
   }
  },
  {
   "type": "Feature",
   "geometry": {
    "type": "Point",
    "coordinates": [
     14.456877,
     50.091428
    ]
   },
   "properties": {
    "id": "ipr-fontany-234",
    "name": "Fontány před kaplí v Karlíně",
    "category": "fountain",
    "cooling": "water",
    "typical_c": null,
    "free_entry": null,
    "opening_hours": null,
    "address": null,
    "source": "ipr",
    "note": "fontána"
   }
  },
  {
   "type": "Feature",
   "geometry": {
    "type": "Point",
    "coordinates": [
     14.459506,
     50.094811
    ]
   },
   "properties": {
    "id": "ipr-fontany-235",
    "name": "Jezírko v Kaizlových sadech",
    "category": "fountain",
    "cooling": "water",
    "typical_c": null,
    "free_entry": null,
    "opening_hours": null,
    "address": null,
    "source": "ipr",
    "note": "kašna"
   }
  },
  {
   "type": "Feature",
   "geometry": {
    "type": "Point",
    "coordinates": [
     14.463804,
     50.096328
    ]
   },
   "properties": {
    "id": "ipr-fontany-236",
    "name": "Vodní prvky ve Futurama Business Park",
    "category": "fountain",
    "cooling": "water",
    "typical_c": null,
    "free_entry": null,
    "opening_hours": null,
    "address": null,
    "source": "ipr",
    "note": "fontána"
   }
  },
  {
   "type": "Feature",
   "geometry": {
    "type": "Point",
    "coordinates": [
     14.466327,
     50.098885
    ]
   },
   "properties": {
    "id": "ipr-fontany-237",
    "name": "Fontána u budovy Rustonka",
    "category": "fountain",
    "cooling": "water",
    "typical_c": null,
    "free_entry": null,
    "opening_hours": null,
    "address": null,
    "source": "ipr",
    "note": "fontána"
   }
  },
  {
   "type": "Feature",
   "geometry": {
    "type": "Point",
    "coordinates": [
     14.468213,
     50.09834
    ]
   },
   "properties": {
    "id": "ipr-fontany-239",
    "name": "Fontána v hotelu Olympik",
    "category": "fountain",
    "cooling": "water",
    "typical_c": null,
    "free_entry": null,
    "opening_hours": null,
    "address": null,
    "source": "ipr",
    "note": "fontána"
   }
  },
  {
   "type": "Feature",
   "geometry": {
    "type": "Point",
    "coordinates": [
     14.476983,
     50.096845
    ]
   },
   "properties": {
    "id": "ipr-fontany-240",
    "name": "Fontána na Krejcárku",
    "category": "fountain",
    "cooling": "water",
    "typical_c": null,
    "free_entry": null,
    "opening_hours": null,
    "address": null,
    "source": "ipr",
    "note": "fontána"
   }
  },
  {
   "type": "Feature",
   "geometry": {
    "type": "Point",
    "coordinates": [
     14.470237,
     50.104578
    ]
   },
   "properties": {
    "id": "ipr-fontany-241",
    "name": "Fontána v areálu Palmovka Open Park",
    "category": "fountain",
    "cooling": "water",
    "typical_c": null,
    "free_entry": null,
    "opening_hours": null,
    "address": null,
    "source": "ipr",
    "note": "fontána"
   }
  },
  {
   "type": "Feature",
   "geometry": {
    "type": "Point",
    "coordinates": [
     14.449554,
     50.115234
    ]
   },
   "properties": {
    "id": "ipr-fontany-242",
    "name": "Betonový bazén v areálu fakult UK a ČVUT",
    "category": "fountain",
    "cooling": "water",
    "typical_c": null,
    "free_entry": null,
    "opening_hours": null,
    "address": null,
    "source": "ipr",
    "note": "kašna"
   }
  },
  {
   "type": "Feature",
   "geometry": {
    "type": "Point",
    "coordinates": [
     14.456118,
     50.124726
    ]
   },
   "properties": {
    "id": "ipr-fontany-243",
    "name": "Drobná fontánka při vstupu do stanice metra Kobylisy",
    "category": "fountain",
    "cooling": "water",
    "typical_c": null,
    "free_entry": null,
    "opening_hours": null,
    "address": null,
    "source": "ipr",
    "note": "fontána"
   }
  },
  {
   "type": "Feature",
   "geometry": {
    "type": "Point",
    "coordinates": [
     14.469467,
     50.127597
    ]
   },
   "properties": {
    "id": "ipr-fontany-244",
    "name": "Fontána před multikinem Ládví",
    "category": "fountain",
    "cooling": "water",
    "typical_c": null,
    "free_entry": null,
    "opening_hours": null,
    "address": null,
    "source": "ipr",
    "note": "fontána; provozovatel: MČ Praha 8"
   }
  },
  {
   "type": "Feature",
   "geometry": {
    "type": "Point",
    "coordinates": [
     14.471244,
     50.13029
    ]
   },
   "properties": {
    "id": "ipr-fontany-245",
    "name": "Bazén s pelikány v parku před základní školou",
    "category": "fountain",
    "cooling": "water",
    "typical_c": null,
    "free_entry": null,
    "opening_hours": null,
    "address": null,
    "source": "ipr",
    "note": "kašna"
   }
  },
  {
   "type": "Feature",
   "geometry": {
    "type": "Point",
    "coordinates": [
     14.450313,
     50.139799
    ]
   },
   "properties": {
    "id": "ipr-fontany-246",
    "name": "Fontány v areálu komerčního centra",
    "category": "fountain",
    "cooling": "water",
    "typical_c": null,
    "free_entry": null,
    "opening_hours": null,
    "address": null,
    "source": "ipr",
    "note": "fontána"
   }
  },
  {
   "type": "Feature",
   "geometry": {
    "type": "Point",
    "coordinates": [
     14.418254,
     50.12808
    ]
   },
   "properties": {
    "id": "ipr-fontany-248",
    "name": "Fontána Krakov",
    "category": "fountain",
    "cooling": "water",
    "typical_c": null,
    "free_entry": null,
    "opening_hours": null,
    "address": null,
    "source": "ipr",
    "note": "fontána"
   }
  },
  {
   "type": "Feature",
   "geometry": {
    "type": "Point",
    "coordinates": [
     14.412971,
     50.116651
    ]
   },
   "properties": {
    "id": "ipr-fontany-249",
    "name": "Moderní fontána před Trojským zámkem",
    "category": "fountain",
    "cooling": "water",
    "typical_c": null,
    "free_entry": null,
    "opening_hours": null,
    "address": null,
    "source": "ipr",
    "note": "fontána"
   }
  },
  {
   "type": "Feature",
   "geometry": {
    "type": "Point",
    "coordinates": [
     14.413468,
     50.115996
    ]
   },
   "properties": {
    "id": "ipr-fontany-250",
    "name": "Dvě pískovcové fontány s motivy hadů",
    "category": "fountain",
    "cooling": "water",
    "typical_c": null,
    "free_entry": null,
    "opening_hours": null,
    "address": null,
    "source": "ipr",
    "note": "fontána"
   }
  },
  {
   "type": "Feature",
   "geometry": {
    "type": "Point",
    "coordinates": [
     14.412481,
     50.115485
    ]
   },
   "properties": {
    "id": "ipr-fontany-252",
    "name": "Centrální fontána v zámeckém parku",
    "category": "fountain",
    "cooling": "water",
    "typical_c": null,
    "free_entry": null,
    "opening_hours": null,
    "address": null,
    "source": "ipr",
    "note": "fontána"
   }
  },
  {
   "type": "Feature",
   "geometry": {
    "type": "Point",
    "coordinates": [
     14.490659,
     50.128343
    ]
   },
   "properties": {
    "id": "ipr-fontany-253",
    "name": "Vodní kaskáda před poliklinikou Prosek",
    "category": "fountain",
    "cooling": "water",
    "typical_c": null,
    "free_entry": null,
    "opening_hours": null,
    "address": null,
    "source": "ipr",
    "note": null
   }
  },
  {
   "type": "Feature",
   "geometry": {
    "type": "Point",
    "coordinates": [
     14.490612,
     50.128462
    ]
   },
   "properties": {
    "id": "ipr-fontany-254",
    "name": "Mlžná fontána před poliklinikou Prosek",
    "category": "fountain",
    "cooling": "water",
    "typical_c": null,
    "free_entry": null,
    "opening_hours": null,
    "address": null,
    "source": "ipr",
    "note": "fontána"
   }
  },
  {
   "type": "Feature",
   "geometry": {
    "type": "Point",
    "coordinates": [
     14.491353,
     50.125679
    ]
   },
   "properties": {
    "id": "ipr-fontany-255",
    "name": "Fontána Střížkov",
    "category": "fountain",
    "cooling": "water",
    "typical_c": null,
    "free_entry": null,
    "opening_hours": null,
    "address": null,
    "source": "ipr",
    "note": "fontána"
   }
  },
  {
   "type": "Feature",
   "geometry": {
    "type": "Point",
    "coordinates": [
     14.493718,
     50.123982
    ]
   },
   "properties": {
    "id": "ipr-fontany-256",
    "name": "Fontána Park Přátelství",
    "category": "fountain",
    "cooling": "water",
    "typical_c": null,
    "free_entry": null,
    "opening_hours": null,
    "address": null,
    "source": "ipr",
    "note": "fontána"
   }
  },
  {
   "type": "Feature",
   "geometry": {
    "type": "Point",
    "coordinates": [
     14.496034,
     50.12181
    ]
   },
   "properties": {
    "id": "ipr-fontany-257",
    "name": "Vodní systém s potoky a fontánkami",
    "category": "fountain",
    "cooling": "water",
    "typical_c": null,
    "free_entry": null,
    "opening_hours": null,
    "address": null,
    "source": "ipr",
    "note": "kašna"
   }
  },
  {
   "type": "Feature",
   "geometry": {
    "type": "Point",
    "coordinates": [
     14.51529,
     50.137362
    ]
   },
   "properties": {
    "id": "ipr-fontany-258",
    "name": "Kašna s plastikou dětí před budovou ÚMČ Praha 18",
    "category": "fountain",
    "cooling": "water",
    "typical_c": null,
    "free_entry": null,
    "opening_hours": null,
    "address": null,
    "source": "ipr",
    "note": "kašna"
   }
  },
  {
   "type": "Feature",
   "geometry": {
    "type": "Point",
    "coordinates": [
     14.5138,
     50.13895
    ]
   },
   "properties": {
    "id": "ipr-fontany-259",
    "name": "Jezírko na Staré návsi",
    "category": "fountain",
    "cooling": "water",
    "typical_c": null,
    "free_entry": null,
    "opening_hours": null,
    "address": null,
    "source": "ipr",
    "note": "kašna"
   }
  },
  {
   "type": "Feature",
   "geometry": {
    "type": "Point",
    "coordinates": [
     14.507523,
     50.141163
    ]
   },
   "properties": {
    "id": "ipr-fontany-260",
    "name": "Fontána Lentilka",
    "category": "fountain",
    "cooling": "water",
    "typical_c": null,
    "free_entry": null,
    "opening_hours": null,
    "address": null,
    "source": "ipr",
    "note": "fontána; provozovatel: Hl.m. Praha"
   }
  },
  {
   "type": "Feature",
   "geometry": {
    "type": "Point",
    "coordinates": [
     14.50433,
     50.136246
    ]
   },
   "properties": {
    "id": "ipr-fontany-261",
    "name": "Kaskádová fontána u Obchodního centra Letňany",
    "category": "fountain",
    "cooling": "water",
    "typical_c": null,
    "free_entry": null,
    "opening_hours": null,
    "address": null,
    "source": "ipr",
    "note": "fontána"
   }
  },
  {
   "type": "Feature",
   "geometry": {
    "type": "Point",
    "coordinates": [
     14.520557,
     50.150557
    ]
   },
   "properties": {
    "id": "ipr-fontany-262",
    "name": "Vodní nádrž v Husově parku",
    "category": "fountain",
    "cooling": "water",
    "typical_c": null,
    "free_entry": null,
    "opening_hours": null,
    "address": null,
    "source": "ipr",
    "note": "kašna; správce: MČ Praha Čakovice"
   }
  },
  {
   "type": "Feature",
   "geometry": {
    "type": "Point",
    "coordinates": [
     14.522085,
     50.152049
    ]
   },
   "properties": {
    "id": "ipr-fontany-263",
    "name": "Fontána před Čakovickým zámkem",
    "category": "fountain",
    "cooling": "water",
    "typical_c": null,
    "free_entry": null,
    "opening_hours": null,
    "address": null,
    "source": "ipr",
    "note": "fontána"
   }
  },
  {
   "type": "Feature",
   "geometry": {
    "type": "Point",
    "coordinates": [
     14.521799,
     50.152811
    ]
   },
   "properties": {
    "id": "ipr-fontany-264",
    "name": "Jezírko v zámeckém parku",
    "category": "fountain",
    "cooling": "water",
    "typical_c": null,
    "free_entry": null,
    "opening_hours": null,
    "address": null,
    "source": "ipr",
    "note": "kašna"
   }
  },
  {
   "type": "Feature",
   "geometry": {
    "type": "Point",
    "coordinates": [
     14.547287,
     50.13372
    ]
   },
   "properties": {
    "id": "ipr-fontany-265",
    "name": "Fontánka před budovou úřadu MČ Prahy 19",
    "category": "fountain",
    "cooling": "water",
    "typical_c": null,
    "free_entry": null,
    "opening_hours": null,
    "address": null,
    "source": "ipr",
    "note": "fontána"
   }
  },
  {
   "type": "Feature",
   "geometry": {
    "type": "Point",
    "coordinates": [
     14.484835,
     50.076532
    ]
   },
   "properties": {
    "id": "ipr-fontany-266",
    "name": "Kašna na nádvoří Strašnického krematoria",
    "category": "fountain",
    "cooling": "water",
    "typical_c": null,
    "free_entry": null,
    "opening_hours": null,
    "address": null,
    "source": "ipr",
    "note": "kašna"
   }
  },
  {
   "type": "Feature",
   "geometry": {
    "type": "Point",
    "coordinates": [
     14.502238,
     50.097399
    ]
   },
   "properties": {
    "id": "ipr-fontany-267",
    "name": "Fontána před areálem sídla společnosti Pražské služby, a.s.",
    "category": "fountain",
    "cooling": "water",
    "typical_c": null,
    "free_entry": null,
    "opening_hours": null,
    "address": null,
    "source": "ipr",
    "note": "fontána"
   }
  },
  {
   "type": "Feature",
   "geometry": {
    "type": "Point",
    "coordinates": [
     14.510015,
     50.103976
    ]
   },
   "properties": {
    "id": "ipr-fontany-268",
    "name": "Fontána v ulici Pod Harfou",
    "category": "fountain",
    "cooling": "water",
    "typical_c": null,
    "free_entry": null,
    "opening_hours": null,
    "address": null,
    "source": "ipr",
    "note": "fontána"
   }
  },
  {
   "type": "Feature",
   "geometry": {
    "type": "Point",
    "coordinates": [
     14.483676,
     50.104583
    ]
   },
   "properties": {
    "id": "ipr-fontany-269",
    "name": "Fontána před kancelářskou budovou Balabenka",
    "category": "fountain",
    "cooling": "water",
    "typical_c": null,
    "free_entry": null,
    "opening_hours": null,
    "address": null,
    "source": "ipr",
    "note": "fontána"
   }
  },
  {
   "type": "Feature",
   "geometry": {
    "type": "Point",
    "coordinates": [
     14.393469,
     49.977689
    ]
   },
   "properties": {
    "id": "ipr-fontany-270",
    "name": "Bazének s plastikou lachtana",
    "category": "fountain",
    "cooling": "water",
    "typical_c": null,
    "free_entry": null,
    "opening_hours": null,
    "address": null,
    "source": "ipr",
    "note": "fontána"
   }
  },
  {
   "type": "Feature",
   "geometry": {
    "type": "Point",
    "coordinates": [
     14.394807,
     49.973831
    ]
   },
   "properties": {
    "id": "ipr-fontany-271",
    "name": "Fontána s plastikou v zahradě restaurace Patium",
    "category": "fountain",
    "cooling": "water",
    "typical_c": null,
    "free_entry": null,
    "opening_hours": null,
    "address": null,
    "source": "ipr",
    "note": "fontána"
   }
  },
  {
   "type": "Feature",
   "geometry": {
    "type": "Point",
    "coordinates": [
     14.49271,
     50.111443
    ]
   },
   "properties": {
    "id": "ipr-fontany-272",
    "name": "Vodní systém s jezírky v parku Podviní",
    "category": "fountain",
    "cooling": "water",
    "typical_c": null,
    "free_entry": null,
    "opening_hours": null,
    "address": null,
    "source": "ipr",
    "note": "kašna"
   }
  },
  {
   "type": "Feature",
   "geometry": {
    "type": "Point",
    "coordinates": [
     14.501077,
     50.109218
    ]
   },
   "properties": {
    "id": "ipr-fontany-273",
    "name": "Fontána před hotelem Clarion Congress Hotel",
    "category": "fountain",
    "cooling": "water",
    "typical_c": null,
    "free_entry": null,
    "opening_hours": null,
    "address": null,
    "source": "ipr",
    "note": "fontána"
   }
  },
  {
   "type": "Feature",
   "geometry": {
    "type": "Point",
    "coordinates": [
     14.407086,
     49.988258
    ]
   },
   "properties": {
    "id": "ipr-fontany-274",
    "name": "Keramická fontána ve vstupní hale ČHMÚ",
    "category": "fountain",
    "cooling": "water",
    "typical_c": null,
    "free_entry": null,
    "opening_hours": null,
    "address": null,
    "source": "ipr",
    "note": "fontána"
   }
  },
  {
   "type": "Feature",
   "geometry": {
    "type": "Point",
    "coordinates": [
     14.517789,
     50.111224
    ]
   },
   "properties": {
    "id": "ipr-fontany-275",
    "name": "Fontána u AFI CITY",
    "category": "fountain",
    "cooling": "water",
    "typical_c": null,
    "free_entry": null,
    "opening_hours": null,
    "address": null,
    "source": "ipr",
    "note": "fontána"
   }
  },
  {
   "type": "Feature",
   "geometry": {
    "type": "Point",
    "coordinates": [
     14.417592,
     50.005987
    ]
   },
   "properties": {
    "id": "ipr-fontany-276",
    "name": "Fontána na Sofijském náměstí",
    "category": "fountain",
    "cooling": "water",
    "typical_c": null,
    "free_entry": null,
    "opening_hours": null,
    "address": null,
    "source": "ipr",
    "note": "fontána"
   }
  },
  {
   "type": "Feature",
   "geometry": {
    "type": "Point",
    "coordinates": [
     14.53769,
     50.105823
    ]
   },
   "properties": {
    "id": "ipr-fontany-277",
    "name": "Fontána před nákupním centrem",
    "category": "fountain",
    "cooling": "water",
    "typical_c": null,
    "free_entry": null,
    "opening_hours": null,
    "address": null,
    "source": "ipr",
    "note": "fontána"
   }
  },
  {
   "type": "Feature",
   "geometry": {
    "type": "Point",
    "coordinates": [
     14.422723,
     50.007997
    ]
   },
   "properties": {
    "id": "ipr-fontany-278",
    "name": "Fontána s plastikou Jablko",
    "category": "fountain",
    "cooling": "water",
    "typical_c": null,
    "free_entry": null,
    "opening_hours": null,
    "address": null,
    "source": "ipr",
    "note": "fontána"
   }
  },
  {
   "type": "Feature",
   "geometry": {
    "type": "Point",
    "coordinates": [
     14.414095,
     50.012359
    ]
   },
   "properties": {
    "id": "ipr-fontany-279",
    "name": "Fontánka před Alzheimer Centrum Modřany",
    "category": "fountain",
    "cooling": "water",
    "typical_c": null,
    "free_entry": null,
    "opening_hours": null,
    "address": null,
    "source": "ipr",
    "note": "fontána"
   }
  },
  {
   "type": "Feature",
   "geometry": {
    "type": "Point",
    "coordinates": [
     14.581089,
     50.10768
    ]
   },
   "properties": {
    "id": "ipr-fontany-280",
    "name": "Fontána před obchodním centrem Černý Most",
    "category": "fountain",
    "cooling": "water",
    "typical_c": null,
    "free_entry": null,
    "opening_hours": null,
    "address": null,
    "source": "ipr",
    "note": "fontána"
   }
  },
  {
   "type": "Feature",
   "geometry": {
    "type": "Point",
    "coordinates": [
     14.409076,
     50.029525
    ]
   },
   "properties": {
    "id": "ipr-fontany-281",
    "name": "Kašna v areálu býv. Branického pivovaru",
    "category": "fountain",
    "cooling": "water",
    "typical_c": null,
    "free_entry": null,
    "opening_hours": null,
    "address": null,
    "source": "ipr",
    "note": "fontána"
   }
  },
  {
   "type": "Feature",
   "geometry": {
    "type": "Point",
    "coordinates": [
     14.40893,
     50.029774
    ]
   },
   "properties": {
    "id": "ipr-fontany-282",
    "name": "Kašna u pivovaru Bráník",
    "category": "fountain",
    "cooling": "water",
    "typical_c": null,
    "free_entry": null,
    "opening_hours": null,
    "address": null,
    "source": "ipr",
    "note": "kašna"
   }
  },
  {
   "type": "Feature",
   "geometry": {
    "type": "Point",
    "coordinates": [
     14.483297,
     50.013526
    ]
   },
   "properties": {
    "id": "ipr-fontany-283",
    "name": "Nová fontána před kunratickou radnicí",
    "category": "fountain",
    "cooling": "water",
    "typical_c": null,
    "free_entry": null,
    "opening_hours": null,
    "address": null,
    "source": "ipr",
    "note": "fontána"
   }
  },
  {
   "type": "Feature",
   "geometry": {
    "type": "Point",
    "coordinates": [
     14.466187,
     50.017419
    ]
   },
   "properties": {
    "id": "ipr-fontany-284",
    "name": "Fontána s plastikou v areálu výzkumných ústavů",
    "category": "fountain",
    "cooling": "water",
    "typical_c": null,
    "free_entry": null,
    "opening_hours": null,
    "address": null,
    "source": "ipr",
    "note": "fontána"
   }
  },
  {
   "type": "Feature",
   "geometry": {
    "type": "Point",
    "coordinates": [
     14.377276,
     50.034576
    ]
   },
   "properties": {
    "id": "ipr-fontany-285",
    "name": "Průchozí fontána s vodotrysky",
    "category": "fountain",
    "cooling": "water",
    "typical_c": null,
    "free_entry": null,
    "opening_hours": null,
    "address": null,
    "source": "ipr",
    "note": "fontána"
   }
  },
  {
   "type": "Feature",
   "geometry": {
    "type": "Point",
    "coordinates": [
     14.376768,
     50.033718
    ]
   },
   "properties": {
    "id": "ipr-fontany-286",
    "name": "Fontána s kaskádou",
    "category": "fountain",
    "cooling": "water",
    "typical_c": null,
    "free_entry": null,
    "opening_hours": null,
    "address": null,
    "source": "ipr",
    "note": null
   }
  },
  {
   "type": "Feature",
   "geometry": {
    "type": "Point",
    "coordinates": [
     14.368339,
     50.030429
    ]
   },
   "properties": {
    "id": "ipr-fontany-287",
    "name": "Vodní kaskáda s \"vodní obrazovkou\" na Trnkově náměstí",
    "category": "fountain",
    "cooling": "water",
    "typical_c": null,
    "free_entry": null,
    "opening_hours": null,
    "address": null,
    "source": "ipr",
    "note": "fontána; provozovatel: MČ Praha 5"
   }
  },
  {
   "type": "Feature",
   "geometry": {
    "type": "Point",
    "coordinates": [
     14.474106,
     50.00195
    ]
   },
   "properties": {
    "id": "ipr-fontany-288",
    "name": "Fontána v SAPA Praha",
    "category": "fountain",
    "cooling": "water",
    "typical_c": null,
    "free_entry": null,
    "opening_hours": null,
    "address": null,
    "source": "ipr",
    "note": "fontána"
   }
  },
  {
   "type": "Feature",
   "geometry": {
    "type": "Point",
    "coordinates": [
     14.408544,
     50.090737
    ]
   },
   "properties": {
    "id": "ipr-fontany-289",
    "name": "Bazén se sochou Herkula",
    "category": "fountain",
    "cooling": "water",
    "typical_c": null,
    "free_entry": null,
    "opening_hours": null,
    "address": null,
    "source": "ipr",
    "note": "kašna"
   }
  },
  {
   "type": "Feature",
   "geometry": {
    "type": "Point",
    "coordinates": [
     14.407914,
     50.090419
    ]
   },
   "properties": {
    "id": "ipr-fontany-290",
    "name": "Kašna s Heraklem a Kentaurem",
    "category": "fountain",
    "cooling": "water",
    "typical_c": null,
    "free_entry": null,
    "opening_hours": null,
    "address": null,
    "source": "ipr",
    "note": "kašna"
   }
  },
  {
   "type": "Feature",
   "geometry": {
    "type": "Point",
    "coordinates": [
     14.407442,
     50.089948
    ]
   },
   "properties": {
    "id": "ipr-fontany-291",
    "name": "Pískovcová fontána",
    "category": "fountain",
    "cooling": "water",
    "typical_c": null,
    "free_entry": null,
    "opening_hours": null,
    "address": null,
    "source": "ipr",
    "note": "kašna"
   }
  },
  {
   "type": "Feature",
   "geometry": {
    "type": "Point",
    "coordinates": [
     14.406821,
     50.089499
    ]
   },
   "properties": {
    "id": "ipr-fontany-292",
    "name": "Fontána s rybou",
    "category": "fountain",
    "cooling": "water",
    "typical_c": null,
    "free_entry": null,
    "opening_hours": null,
    "address": null,
    "source": "ipr",
    "note": "fontána"
   }
  },
  {
   "type": "Feature",
   "geometry": {
    "type": "Point",
    "coordinates": [
     14.406443,
     50.08992
    ]
   },
   "properties": {
    "id": "ipr-fontany-293",
    "name": "Fontána Venuše s Amorem",
    "category": "fountain",
    "cooling": "water",
    "typical_c": null,
    "free_entry": null,
    "opening_hours": null,
    "address": null,
    "source": "ipr",
    "note": "kašna"
   }
  },
  {
   "type": "Feature",
   "geometry": {
    "type": "Point",
    "coordinates": [
     14.355317,
     50.074226
    ]
   },
   "properties": {
    "id": "ipr-fontany-294",
    "name": "Fontána v parku nemocnice Na Homolce",
    "category": "fountain",
    "cooling": "water",
    "typical_c": null,
    "free_entry": null,
    "opening_hours": null,
    "address": null,
    "source": "ipr",
    "note": "kašna"
   }
  },
  {
   "type": "Feature",
   "geometry": {
    "type": "Point",
    "coordinates": [
     14.492661,
     50.020354
    ]
   },
   "properties": {
    "id": "ipr-fontany-295",
    "name": "Fontána v nádvoří budovy Vysoké školy ekonomické",
    "category": "fountain",
    "cooling": "water",
    "typical_c": null,
    "free_entry": null,
    "opening_hours": null,
    "address": null,
    "source": "ipr",
    "note": "fontána"
   }
  },
  {
   "type": "Feature",
   "geometry": {
    "type": "Point",
    "coordinates": [
     14.560065,
     50.056916
    ]
   },
   "properties": {
    "id": "ipr-fontany-296",
    "name": "Fontána v parku před základní školou",
    "category": "fountain",
    "cooling": "water",
    "typical_c": null,
    "free_entry": null,
    "opening_hours": null,
    "address": null,
    "source": "ipr",
    "note": "fontána"
   }
  },
  {
   "type": "Feature",
   "geometry": {
    "type": "Point",
    "coordinates": [
     14.626533,
     50.011186
    ]
   },
   "properties": {
    "id": "ipr-fontany-297",
    "name": "Bazén s vodotryskem před Informačním centrem",
    "category": "fountain",
    "cooling": "water",
    "typical_c": null,
    "free_entry": null,
    "opening_hours": null,
    "address": null,
    "source": "ipr",
    "note": "fontána; správce: ÚMČ Praha Kolovraty"
   }
  },
  {
   "type": "Feature",
   "geometry": {
    "type": "Point",
    "coordinates": [
     14.479241,
     50.067768
    ]
   },
   "properties": {
    "id": "ipr-koupani-1",
    "name": "Areál SK Slavia Eden",
    "category": "pool",
    "cooling": "water",
    "typical_c": null,
    "free_entry": null,
    "opening_hours": null,
    "address": "https://www.sk-slavia.cz/plavecky-stadion",
    "source": "ipr",
    "note": "vyhrazené hodiny pro veřejnost; provozovatel: HC Slavia Praha a.s."
   }
  },
  {
   "type": "Feature",
   "geometry": {
    "type": "Point",
    "coordinates": [
     14.359755,
     49.979043
    ]
   },
   "properties": {
    "id": "ipr-koupani-2",
    "name": "Bazén a biotop Radotín",
    "category": "pool",
    "cooling": "water",
    "typical_c": null,
    "free_entry": null,
    "opening_hours": null,
    "address": "http://biotopradotin.cz/",
    "source": "ipr",
    "note": "celotýdenní provoz; provozovatel: Radotínská o.p.s."
   }
  },
  {
   "type": "Feature",
   "geometry": {
    "type": "Point",
    "coordinates": [
     14.536627,
     50.040264
    ]
   },
   "properties": {
    "id": "ipr-koupani-3",
    "name": "Hostivařská přehrada",
    "category": "pool",
    "cooling": "water",
    "typical_c": null,
    "free_entry": null,
    "opening_hours": null,
    "address": "http://www.hostivarskaprehrada.cz/",
    "source": "ipr",
    "note": "letní provoz; provozovatel: Hlavní město Praha"
   }
  },
  {
   "type": "Feature",
   "geometry": {
    "type": "Point",
    "coordinates": [
     14.525419,
     50.147023
    ]
   },
   "properties": {
    "id": "ipr-koupani-4",
    "name": "Koupaliště Čakovice",
    "category": "pool",
    "cooling": "water",
    "typical_c": null,
    "free_entry": null,
    "opening_hours": null,
    "address": "http://cakosport.eu",
    "source": "ipr",
    "note": "letní provoz; provozovatel: ANELIS, s.r.o."
   }
  },
  {
   "type": "Feature",
   "geometry": {
    "type": "Point",
    "coordinates": [
     14.31886,
     50.098888
    ]
   },
   "properties": {
    "id": "ipr-koupani-5",
    "name": "Koupaliště Divoká Šárka",
    "category": "pool",
    "cooling": "water",
    "typical_c": null,
    "free_entry": null,
    "opening_hours": null,
    "address": "http://koupaliste-sarka.webnode.cz/",
    "source": "ipr",
    "note": "letní provoz; provozovatel: Petr Veselík"
   }
  },
  {
   "type": "Feature",
   "geometry": {
    "type": "Point",
    "coordinates": [
     14.331459,
     50.096554
    ]
   },
   "properties": {
    "id": "ipr-koupani-6",
    "name": "Koupaliště Džbán",
    "category": "pool",
    "cooling": "water",
    "typical_c": null,
    "free_entry": null,
    "opening_hours": null,
    "address": null,
    "source": "ipr",
    "note": "mimo provoz; provozovatel: Hlavní město Praha"
   }
  },
  {
   "type": "Feature",
   "geometry": {
    "type": "Point",
    "coordinates": [
     14.685485,
     50.098448
    ]
   },
   "properties": {
    "id": "ipr-koupani-7",
    "name": "Koupaliště Klánovice",
    "category": "pool",
    "cooling": "water",
    "typical_c": null,
    "free_entry": null,
    "opening_hours": null,
    "address": "http://koupalisteklanovice.cz/",
    "source": "ipr",
    "note": "letní provoz; provozovatel: CAMPING PRAHA s.r.o."
   }
  },
  {
   "type": "Feature",
   "geometry": {
    "type": "Point",
    "coordinates": [
     14.633081,
     50.008321
    ]
   },
   "properties": {
    "id": "ipr-koupani-8",
    "name": "Koupaliště Kolovraty",
    "category": "pool",
    "cooling": "water",
    "typical_c": null,
    "free_entry": null,
    "opening_hours": null,
    "address": "https://www.koupalistekolovraty.cz/",
    "source": "ipr",
    "note": "letní provoz; provozovatel: Hlavní město Praha"
   }
  },
  {
   "type": "Feature",
   "geometry": {
    "type": "Point",
    "coordinates": [
     14.463506,
     50.129315
    ]
   },
   "properties": {
    "id": "ipr-koupani-9",
    "name": "Koupaliště Ládví",
    "category": "pool",
    "cooling": "water",
    "typical_c": null,
    "free_entry": null,
    "opening_hours": null,
    "address": "http://www.koupalisteladvi.cz/",
    "source": "ipr",
    "note": "letní provoz; provozovatel: Hlavní město Praha"
   }
  },
  {
   "type": "Feature",
   "geometry": {
    "type": "Point",
    "coordinates": [
     14.338179,
     50.069537
    ]
   },
   "properties": {
    "id": "ipr-koupani-10",
    "name": "Koupaliště Motol",
    "category": "pool",
    "cooling": "water",
    "typical_c": null,
    "free_entry": null,
    "opening_hours": null,
    "address": "https://praha.camp/praha-zitra/projekt/koupaliste-motol",
    "source": "ipr",
    "note": "letní provoz; provozovatel: Hlavní město Praha"
   }
  },
  {
   "type": "Feature",
   "geometry": {
    "type": "Point",
    "coordinates": [
     14.381865,
     50.090594
    ]
   },
   "properties": {
    "id": "ipr-koupani-11",
    "name": "Koupaliště Petynka",
    "category": "pool",
    "cooling": "water",
    "typical_c": null,
    "free_entry": null,
    "opening_hours": null,
    "address": "http://www.koupalistepetynka.cz/",
    "source": "ipr",
    "note": "letní provoz; provozovatel: SNEO, a.s."
   }
  },
  {
   "type": "Feature",
   "geometry": {
    "type": "Point",
    "coordinates": [
     14.45849,
     50.122465
    ]
   },
   "properties": {
    "id": "ipr-koupani-12",
    "name": "Koupaliště Stírka",
    "category": "pool",
    "cooling": "water",
    "typical_c": null,
    "free_entry": null,
    "opening_hours": null,
    "address": "http://www.koupaliste-stirka.cz/",
    "source": "ipr",
    "note": "letní provoz; provozovatel: Robert Segmüller"
   }
  },
  {
   "type": "Feature",
   "geometry": {
    "type": "Point",
    "coordinates": [
     14.494158,
     50.010271
    ]
   },
   "properties": {
    "id": "ipr-koupani-13",
    "name": "Koupaliště Šeberák",
    "category": "pool",
    "cooling": "water",
    "typical_c": null,
    "free_entry": null,
    "opening_hours": null,
    "address": "http://www.seberak.cz/",
    "source": "ipr",
    "note": "koupání na vlastní nebezpečí; provozovatel: Šeberák"
   }
  },
  {
   "type": "Feature",
   "geometry": {
    "type": "Point",
    "coordinates": [
     14.4176,
     50.051102
    ]
   },
   "properties": {
    "id": "ipr-koupani-14",
    "name": "Plavecký stadion Podolí",
    "category": "pool",
    "cooling": "water",
    "typical_c": null,
    "free_entry": null,
    "opening_hours": null,
    "address": "http://www.pspodoli.cz/",
    "source": "ipr",
    "note": "celotýdenní provoz; provozovatel: Česká unie sportu, z.s."
   }
  },
  {
   "type": "Feature",
   "geometry": {
    "type": "Point",
    "coordinates": [
     14.391229,
     50.058136
    ]
   },
   "properties": {
    "id": "ipr-koupani-15",
    "name": "Sportovní a plavecký areál SK Motorlet Praha",
    "category": "pool",
    "cooling": "water",
    "typical_c": null,
    "free_entry": null,
    "opening_hours": null,
    "address": "http://www.sk-motorlet.cz/",
    "source": "ipr",
    "note": "vyhrazené hodiny pro veřejnost; provozovatel: Sportovní klub Motorlet Praha, spolek"
   }
  },
  {
   "type": "Feature",
   "geometry": {
    "type": "Point",
    "coordinates": [
     14.4761,
     50.093379
    ]
   },
   "properties": {
    "id": "ipr-koupani-16",
    "name": "Sportovní areál Pražačka",
    "category": "pool",
    "cooling": "water",
    "typical_c": null,
    "free_entry": null,
    "opening_hours": null,
    "address": "https://www.prazacka.cz/",
    "source": "ipr",
    "note": "vyhrazené hodiny pro veřejnost; provozovatel: Sportovní a rekreační areál Pražačka se školní jídelnou, Praha 3, Za Žižkovskou vozovnou 19/2716"
   }
  },
  {
   "type": "Feature",
   "geometry": {
    "type": "Point",
    "coordinates": [
     14.437261,
     50.022085
    ]
   },
   "properties": {
    "id": "ipr-koupani-17",
    "name": "Koupaliště Lhotka",
    "category": "pool",
    "cooling": "water",
    "typical_c": null,
    "free_entry": null,
    "opening_hours": null,
    "address": "https://www.koupaliste-lhotka.cz/",
    "source": "ipr",
    "note": "letní provoz; provozovatel: 4-Majetková, a.s."
   }
  },
  {
   "type": "Feature",
   "geometry": {
    "type": "Point",
    "coordinates": [
     14.549544,
     50.029767
    ]
   },
   "properties": {
    "id": "ipr-koupani-18",
    "name": "Šáteček",
    "category": "pool",
    "cooling": "water",
    "typical_c": null,
    "free_entry": null,
    "opening_hours": null,
    "address": null,
    "source": "ipr",
    "note": "koupání na vlastní nebezpečí"
   }
  },
  {
   "type": "Feature",
   "geometry": {
    "type": "Point",
    "coordinates": [
     14.355566,
     50.06823
    ]
   },
   "properties": {
    "id": "ipr-koupani-19",
    "name": "Retenční nádrž Milíčov",
    "category": "pool",
    "cooling": "water",
    "typical_c": null,
    "free_entry": null,
    "opening_hours": null,
    "address": null,
    "source": "ipr",
    "note": "koupání na vlastní nebezpečí"
   }
  },
  {
   "type": "Feature",
   "geometry": {
    "type": "Point",
    "coordinates": [
     14.5426,
     50.037832
    ]
   },
   "properties": {
    "id": "ipr-koupani-20",
    "name": "Nudapláž Hostivařská přehrada",
    "category": "pool",
    "cooling": "water",
    "typical_c": null,
    "free_entry": null,
    "opening_hours": null,
    "address": "http://www.hostivarskaprehrada.cz/",
    "source": "ipr",
    "note": null
   }
  },
  {
   "type": "Feature",
   "geometry": {
    "type": "Point",
    "coordinates": [
     14.544172,
     50.039986
    ]
   },
   "properties": {
    "id": "ipr-koupani-21",
    "name": "Pláž vodní nádrž Hostivař - dřevěné molo",
    "category": "pool",
    "cooling": "water",
    "typical_c": null,
    "free_entry": null,
    "opening_hours": null,
    "address": null,
    "source": "ipr",
    "note": "koupání na vlastní nebezpečí"
   }
  },
  {
   "type": "Feature",
   "geometry": {
    "type": "Point",
    "coordinates": [
     14.593611,
     50.046675
    ]
   },
   "properties": {
    "id": "ipr-koupani-22",
    "name": "Podleský rybník",
    "category": "pool",
    "cooling": "water",
    "typical_c": null,
    "free_entry": null,
    "opening_hours": null,
    "address": null,
    "source": "ipr",
    "note": "koupání na vlastní nebezpečí"
   }
  },
  {
   "type": "Feature",
   "geometry": {
    "type": "Point",
    "coordinates": [
     14.57292,
     50.069433
    ]
   },
   "properties": {
    "id": "ipr-koupani-23",
    "name": "Retenční nádrž Slatina",
    "category": "pool",
    "cooling": "water",
    "typical_c": null,
    "free_entry": null,
    "opening_hours": null,
    "address": null,
    "source": "ipr",
    "note": "koupání na vlastní nebezpečí"
   }
  },
  {
   "type": "Feature",
   "geometry": {
    "type": "Point",
    "coordinates": [
     14.585532,
     50.085732
    ]
   },
   "properties": {
    "id": "ipr-koupani-24",
    "name": "Počernický rybník",
    "category": "pool",
    "cooling": "water",
    "typical_c": null,
    "free_entry": null,
    "opening_hours": null,
    "address": null,
    "source": "ipr",
    "note": "koupání na vlastní nebezpečí"
   }
  },
  {
   "type": "Feature",
   "geometry": {
    "type": "Point",
    "coordinates": [
     14.61229,
     50.098374
    ]
   },
   "properties": {
    "id": "ipr-koupani-25",
    "name": "Rybník Eliška",
    "category": "pool",
    "cooling": "water",
    "typical_c": null,
    "free_entry": null,
    "opening_hours": null,
    "address": null,
    "source": "ipr",
    "note": "koupání na vlastní nebezpečí"
   }
  },
  {
   "type": "Feature",
   "geometry": {
    "type": "Point",
    "coordinates": [
     14.577222,
     50.096666
    ]
   },
   "properties": {
    "id": "ipr-koupani-26",
    "name": "Martiňák",
    "category": "pool",
    "cooling": "water",
    "typical_c": null,
    "free_entry": null,
    "opening_hours": null,
    "address": null,
    "source": "ipr",
    "note": "koupání na vlastní nebezpečí"
   }
  },
  {
   "type": "Feature",
   "geometry": {
    "type": "Point",
    "coordinates": [
     14.550415,
     50.100199
    ]
   },
   "properties": {
    "id": "ipr-koupani-27",
    "name": "Pláž Kyjský rybník",
    "category": "pool",
    "cooling": "water",
    "typical_c": null,
    "free_entry": null,
    "opening_hours": null,
    "address": null,
    "source": "ipr",
    "note": "koupání na vlastní nebezpečí"
   }
  },
  {
   "type": "Feature",
   "geometry": {
    "type": "Point",
    "coordinates": [
     14.524748,
     50.100151
    ]
   },
   "properties": {
    "id": "ipr-koupani-28",
    "name": "Hořejší rybník",
    "category": "pool",
    "cooling": "water",
    "typical_c": null,
    "free_entry": null,
    "opening_hours": null,
    "address": null,
    "source": "ipr",
    "note": "koupání na vlastní nebezpečí"
   }
  },
  {
   "type": "Feature",
   "geometry": {
    "type": "Point",
    "coordinates": [
     14.496373,
     50.004128
    ]
   },
   "properties": {
    "id": "ipr-koupani-29",
    "name": "Olšanský rybník",
    "category": "pool",
    "cooling": "water",
    "typical_c": null,
    "free_entry": null,
    "opening_hours": null,
    "address": null,
    "source": "ipr",
    "note": "koupání na vlastní nebezpečí"
   }
  },
  {
   "type": "Feature",
   "geometry": {
    "type": "Point",
    "coordinates": [
     14.507597,
     50.011655
    ]
   },
   "properties": {
    "id": "ipr-koupani-30",
    "name": "Mlýnský rybník (Šeberovský rybník)",
    "category": "pool",
    "cooling": "water",
    "typical_c": null,
    "free_entry": null,
    "opening_hours": null,
    "address": null,
    "source": "ipr",
    "note": "koupání na vlastní nebezpečí"
   }
  },
  {
   "type": "Feature",
   "geometry": {
    "type": "Point",
    "coordinates": [
     14.514212,
     50.013947
    ]
   },
   "properties": {
    "id": "ipr-koupani-31",
    "name": "Kovářský rybník",
    "category": "pool",
    "cooling": "water",
    "typical_c": null,
    "free_entry": null,
    "opening_hours": null,
    "address": null,
    "source": "ipr",
    "note": "koupání na vlastní nebezpečí"
   }
  },
  {
   "type": "Feature",
   "geometry": {
    "type": "Point",
    "coordinates": [
     14.499446,
     50.008867
    ]
   },
   "properties": {
    "id": "ipr-koupani-32",
    "name": "Nudapláž Šeberák",
    "category": "pool",
    "cooling": "water",
    "typical_c": null,
    "free_entry": null,
    "opening_hours": null,
    "address": null,
    "source": "ipr",
    "note": "koupání na vlastní nebezpečí"
   }
  },
  {
   "type": "Feature",
   "geometry": {
    "type": "Point",
    "coordinates": [
     14.368973,
     50.126119
    ]
   },
   "properties": {
    "id": "ipr-koupani-33",
    "name": "Lysolajská pláž",
    "category": "pool",
    "cooling": "water",
    "typical_c": null,
    "free_entry": null,
    "opening_hours": null,
    "address": "Lysolajský biotop | MČ Praha - Lysolaje",
    "source": "ipr",
    "note": "koupání na vlastní nebezpečí"
   }
  },
  {
   "type": "Feature",
   "geometry": {
    "type": "Point",
    "coordinates": [
     14.32579,
     50.094618
    ]
   },
   "properties": {
    "id": "ipr-koupani-34",
    "name": "Pláž Džbán u hráze",
    "category": "pool",
    "cooling": "water",
    "typical_c": null,
    "free_entry": null,
    "opening_hours": null,
    "address": "https://www.kudyznudy.cz/aktivity/dzban-park",
    "source": "ipr",
    "note": null
   }
  },
  {
   "type": "Feature",
   "geometry": {
    "type": "Point",
    "coordinates": [
     14.333321,
     50.095294
    ]
   },
   "properties": {
    "id": "ipr-koupani-35",
    "name": "Džbán Park",
    "category": "pool",
    "cooling": "water",
    "typical_c": null,
    "free_entry": null,
    "opening_hours": null,
    "address": "https://www.kudyznudy.cz/aktivity/dzban-park",
    "source": "ipr",
    "note": "koupání na vlastní nebezpečí"
   }
  },
  {
   "type": "Feature",
   "geometry": {
    "type": "Point",
    "coordinates": [
     14.337765,
     49.950203
    ]
   },
   "properties": {
    "id": "ipr-koupani-36",
    "name": "Pláž Lipence",
    "category": "pool",
    "cooling": "water",
    "typical_c": null,
    "free_entry": null,
    "opening_hours": null,
    "address": "https://www.kudyznudy.cz/aktivity/jezero-lipence-alias-radotinska-laguna",
    "source": "ipr",
    "note": null
   }
  },
  {
   "type": "Feature",
   "geometry": {
    "type": "Point",
    "coordinates": [
     14.401435,
     49.991909
    ]
   },
   "properties": {
    "id": "ipr-koupani-37",
    "name": "Pláž Vltava – Modřany",
    "category": "pool",
    "cooling": "water",
    "typical_c": null,
    "free_entry": null,
    "opening_hours": null,
    "address": "https://www.kudyznudy.cz/aktivity/prirodni-koupani-v-prazskych-modranech",
    "source": "ipr",
    "note": "koupání na vlastní nebezpečí"
   }
  },
  {
   "type": "Feature",
   "geometry": {
    "type": "Point",
    "coordinates": [
     14.401802,
     50.030356
    ]
   },
   "properties": {
    "id": "ipr-koupani-38",
    "name": "Branická pláž",
    "category": "pool",
    "cooling": "water",
    "typical_c": null,
    "free_entry": null,
    "opening_hours": null,
    "address": "https://www.kudyznudy.cz/aktivity/branicka-plaz-v-praze",
    "source": "ipr",
    "note": "koupání na vlastní nebezpečí"
   }
  },
  {
   "type": "Feature",
   "geometry": {
    "type": "Point",
    "coordinates": [
     14.399841,
     50.027826
    ]
   },
   "properties": {
    "id": "ipr-koupani-39",
    "name": "Nudistická pláž Braník",
    "category": "pool",
    "cooling": "water",
    "typical_c": null,
    "free_entry": null,
    "opening_hours": null,
    "address": "https://www.kudyznudy.cz/aktivity/branicka-plaz-v-praze",
    "source": "ipr",
    "note": "koupání na vlastní nebezpečí"
   }
  },
  {
   "type": "Feature",
   "geometry": {
    "type": "Point",
    "coordinates": [
     14.412994,
     50.047904
    ]
   },
   "properties": {
    "id": "ipr-koupani-40",
    "name": "Žluté lázně",
    "category": "pool",
    "cooling": "water",
    "typical_c": null,
    "free_entry": null,
    "opening_hours": null,
    "address": "https://www.zlutelazne.cz/",
    "source": "ipr",
    "note": null
   }
  },
  {
   "type": "Feature",
   "geometry": {
    "type": "Point",
    "coordinates": [
     14.444494,
     50.096807
    ]
   },
   "properties": {
    "id": "ipr-koupani-41",
    "name": "Plovárna Baden Baden",
    "category": "pool",
    "cooling": "water",
    "typical_c": null,
    "free_entry": null,
    "opening_hours": null,
    "address": "https://prague.eu/cs/objevujte/baden-baden-stvanice/",
    "source": "ipr",
    "note": "koupání na vlastní nebezpečí"
   }
  },
  {
   "type": "Feature",
   "geometry": {
    "type": "Point",
    "coordinates": [
     14.356775,
     49.972916
    ]
   },
   "properties": {
    "id": "ipr-koupani-42",
    "name": "Říční lázně",
    "category": "pool",
    "cooling": "water",
    "typical_c": null,
    "free_entry": null,
    "opening_hours": null,
    "address": "https://www.kudyznudy.cz/aktivity/ricni-lazne-radotin",
    "source": "ipr",
    "note": "koupání na vlastní nebezpečí"
   }
  },
  {
   "type": "Feature",
   "geometry": {
    "type": "Point",
    "coordinates": [
     14.333045,
     50.088812
    ]
   },
   "properties": {
    "id": "ipr-koupani-43",
    "name": "Libocký rybník",
    "category": "pool",
    "cooling": "water",
    "typical_c": null,
    "free_entry": null,
    "opening_hours": null,
    "address": null,
    "source": "ipr",
    "note": "koupání na vlastní nebezpečí"
   }
  },
  {
   "type": "Feature",
   "geometry": {
    "type": "Point",
    "coordinates": [
     14.326808,
     50.086529
    ]
   },
   "properties": {
    "id": "ipr-koupani-44",
    "name": "Rybník Terezka",
    "category": "pool",
    "cooling": "water",
    "typical_c": null,
    "free_entry": null,
    "opening_hours": null,
    "address": null,
    "source": "ipr",
    "note": "koupání na vlastní nebezpečí"
   }
  },
  {
   "type": "Feature",
   "geometry": {
    "type": "Point",
    "coordinates": [
     14.29973,
     50.079744
    ]
   },
   "properties": {
    "id": "ipr-koupani-45",
    "name": "Retenční nádrž Jiviny",
    "category": "pool",
    "cooling": "water",
    "typical_c": null,
    "free_entry": null,
    "opening_hours": null,
    "address": null,
    "source": "ipr",
    "note": "koupání na vlastní nebezpečí"
   }
  },
  {
   "type": "Feature",
   "geometry": {
    "type": "Point",
    "coordinates": [
     14.412768,
     50.108889
    ]
   },
   "properties": {
    "id": "ipr-koupani-46",
    "name": "Malá říčka",
    "category": "pool",
    "cooling": "water",
    "typical_c": null,
    "free_entry": null,
    "opening_hours": null,
    "address": null,
    "source": "ipr",
    "note": "koupání na vlastní nebezpečí"
   }
  },
  {
   "type": "Feature",
   "geometry": {
    "type": "Point",
    "coordinates": [
     14.285562,
     50.066325
    ]
   },
   "properties": {
    "id": "ipr-koupani-47",
    "name": "Dolejšák",
    "category": "pool",
    "cooling": "water",
    "typical_c": null,
    "free_entry": null,
    "opening_hours": null,
    "address": null,
    "source": "ipr",
    "note": "koupání na vlastní nebezpečí"
   }
  },
  {
   "type": "Feature",
   "geometry": {
    "type": "Point",
    "coordinates": [
     14.350023,
     50.044274
    ]
   },
   "properties": {
    "id": "ipr-koupani-48",
    "name": "Retenční nádrž Asuán",
    "category": "pool",
    "cooling": "water",
    "typical_c": null,
    "free_entry": null,
    "opening_hours": null,
    "address": "https://koupani.cz/koupaliste-bazeny/retencni-nadrz-asuan-praha-stodulky",
    "source": "ipr",
    "note": "koupání na vlastní nebezpečí"
   }
  },
  {
   "type": "Feature",
   "geometry": {
    "type": "Point",
    "coordinates": [
     14.385728,
     50.041821
    ]
   },
   "properties": {
    "id": "ipr-koupani-49",
    "name": "Prokopské jezírko",
    "category": "pool",
    "cooling": "water",
    "typical_c": null,
    "free_entry": null,
    "opening_hours": null,
    "address": null,
    "source": "ipr",
    "note": "koupání na vlastní nebezpečí"
   }
  },
  {
   "type": "Feature",
   "geometry": {
    "type": "Point",
    "coordinates": [
     14.597521,
     50.045693
    ]
   },
   "properties": {
    "id": "ipr-koupani-50",
    "name": "Molo wake bar",
    "category": "pool",
    "cooling": "water",
    "typical_c": null,
    "free_entry": null,
    "opening_hours": null,
    "address": "https://molowakebar.cz/",
    "source": "ipr",
    "note": "koupání na vlastní nebezpečí"
   }
  },
  {
   "type": "Feature",
   "geometry": {
    "type": "Point",
    "coordinates": [
     14.355815,
     49.96835
    ]
   },
   "properties": {
    "id": "ipr-koupani-51",
    "name": "Jezero lipence",
    "category": "pool",
    "cooling": "water",
    "typical_c": null,
    "free_entry": null,
    "opening_hours": null,
    "address": "https://www.jezero.ooo/koupaliste/",
    "source": "ipr",
    "note": "koupání na vlastní nebezpečí"
   }
  },
  {
   "type": "Feature",
   "geometry": {
    "type": "Point",
    "coordinates": [
     14.39902,
     50.002334
    ]
   },
   "properties": {
    "id": "ipr-koupani-52",
    "name": "Lahovická nádrž",
    "category": "pool",
    "cooling": "water",
    "typical_c": null,
    "free_entry": null,
    "opening_hours": null,
    "address": "https://www.praguelouka.cz/",
    "source": "ipr",
    "note": null
   }
  },
  {
   "type": "Feature",
   "geometry": {
    "type": "Point",
    "coordinates": [
     14.561537,
     50.023659
    ]
   },
   "properties": {
    "id": "ipr-pumpy-1",
    "name": "Křeslice",
    "category": "fountain",
    "cooling": "water",
    "typical_c": null,
    "free_entry": null,
    "opening_hours": null,
    "address": null,
    "source": "ipr",
    "note": null
   }
  },
  {
   "type": "Feature",
   "geometry": {
    "type": "Point",
    "coordinates": [
     14.417045,
     50.079095
    ]
   },
   "properties": {
    "id": "ipr-pumpy-2",
    "name": "Křemencova",
    "category": "fountain",
    "cooling": "water",
    "typical_c": null,
    "free_entry": null,
    "opening_hours": null,
    "address": null,
    "source": "ipr",
    "note": null
   }
  },
  {
   "type": "Feature",
   "geometry": {
    "type": "Point",
    "coordinates": [
     14.415764,
     50.078417
    ]
   },
   "properties": {
    "id": "ipr-pumpy-3",
    "name": "Pštrossova",
    "category": "fountain",
    "cooling": "water",
    "typical_c": null,
    "free_entry": null,
    "opening_hours": null,
    "address": null,
    "source": "ipr",
    "note": null
   }
  },
  {
   "type": "Feature",
   "geometry": {
    "type": "Point",
    "coordinates": [
     14.423599,
     50.087857
    ]
   },
   "properties": {
    "id": "ipr-pumpy-4",
    "name": "Ungelt",
    "category": "fountain",
    "cooling": "water",
    "typical_c": null,
    "free_entry": null,
    "opening_hours": null,
    "address": null,
    "source": "ipr",
    "note": null
   }
  },
  {
   "type": "Feature",
   "geometry": {
    "type": "Point",
    "coordinates": [
     14.417064,
     50.084163
    ]
   },
   "properties": {
    "id": "ipr-pumpy-5",
    "name": "Betlémské náměstí",
    "category": "fountain",
    "cooling": "water",
    "typical_c": null,
    "free_entry": null,
    "opening_hours": null,
    "address": null,
    "source": "ipr",
    "note": null
   }
  },
  {
   "type": "Feature",
   "geometry": {
    "type": "Point",
    "coordinates": [
     14.40665,
     50.086202
    ]
   },
   "properties": {
    "id": "ipr-pumpy-6",
    "name": "Velkopřevorské náměstí",
    "category": "fountain",
    "cooling": "water",
    "typical_c": null,
    "free_entry": null,
    "opening_hours": null,
    "address": null,
    "source": "ipr",
    "note": null
   }
  },
  {
   "type": "Feature",
   "geometry": {
    "type": "Point",
    "coordinates": [
     14.395662,
     50.089577
    ]
   },
   "properties": {
    "id": "ipr-pumpy-7",
    "name": "Hradčanské náměstí",
    "category": "fountain",
    "cooling": "water",
    "typical_c": null,
    "free_entry": null,
    "opening_hours": null,
    "address": null,
    "source": "ipr",
    "note": null
   }
  },
  {
   "type": "Feature",
   "geometry": {
    "type": "Point",
    "coordinates": [
     14.436347,
     50.071916
    ]
   },
   "properties": {
    "id": "ipr-pumpy-8",
    "name": "Belgická",
    "category": "fountain",
    "cooling": "water",
    "typical_c": null,
    "free_entry": null,
    "opening_hours": null,
    "address": null,
    "source": "ipr",
    "note": null
   }
  },
  {
   "type": "Feature",
   "geometry": {
    "type": "Point",
    "coordinates": [
     14.427033,
     50.064957
    ]
   },
   "properties": {
    "id": "ipr-pumpy-9",
    "name": "Jaromírova",
    "category": "fountain",
    "cooling": "water",
    "typical_c": null,
    "free_entry": null,
    "opening_hours": null,
    "address": null,
    "source": "ipr",
    "note": null
   }
  },
  {
   "type": "Feature",
   "geometry": {
    "type": "Point",
    "coordinates": [
     14.428162,
     50.069026
    ]
   },
   "properties": {
    "id": "ipr-pumpy-10",
    "name": "Karlov",
    "category": "fountain",
    "cooling": "water",
    "typical_c": null,
    "free_entry": null,
    "opening_hours": null,
    "address": null,
    "source": "ipr",
    "note": null
   }
  },
  {
   "type": "Feature",
   "geometry": {
    "type": "Point",
    "coordinates": [
     14.426165,
     50.063601
    ]
   },
   "properties": {
    "id": "ipr-pumpy-11",
    "name": "park Na Bělce",
    "category": "fountain",
    "cooling": "water",
    "typical_c": null,
    "free_entry": null,
    "opening_hours": null,
    "address": null,
    "source": "ipr",
    "note": null
   }
  },
  {
   "type": "Feature",
   "geometry": {
    "type": "Point",
    "coordinates": [
     14.446123,
     50.077647
    ]
   },
   "properties": {
    "id": "ipr-pumpy-12",
    "name": "U Kanálky",
    "category": "fountain",
    "cooling": "water",
    "typical_c": null,
    "free_entry": null,
    "opening_hours": null,
    "address": null,
    "source": "ipr",
    "note": null
   }
  },
  {
   "type": "Feature",
   "geometry": {
    "type": "Point",
    "coordinates": [
     14.422985,
     50.06238
    ]
   },
   "properties": {
    "id": "ipr-pumpy-13",
    "name": "V Pevnosti",
    "category": "fountain",
    "cooling": "water",
    "typical_c": null,
    "free_entry": null,
    "opening_hours": null,
    "address": null,
    "source": "ipr",
    "note": null
   }
  },
  {
   "type": "Feature",
   "geometry": {
    "type": "Point",
    "coordinates": [
     14.4171,
     50.066966
    ]
   },
   "properties": {
    "id": "ipr-pumpy-14",
    "name": "Vratislavova",
    "category": "fountain",
    "cooling": "water",
    "typical_c": null,
    "free_entry": null,
    "opening_hours": null,
    "address": null,
    "source": "ipr",
    "note": null
   }
  },
  {
   "type": "Feature",
   "geometry": {
    "type": "Point",
    "coordinates": [
     14.490111,
     50.090607
    ]
   },
   "properties": {
    "id": "ipr-pumpy-15",
    "name": "V Jezerách",
    "category": "fountain",
    "cooling": "water",
    "typical_c": null,
    "free_entry": null,
    "opening_hours": null,
    "address": null,
    "source": "ipr",
    "note": null
   }
  },
  {
   "type": "Feature",
   "geometry": {
    "type": "Point",
    "coordinates": [
     14.487074,
     50.090347
    ]
   },
   "properties": {
    "id": "ipr-pumpy-16",
    "name": "V Zahrádkách",
    "category": "fountain",
    "cooling": "water",
    "typical_c": null,
    "free_entry": null,
    "opening_hours": null,
    "address": null,
    "source": "ipr",
    "note": null
   }
  },
  {
   "type": "Feature",
   "geometry": {
    "type": "Point",
    "coordinates": [
     14.478697,
     50.092813
    ]
   },
   "properties": {
    "id": "ipr-pumpy-17",
    "name": "V Domově",
    "category": "fountain",
    "cooling": "water",
    "typical_c": null,
    "free_entry": null,
    "opening_hours": null,
    "address": null,
    "source": "ipr",
    "note": null
   }
  },
  {
   "type": "Feature",
   "geometry": {
    "type": "Point",
    "coordinates": [
     14.485973,
     50.0186
    ]
   },
   "properties": {
    "id": "ipr-pumpy-18",
    "name": "Kunratice",
    "category": "fountain",
    "cooling": "water",
    "typical_c": null,
    "free_entry": null,
    "opening_hours": null,
    "address": null,
    "source": "ipr",
    "note": null
   }
  },
  {
   "type": "Feature",
   "geometry": {
    "type": "Point",
    "coordinates": [
     14.483587,
     50.012521
    ]
   },
   "properties": {
    "id": "ipr-pumpy-19",
    "name": "Kunratice, Kostelní nám.",
    "category": "fountain",
    "cooling": "water",
    "typical_c": null,
    "free_entry": null,
    "opening_hours": null,
    "address": null,
    "source": "ipr",
    "note": null
   }
  },
  {
   "type": "Feature",
   "geometry": {
    "type": "Point",
    "coordinates": [
     14.4788,
     50.01863
    ]
   },
   "properties": {
    "id": "ipr-pumpy-20",
    "name": "Kunratický mlýn",
    "category": "fountain",
    "cooling": "water",
    "typical_c": null,
    "free_entry": null,
    "opening_hours": null,
    "address": null,
    "source": "ipr",
    "note": null
   }
  },
  {
   "type": "Feature",
   "geometry": {
    "type": "Point",
    "coordinates": [
     14.462445,
     50.009095
    ]
   },
   "properties": {
    "id": "ipr-pumpy-21",
    "name": "Libuš, Dobronická",
    "category": "fountain",
    "cooling": "water",
    "typical_c": null,
    "free_entry": null,
    "opening_hours": null,
    "address": null,
    "source": "ipr",
    "note": null
   }
  },
  {
   "type": "Feature",
   "geometry": {
    "type": "Point",
    "coordinates": [
     14.406538,
     50.004854
    ]
   },
   "properties": {
    "id": "ipr-pumpy-22",
    "name": "Modřany, U Domu služeb",
    "category": "fountain",
    "cooling": "water",
    "typical_c": null,
    "free_entry": null,
    "opening_hours": null,
    "address": null,
    "source": "ipr",
    "note": null
   }
  },
  {
   "type": "Feature",
   "geometry": {
    "type": "Point",
    "coordinates": [
     14.468873,
     49.990977
    ]
   },
   "properties": {
    "id": "ipr-pumpy-23",
    "name": "Písnice",
    "category": "fountain",
    "cooling": "water",
    "typical_c": null,
    "free_entry": null,
    "opening_hours": null,
    "address": null,
    "source": "ipr",
    "note": null
   }
  },
  {
   "type": "Feature",
   "geometry": {
    "type": "Point",
    "coordinates": [
     14.477156,
     50.045873
    ]
   },
   "properties": {
    "id": "ipr-pumpy-24",
    "name": "Roztylské náměstí",
    "category": "fountain",
    "cooling": "water",
    "typical_c": null,
    "free_entry": null,
    "opening_hours": null,
    "address": null,
    "source": "ipr",
    "note": null
   }
  },
  {
   "type": "Feature",
   "geometry": {
    "type": "Point",
    "coordinates": [
     14.454216,
     50.052402
    ]
   },
   "properties": {
    "id": "ipr-pumpy-25",
    "name": "Ohradní",
    "category": "fountain",
    "cooling": "water",
    "typical_c": null,
    "free_entry": null,
    "opening_hours": null,
    "address": null,
    "source": "ipr",
    "note": null
   }
  },
  {
   "type": "Feature",
   "geometry": {
    "type": "Point",
    "coordinates": [
     14.431467,
     49.971965
    ]
   },
   "properties": {
    "id": "ipr-pumpy-26",
    "name": "Točná, Keltská",
    "category": "fountain",
    "cooling": "water",
    "typical_c": null,
    "free_entry": null,
    "opening_hours": null,
    "address": null,
    "source": "ipr",
    "note": null
   }
  },
  {
   "type": "Feature",
   "geometry": {
    "type": "Point",
    "coordinates": [
     14.430215,
     49.970561
    ]
   },
   "properties": {
    "id": "ipr-pumpy-27",
    "name": "Točná, Keltská 2",
    "category": "fountain",
    "cooling": "water",
    "typical_c": null,
    "free_entry": null,
    "opening_hours": null,
    "address": null,
    "source": "ipr",
    "note": null
   }
  },
  {
   "type": "Feature",
   "geometry": {
    "type": "Point",
    "coordinates": [
     14.431775,
     49.972507
    ]
   },
   "properties": {
    "id": "ipr-pumpy-28",
    "name": "Točná, nám. Antonína Pacáka",
    "category": "fountain",
    "cooling": "water",
    "typical_c": null,
    "free_entry": null,
    "opening_hours": null,
    "address": null,
    "source": "ipr",
    "note": null
   }
  },
  {
   "type": "Feature",
   "geometry": {
    "type": "Point",
    "coordinates": [
     14.365119,
     50.047553
    ]
   },
   "properties": {
    "id": "ipr-pumpy-29",
    "name": "Jinonice",
    "category": "fountain",
    "cooling": "water",
    "typical_c": null,
    "free_entry": null,
    "opening_hours": null,
    "address": null,
    "source": "ipr",
    "note": null
   }
  },
  {
   "type": "Feature",
   "geometry": {
    "type": "Point",
    "coordinates": [
     14.337169,
     50.05817
    ]
   },
   "properties": {
    "id": "ipr-pumpy-30",
    "name": "Živcových",
    "category": "fountain",
    "cooling": "water",
    "typical_c": null,
    "free_entry": null,
    "opening_hours": null,
    "address": null,
    "source": "ipr",
    "note": null
   }
  },
  {
   "type": "Feature",
   "geometry": {
    "type": "Point",
    "coordinates": [
     14.328167,
     50.049813
    ]
   },
   "properties": {
    "id": "ipr-pumpy-31",
    "name": "Na Dolnici",
    "category": "fountain",
    "cooling": "water",
    "typical_c": null,
    "free_entry": null,
    "opening_hours": null,
    "address": null,
    "source": "ipr",
    "note": null
   }
  },
  {
   "type": "Feature",
   "geometry": {
    "type": "Point",
    "coordinates": [
     14.283583,
     50.06259
    ]
   },
   "properties": {
    "id": "ipr-pumpy-32",
    "name": "U Návesního rybníka",
    "category": "fountain",
    "cooling": "water",
    "typical_c": null,
    "free_entry": null,
    "opening_hours": null,
    "address": null,
    "source": "ipr",
    "note": null
   }
  },
  {
   "type": "Feature",
   "geometry": {
    "type": "Point",
    "coordinates": [
     14.285246,
     50.067518
    ]
   },
   "properties": {
    "id": "ipr-pumpy-33",
    "name": "Za Dolejšákem",
    "category": "fountain",
    "cooling": "water",
    "typical_c": null,
    "free_entry": null,
    "opening_hours": null,
    "address": null,
    "source": "ipr",
    "note": null
   }
  },
  {
   "type": "Feature",
   "geometry": {
    "type": "Point",
    "coordinates": [
     14.402674,
     50.088146
    ]
   },
   "properties": {
    "id": "ipr-pumpy-34",
    "name": "Malostranské náměstí",
    "category": "fountain",
    "cooling": "water",
    "typical_c": null,
    "free_entry": null,
    "opening_hours": null,
    "address": null,
    "source": "ipr",
    "note": null
   }
  },
  {
   "type": "Feature",
   "geometry": {
    "type": "Point",
    "coordinates": [
     14.408772,
     50.09523
    ]
   },
   "properties": {
    "id": "ipr-pumpy-35",
    "name": "Chotkova",
    "category": "fountain",
    "cooling": "water",
    "typical_c": null,
    "free_entry": null,
    "opening_hours": null,
    "address": null,
    "source": "ipr",
    "note": null
   }
  },
  {
   "type": "Feature",
   "geometry": {
    "type": "Point",
    "coordinates": [
     14.398855,
     50.097246
    ]
   },
   "properties": {
    "id": "ipr-pumpy-36",
    "name": "Václavkova",
    "category": "fountain",
    "cooling": "water",
    "typical_c": null,
    "free_entry": null,
    "opening_hours": null,
    "address": null,
    "source": "ipr",
    "note": null
   }
  },
  {
   "type": "Feature",
   "geometry": {
    "type": "Point",
    "coordinates": [
     14.363274,
     50.082963
    ]
   },
   "properties": {
    "id": "ipr-pumpy-37",
    "name": "8. listopadu",
    "category": "fountain",
    "cooling": "water",
    "typical_c": null,
    "free_entry": null,
    "opening_hours": null,
    "address": null,
    "source": "ipr",
    "note": null
   }
  },
  {
   "type": "Feature",
   "geometry": {
    "type": "Point",
    "coordinates": [
     14.36043,
     50.086036
    ]
   },
   "properties": {
    "id": "ipr-pumpy-38",
    "name": "Markétská",
    "category": "fountain",
    "cooling": "water",
    "typical_c": null,
    "free_entry": null,
    "opening_hours": null,
    "address": null,
    "source": "ipr",
    "note": null
   }
  },
  {
   "type": "Feature",
   "geometry": {
    "type": "Point",
    "coordinates": [
     14.376783,
     50.093018
    ]
   },
   "properties": {
    "id": "ipr-pumpy-39",
    "name": "Na Pěkné vyhlídce × Střešovická",
    "category": "fountain",
    "cooling": "water",
    "typical_c": null,
    "free_entry": null,
    "opening_hours": null,
    "address": null,
    "source": "ipr",
    "note": null
   }
  },
  {
   "type": "Feature",
   "geometry": {
    "type": "Point",
    "coordinates": [
     14.372174,
     50.095135
    ]
   },
   "properties": {
    "id": "ipr-pumpy-40",
    "name": "U Podchodu",
    "category": "fountain",
    "cooling": "water",
    "typical_c": null,
    "free_entry": null,
    "opening_hours": null,
    "address": null,
    "source": "ipr",
    "note": null
   }
  },
  {
   "type": "Feature",
   "geometry": {
    "type": "Point",
    "coordinates": [
     14.379236,
     50.096156
    ]
   },
   "properties": {
    "id": "ipr-pumpy-41",
    "name": "Kidná × Dělostřelecká",
    "category": "fountain",
    "cooling": "water",
    "typical_c": null,
    "free_entry": null,
    "opening_hours": null,
    "address": null,
    "source": "ipr",
    "note": null
   }
  },
  {
   "type": "Feature",
   "geometry": {
    "type": "Point",
    "coordinates": [
     14.381603,
     50.09401
    ]
   },
   "properties": {
    "id": "ipr-pumpy-42",
    "name": "Macharovo nám.",
    "category": "fountain",
    "cooling": "water",
    "typical_c": null,
    "free_entry": null,
    "opening_hours": null,
    "address": null,
    "source": "ipr",
    "note": null
   }
  },
  {
   "type": "Feature",
   "geometry": {
    "type": "Point",
    "coordinates": [
     14.378192,
     50.083007
    ]
   },
   "properties": {
    "id": "ipr-pumpy-43",
    "name": "Závěrka",
    "category": "fountain",
    "cooling": "water",
    "typical_c": null,
    "free_entry": null,
    "opening_hours": null,
    "address": null,
    "source": "ipr",
    "note": null
   }
  },
  {
   "type": "Feature",
   "geometry": {
    "type": "Point",
    "coordinates": [
     14.329261,
     50.092731
    ]
   },
   "properties": {
    "id": "ipr-pumpy-44",
    "name": "Evropská × Za Vokovickou vozovnou",
    "category": "fountain",
    "cooling": "water",
    "typical_c": null,
    "free_entry": null,
    "opening_hours": null,
    "address": null,
    "source": "ipr",
    "note": null
   }
  },
  {
   "type": "Feature",
   "geometry": {
    "type": "Point",
    "coordinates": [
     14.344291,
     50.093644
    ]
   },
   "properties": {
    "id": "ipr-pumpy-45",
    "name": "Nad Stanicí × Pod Petřinami",
    "category": "fountain",
    "cooling": "water",
    "typical_c": null,
    "free_entry": null,
    "opening_hours": null,
    "address": null,
    "source": "ipr",
    "note": null
   }
  },
  {
   "type": "Feature",
   "geometry": {
    "type": "Point",
    "coordinates": [
     14.394768,
     50.082939
    ]
   },
   "properties": {
    "id": "ipr-pumpy-46",
    "name": "Petřín",
    "category": "fountain",
    "cooling": "water",
    "typical_c": null,
    "free_entry": null,
    "opening_hours": null,
    "address": null,
    "source": "ipr",
    "note": null
   }
  },
  {
   "type": "Feature",
   "geometry": {
    "type": "Point",
    "coordinates": [
     14.369241,
     50.111151
    ]
   },
   "properties": {
    "id": "ipr-pumpy-47",
    "name": "V Šáreckém údoli",
    "category": "fountain",
    "cooling": "water",
    "typical_c": null,
    "free_entry": null,
    "opening_hours": null,
    "address": null,
    "source": "ipr",
    "note": null
   }
  },
  {
   "type": "Feature",
   "geometry": {
    "type": "Point",
    "coordinates": [
     14.373423,
     50.108007
    ]
   },
   "properties": {
    "id": "ipr-pumpy-48",
    "name": "Soborská × Nad Šárkou",
    "category": "fountain",
    "cooling": "water",
    "typical_c": null,
    "free_entry": null,
    "opening_hours": null,
    "address": null,
    "source": "ipr",
    "note": null
   }
  },
  {
   "type": "Feature",
   "geometry": {
    "type": "Point",
    "coordinates": [
     14.374732,
     50.105651
    ]
   },
   "properties": {
    "id": "ipr-pumpy-49",
    "name": "Na Čihadle × Na Kuthence",
    "category": "fountain",
    "cooling": "water",
    "typical_c": null,
    "free_entry": null,
    "opening_hours": null,
    "address": null,
    "source": "ipr",
    "note": null
   }
  },
  {
   "type": "Feature",
   "geometry": {
    "type": "Point",
    "coordinates": [
     14.348175,
     50.102054
    ]
   },
   "properties": {
    "id": "ipr-pumpy-50",
    "name": "Na Křídle",
    "category": "fountain",
    "cooling": "water",
    "typical_c": null,
    "free_entry": null,
    "opening_hours": null,
    "address": null,
    "source": "ipr",
    "note": null
   }
  },
  {
   "type": "Feature",
   "geometry": {
    "type": "Point",
    "coordinates": [
     14.385566,
     50.101195
    ]
   },
   "properties": {
    "id": "ipr-pumpy-51",
    "name": "Kolejní",
    "category": "fountain",
    "cooling": "water",
    "typical_c": null,
    "free_entry": null,
    "opening_hours": null,
    "address": null,
    "source": "ipr",
    "note": null
   }
  },
  {
   "type": "Feature",
   "geometry": {
    "type": "Point",
    "coordinates": [
     14.34289,
     50.097634
    ]
   },
   "properties": {
    "id": "ipr-pumpy-52",
    "name": "Nad Lávkou × K Červenému vrchu",
    "category": "fountain",
    "cooling": "water",
    "typical_c": null,
    "free_entry": null,
    "opening_hours": null,
    "address": null,
    "source": "ipr",
    "note": null
   }
  },
  {
   "type": "Feature",
   "geometry": {
    "type": "Point",
    "coordinates": [
     14.346833,
     50.098792
    ]
   },
   "properties": {
    "id": "ipr-pumpy-53",
    "name": "V Středu 1-3",
    "category": "fountain",
    "cooling": "water",
    "typical_c": null,
    "free_entry": null,
    "opening_hours": null,
    "address": null,
    "source": "ipr",
    "note": null
   }
  },
  {
   "type": "Feature",
   "geometry": {
    "type": "Point",
    "coordinates": [
     14.349568,
     50.092365
    ]
   },
   "properties": {
    "id": "ipr-pumpy-54",
    "name": "Veleslavínská",
    "category": "fountain",
    "cooling": "water",
    "typical_c": null,
    "free_entry": null,
    "opening_hours": null,
    "address": null,
    "source": "ipr",
    "note": null
   }
  },
  {
   "type": "Feature",
   "geometry": {
    "type": "Point",
    "coordinates": [
     14.449299,
     50.101785
    ]
   },
   "properties": {
    "id": "ipr-pumpy-55",
    "name": "Tusarova",
    "category": "fountain",
    "cooling": "water",
    "typical_c": null,
    "free_entry": null,
    "opening_hours": null,
    "address": null,
    "source": "ipr",
    "note": null
   }
  },
  {
   "type": "Feature",
   "geometry": {
    "type": "Point",
    "coordinates": [
     14.449797,
     50.10802
    ]
   },
   "properties": {
    "id": "ipr-pumpy-56",
    "name": "Ortenovo nám.",
    "category": "fountain",
    "cooling": "water",
    "typical_c": null,
    "free_entry": null,
    "opening_hours": null,
    "address": null,
    "source": "ipr",
    "note": null
   }
  },
  {
   "type": "Feature",
   "geometry": {
    "type": "Point",
    "coordinates": [
     14.433225,
     50.102145
    ]
   },
   "properties": {
    "id": "ipr-pumpy-57",
    "name": "Veletržní",
    "category": "fountain",
    "cooling": "water",
    "typical_c": null,
    "free_entry": null,
    "opening_hours": null,
    "address": null,
    "source": "ipr",
    "note": null
   }
  },
  {
   "type": "Feature",
   "geometry": {
    "type": "Point",
    "coordinates": [
     14.472079,
     50.108767
    ]
   },
   "properties": {
    "id": "ipr-pumpy-58",
    "name": "Libeňská pumpa",
    "category": "fountain",
    "cooling": "water",
    "typical_c": null,
    "free_entry": null,
    "opening_hours": null,
    "address": null,
    "source": "ipr",
    "note": null
   }
  },
  {
   "type": "Feature",
   "geometry": {
    "type": "Point",
    "coordinates": [
     14.637911,
     50.064523
    ]
   },
   "properties": {
    "id": "ipr-pumpy-59",
    "name": "Koloděje",
    "category": "fountain",
    "cooling": "water",
    "typical_c": null,
    "free_entry": null,
    "opening_hours": null,
    "address": null,
    "source": "ipr",
    "note": null
   }
  },
  {
   "type": "Feature",
   "geometry": {
    "type": "Point",
    "coordinates": [
     14.509071,
     50.092953
    ]
   },
   "properties": {
    "id": "ipr-pumpy-60",
    "name": "Hrdlořezská",
    "category": "fountain",
    "cooling": "water",
    "typical_c": null,
    "free_entry": null,
    "opening_hours": null,
    "address": null,
    "source": "ipr",
    "note": null
   }
  },
  {
   "type": "Feature",
   "geometry": {
    "type": "Point",
    "coordinates": [
     14.618042,
     49.998958
    ]
   },
   "properties": {
    "id": "ipr-pumpy-61",
    "name": "Praha - Lipany",
    "category": "fountain",
    "cooling": "water",
    "typical_c": null,
    "free_entry": null,
    "opening_hours": null,
    "address": null,
    "source": "ipr",
    "note": null
   }
  },
  {
   "type": "Feature",
   "geometry": {
    "type": "Point",
    "coordinates": [
     14.62533,
     50.011839
    ]
   },
   "properties": {
    "id": "ipr-pumpy-62",
    "name": "Kolovraty",
    "category": "fountain",
    "cooling": "water",
    "typical_c": null,
    "free_entry": null,
    "opening_hours": null,
    "address": null,
    "source": "ipr",
    "note": null
   }
  },
  {
   "type": "Feature",
   "geometry": {
    "type": "Point",
    "coordinates": [
     14.627696,
     50.011245
    ]
   },
   "properties": {
    "id": "ipr-pumpy-63",
    "name": "Kolovraty 2",
    "category": "fountain",
    "cooling": "water",
    "typical_c": null,
    "free_entry": null,
    "opening_hours": null,
    "address": null,
    "source": "ipr",
    "note": null
   }
  },
  {
   "type": "Feature",
   "geometry": {
    "type": "Point",
    "coordinates": [
     14.629141,
     50.009968
    ]
   },
   "properties": {
    "id": "ipr-pumpy-64",
    "name": "Kolovraty 3",
    "category": "fountain",
    "cooling": "water",
    "typical_c": null,
    "free_entry": null,
    "opening_hours": null,
    "address": null,
    "source": "ipr",
    "note": null
   }
  },
  {
   "type": "Feature",
   "geometry": {
    "type": "Point",
    "coordinates": [
     14.578481,
     50.022297
    ]
   },
   "properties": {
    "id": "ipr-pumpy-65",
    "name": "V Pitkovičkách",
    "category": "fountain",
    "cooling": "water",
    "typical_c": null,
    "free_entry": null,
    "opening_hours": null,
    "address": null,
    "source": "ipr",
    "note": null
   }
  },
  {
   "type": "Feature",
   "geometry": {
    "type": "Point",
    "coordinates": [
     14.561041,
     50.024565
    ]
   },
   "properties": {
    "id": "ipr-pumpy-66",
    "name": "Křeslice 2",
    "category": "fountain",
    "cooling": "water",
    "typical_c": null,
    "free_entry": null,
    "opening_hours": null,
    "address": null,
    "source": "ipr",
    "note": null
   }
  },
  {
   "type": "Feature",
   "geometry": {
    "type": "Point",
    "coordinates": [
     14.555844,
     50.034392
    ]
   },
   "properties": {
    "id": "ipr-pumpy-67",
    "name": "Petrovice",
    "category": "fountain",
    "cooling": "water",
    "typical_c": null,
    "free_entry": null,
    "opening_hours": null,
    "address": null,
    "source": "ipr",
    "note": null
   }
  },
  {
   "type": "Feature",
   "geometry": {
    "type": "Point",
    "coordinates": [
     14.553612,
     50.035143
    ]
   },
   "properties": {
    "id": "ipr-pumpy-68",
    "name": "Edisonova",
    "category": "fountain",
    "cooling": "water",
    "typical_c": null,
    "free_entry": null,
    "opening_hours": null,
    "address": null,
    "source": "ipr",
    "note": null
   }
  },
  {
   "type": "Feature",
   "geometry": {
    "type": "Point",
    "coordinates": [
     14.512415,
     50.085683
    ]
   },
   "properties": {
    "id": "ipr-pumpy-69",
    "name": "U Tvrze",
    "category": "fountain",
    "cooling": "water",
    "typical_c": null,
    "free_entry": null,
    "opening_hours": null,
    "address": null,
    "source": "ipr",
    "note": null
   }
  },
  {
   "type": "Feature",
   "geometry": {
    "type": "Point",
    "coordinates": [
     14.452094,
     50.074439
    ]
   },
   "properties": {
    "id": "ipr-pumpy-70",
    "name": "Dykova",
    "category": "fountain",
    "cooling": "water",
    "typical_c": null,
    "free_entry": null,
    "opening_hours": null,
    "address": null,
    "source": "ipr",
    "note": null
   }
  },
  {
   "type": "Feature",
   "geometry": {
    "type": "Point",
    "coordinates": [
     14.482942,
     50.009924
    ]
   },
   "properties": {
    "id": "ipr-pumpy-71",
    "name": "Kunratice (zámecký park)",
    "category": "fountain",
    "cooling": "water",
    "typical_c": null,
    "free_entry": null,
    "opening_hours": null,
    "address": null,
    "source": "ipr",
    "note": null
   }
  },
  {
   "type": "Feature",
   "geometry": {
    "type": "Point",
    "coordinates": [
     14.623879,
     50.013999
    ]
   },
   "properties": {
    "id": "ipr-pumpy-72",
    "name": "Kolovraty U závor",
    "category": "fountain",
    "cooling": "water",
    "typical_c": null,
    "free_entry": null,
    "opening_hours": null,
    "address": null,
    "source": "ipr",
    "note": null
   }
  },
  {
   "type": "Feature",
   "geometry": {
    "type": "Point",
    "coordinates": [
     14.307662,
     50.031371
    ]
   },
   "properties": {
    "id": "ipr-pumpy-73",
    "name": "Řeporyje (Ořešská)",
    "category": "fountain",
    "cooling": "water",
    "typical_c": null,
    "free_entry": null,
    "opening_hours": null,
    "address": null,
    "source": "ipr",
    "note": null
   }
  },
  {
   "type": "Feature",
   "geometry": {
    "type": "Point",
    "coordinates": [
     14.405436,
     50.060641
    ]
   },
   "properties": {
    "id": "ipr-pumpy-74",
    "name": "Smíchov (Křížová)",
    "category": "fountain",
    "cooling": "water",
    "typical_c": null,
    "free_entry": null,
    "opening_hours": null,
    "address": null,
    "source": "ipr",
    "note": null
   }
  },
  {
   "type": "Feature",
   "geometry": {
    "type": "Point",
    "coordinates": [
     14.577132,
     50.126619
    ]
   },
   "properties": {
    "id": "ipr-pumpy-75",
    "name": "Satalice K Radonicům",
    "category": "fountain",
    "cooling": "water",
    "typical_c": null,
    "free_entry": null,
    "opening_hours": null,
    "address": null,
    "source": "ipr",
    "note": null
   }
  },
  {
   "type": "Feature",
   "geometry": {
    "type": "Point",
    "coordinates": [
     14.440127,
     50.081081
    ]
   },
   "properties": {
    "id": "ipr-pumpy-76",
    "name": "historická pumpa Riegrovy sady",
    "category": "fountain",
    "cooling": "water",
    "typical_c": null,
    "free_entry": null,
    "opening_hours": null,
    "address": null,
    "source": "ipr",
    "note": null
   }
  },
  {
   "type": "Feature",
   "geometry": {
    "type": "Point",
    "coordinates": [
     14.419986,
     50.100176
    ]
   },
   "properties": {
    "id": "ipr-pumpy-77",
    "name": "historická pumpa",
    "category": "fountain",
    "cooling": "water",
    "typical_c": null,
    "free_entry": null,
    "opening_hours": null,
    "address": null,
    "source": "ipr",
    "note": null
   }
  },
  {
   "type": "Feature",
   "geometry": {
    "type": "Point",
    "coordinates": [
     14.653293,
     50.015411
    ]
   },
   "properties": {
    "id": "ipr-pumpy-78",
    "name": "Nedvězí u Říčan (Hájová)",
    "category": "fountain",
    "cooling": "water",
    "typical_c": null,
    "free_entry": null,
    "opening_hours": null,
    "address": null,
    "source": "ipr",
    "note": null
   }
  },
  {
   "type": "Feature",
   "geometry": {
    "type": "Point",
    "coordinates": [
     14.652154,
     50.018159
    ]
   },
   "properties": {
    "id": "ipr-pumpy-79",
    "name": "Nedvězí u Říčan (Pánkova)",
    "category": "fountain",
    "cooling": "water",
    "typical_c": null,
    "free_entry": null,
    "opening_hours": null,
    "address": null,
    "source": "ipr",
    "note": null
   }
  },
  {
   "type": "Feature",
   "geometry": {
    "type": "Point",
    "coordinates": [
     14.566545,
     50.089827
    ]
   },
   "properties": {
    "id": "ipr-pumpy-80",
    "name": "Studna Novozámecká",
    "category": "fountain",
    "cooling": "water",
    "typical_c": null,
    "free_entry": null,
    "opening_hours": null,
    "address": null,
    "source": "ipr",
    "note": null
   }
  },
  {
   "type": "Feature",
   "geometry": {
    "type": "Point",
    "coordinates": [
     14.564134,
     50.090378
    ]
   },
   "properties": {
    "id": "ipr-pumpy-81",
    "name": "Studna Obecní pumpa",
    "category": "fountain",
    "cooling": "water",
    "typical_c": null,
    "free_entry": null,
    "opening_hours": null,
    "address": null,
    "source": "ipr",
    "note": null
   }
  },
  {
   "type": "Feature",
   "geometry": {
    "type": "Point",
    "coordinates": [
     14.576386,
     50.08571
    ]
   },
   "properties": {
    "id": "ipr-pumpy-82",
    "name": "Studna Dolní Počernice",
    "category": "fountain",
    "cooling": "water",
    "typical_c": null,
    "free_entry": null,
    "opening_hours": null,
    "address": null,
    "source": "ipr",
    "note": null
   }
  },
  {
   "type": "Feature",
   "geometry": {
    "type": "Point",
    "coordinates": [
     14.599559,
     50.085592
    ]
   },
   "properties": {
    "id": "ipr-pumpy-83",
    "name": "Studna Nad rybníkem",
    "category": "fountain",
    "cooling": "water",
    "typical_c": null,
    "free_entry": null,
    "opening_hours": null,
    "address": null,
    "source": "ipr",
    "note": null
   }
  },
  {
   "type": "Feature",
   "geometry": {
    "type": "Point",
    "coordinates": [
     14.383581,
     50.118924
    ]
   },
   "properties": {
    "id": "ipr-pumpy-84",
    "name": "vodní zdroj",
    "category": "fountain",
    "cooling": "water",
    "typical_c": null,
    "free_entry": null,
    "opening_hours": null,
    "address": null,
    "source": "ipr",
    "note": null
   }
  },
  {
   "type": "Feature",
   "geometry": {
    "type": "Point",
    "coordinates": [
     14.543739,
     50.158361
    ]
   },
   "properties": {
    "id": "ipr-pumpy-85",
    "name": "studna Na Kačence",
    "category": "fountain",
    "cooling": "water",
    "typical_c": null,
    "free_entry": null,
    "opening_hours": null,
    "address": null,
    "source": "ipr",
    "note": null
   }
  },
  {
   "type": "Feature",
   "geometry": {
    "type": "Point",
    "coordinates": [
     14.521868,
     50.151895
    ]
   },
   "properties": {
    "id": "ipr-pumpy-86",
    "name": "Zámecká studna",
    "category": "fountain",
    "cooling": "water",
    "typical_c": null,
    "free_entry": null,
    "opening_hours": null,
    "address": null,
    "source": "ipr",
    "note": null
   }
  },
  {
   "type": "Feature",
   "geometry": {
    "type": "Point",
    "coordinates": [
     14.280248,
     50.045262
    ]
   },
   "properties": {
    "id": "ipr-pumpy-87",
    "name": "studna Třebonická",
    "category": "fountain",
    "cooling": "water",
    "typical_c": null,
    "free_entry": null,
    "opening_hours": null,
    "address": null,
    "source": "ipr",
    "note": null
   }
  },
  {
   "type": "Feature",
   "geometry": {
    "type": "Point",
    "coordinates": [
     14.354525,
     50.030487
    ]
   },
   "properties": {
    "id": "ipr-pumpy-88",
    "name": "studna Pod Lípou",
    "category": "fountain",
    "cooling": "water",
    "typical_c": null,
    "free_entry": null,
    "opening_hours": null,
    "address": null,
    "source": "ipr",
    "note": null
   }
  },
  {
   "type": "Feature",
   "geometry": {
    "type": "Point",
    "coordinates": [
     14.397102,
     50.090139
    ]
   },
   "properties": {
    "id": "ipr-pumpy-89",
    "name": "Pumpa nad studnou u Šternberského paláce",
    "category": "fountain",
    "cooling": "water",
    "typical_c": null,
    "free_entry": null,
    "opening_hours": null,
    "address": null,
    "source": "ipr",
    "note": null
   }
  },
  {
   "type": "Feature",
   "geometry": {
    "type": "Point",
    "coordinates": [
     14.419983,
     50.100178
    ]
   },
   "properties": {
    "id": "ipr-pumpy-90",
    "name": "Litinová pumpa u Letenské vodárenské věže",
    "category": "fountain",
    "cooling": "water",
    "typical_c": null,
    "free_entry": null,
    "opening_hours": null,
    "address": null,
    "source": "ipr",
    "note": null
   }
  },
  {
   "type": "Feature",
   "geometry": {
    "type": "Point",
    "coordinates": [
     14.405843,
     50.090122
    ]
   },
   "properties": {
    "id": "ipr-pumpy-91",
    "name": "Pumpa v prvním nádvoří Valdštejnského paláce",
    "category": "fountain",
    "cooling": "water",
    "typical_c": null,
    "free_entry": null,
    "opening_hours": null,
    "address": null,
    "source": "ipr",
    "note": null
   }
  },
  {
   "type": "Feature",
   "geometry": {
    "type": "Point",
    "coordinates": [
     14.426931,
     50.071047
    ]
   },
   "properties": {
    "id": "ipr-pumpy-92",
    "name": "Pumpa v atriu Gynekologicko-porodnické kliniky",
    "category": "fountain",
    "cooling": "water",
    "typical_c": null,
    "free_entry": null,
    "opening_hours": null,
    "address": null,
    "source": "ipr",
    "note": null
   }
  },
  {
   "type": "Feature",
   "geometry": {
    "type": "Point",
    "coordinates": [
     14.419509,
     50.086614
    ]
   },
   "properties": {
    "id": "ipr-pumpy-93",
    "name": "Studna s renesanční mříží",
    "category": "fountain",
    "cooling": "water",
    "typical_c": null,
    "free_entry": null,
    "opening_hours": null,
    "address": null,
    "source": "ipr",
    "note": null
   }
  },
  {
   "type": "Feature",
   "geometry": {
    "type": "Point",
    "coordinates": [
     14.322904,
     50.060774
    ]
   },
   "properties": {
    "id": "ipr-studanky-1",
    "name": "V louce pod pěšinou",
    "category": "fountain",
    "cooling": "water",
    "typical_c": null,
    "free_entry": null,
    "opening_hours": null,
    "address": null,
    "source": "ipr",
    "note": null
   }
  },
  {
   "type": "Feature",
   "geometry": {
    "type": "Point",
    "coordinates": [
     14.35123,
     49.960859
    ]
   },
   "properties": {
    "id": "ipr-studanky-2",
    "name": "Zahradní",
    "category": "fountain",
    "cooling": "water",
    "typical_c": null,
    "free_entry": null,
    "opening_hours": null,
    "address": null,
    "source": "ipr",
    "note": null
   }
  },
  {
   "type": "Feature",
   "geometry": {
    "type": "Point",
    "coordinates": [
     14.395474,
     50.078003
    ]
   },
   "properties": {
    "id": "ipr-studanky-3",
    "name": "Železitá štola",
    "category": "fountain",
    "cooling": "water",
    "typical_c": null,
    "free_entry": null,
    "opening_hours": null,
    "address": null,
    "source": "ipr",
    "note": null
   }
  },
  {
   "type": "Feature",
   "geometry": {
    "type": "Point",
    "coordinates": [
     14.683183,
     50.086565
    ]
   },
   "properties": {
    "id": "ipr-studanky-4",
    "name": "Bezejmenná",
    "category": "fountain",
    "cooling": "water",
    "typical_c": null,
    "free_entry": null,
    "opening_hours": null,
    "address": null,
    "source": "ipr",
    "note": null
   }
  },
  {
   "type": "Feature",
   "geometry": {
    "type": "Point",
    "coordinates": [
     14.581497,
     50.055445
    ]
   },
   "properties": {
    "id": "ipr-studanky-5",
    "name": "Dubečská",
    "category": "fountain",
    "cooling": "water",
    "typical_c": null,
    "free_entry": null,
    "opening_hours": null,
    "address": null,
    "source": "ipr",
    "note": null
   }
  },
  {
   "type": "Feature",
   "geometry": {
    "type": "Point",
    "coordinates": [
     14.58384,
     50.144383
    ]
   },
   "properties": {
    "id": "ipr-studanky-6",
    "name": "Gotická",
    "category": "fountain",
    "cooling": "water",
    "typical_c": null,
    "free_entry": null,
    "opening_hours": null,
    "address": null,
    "source": "ipr",
    "note": null
   }
  },
  {
   "type": "Feature",
   "geometry": {
    "type": "Point",
    "coordinates": [
     14.421372,
     50.122196
    ]
   },
   "properties": {
    "id": "ipr-studanky-7",
    "name": "Havránka",
    "category": "fountain",
    "cooling": "water",
    "typical_c": null,
    "free_entry": null,
    "opening_hours": null,
    "address": null,
    "source": "ipr",
    "note": null
   }
  },
  {
   "type": "Feature",
   "geometry": {
    "type": "Point",
    "coordinates": [
     14.431548,
     50.011204
    ]
   },
   "properties": {
    "id": "ipr-studanky-8",
    "name": "Nad Píšovicemi",
    "category": "fountain",
    "cooling": "water",
    "typical_c": null,
    "free_entry": null,
    "opening_hours": null,
    "address": null,
    "source": "ipr",
    "note": null
   }
  },
  {
   "type": "Feature",
   "geometry": {
    "type": "Point",
    "coordinates": [
     14.376258,
     49.971052
    ]
   },
   "properties": {
    "id": "ipr-studanky-9",
    "name": "Peluněk",
    "category": "fountain",
    "cooling": "water",
    "typical_c": null,
    "free_entry": null,
    "opening_hours": null,
    "address": null,
    "source": "ipr",
    "note": null
   }
  },
  {
   "type": "Feature",
   "geometry": {
    "type": "Point",
    "coordinates": [
     14.420816,
     50.121682
    ]
   },
   "properties": {
    "id": "ipr-studanky-10",
    "name": "Pod Haltýřem",
    "category": "fountain",
    "cooling": "water",
    "typical_c": null,
    "free_entry": null,
    "opening_hours": null,
    "address": null,
    "source": "ipr",
    "note": null
   }
  },
  {
   "type": "Feature",
   "geometry": {
    "type": "Point",
    "coordinates": [
     14.45665,
     50.004304
    ]
   },
   "properties": {
    "id": "ipr-studanky-11",
    "name": "Pod Školou",
    "category": "fountain",
    "cooling": "water",
    "typical_c": null,
    "free_entry": null,
    "opening_hours": null,
    "address": null,
    "source": "ipr",
    "note": null
   }
  },
  {
   "type": "Feature",
   "geometry": {
    "type": "Point",
    "coordinates": [
     14.353292,
     49.951073
    ]
   },
   "properties": {
    "id": "ipr-studanky-12",
    "name": "studánka V Obsinách",
    "category": "fountain",
    "cooling": "water",
    "typical_c": null,
    "free_entry": null,
    "opening_hours": null,
    "address": null,
    "source": "ipr",
    "note": null
   }
  },
  {
   "type": "Feature",
   "geometry": {
    "type": "Point",
    "coordinates": [
     14.391158,
     49.961114
    ]
   },
   "properties": {
    "id": "ipr-studanky-13",
    "name": "studánka Pod Baněmi",
    "category": "fountain",
    "cooling": "water",
    "typical_c": null,
    "free_entry": null,
    "opening_hours": null,
    "address": null,
    "source": "ipr",
    "note": null
   }
  },
  {
   "type": "Feature",
   "geometry": {
    "type": "Point",
    "coordinates": [
     14.367474,
     49.959966
    ]
   },
   "properties": {
    "id": "ipr-studanky-14",
    "name": "studánka U Žlábku",
    "category": "fountain",
    "cooling": "water",
    "typical_c": null,
    "free_entry": null,
    "opening_hours": null,
    "address": null,
    "source": "ipr",
    "note": null
   }
  },
  {
   "type": "Feature",
   "geometry": {
    "type": "Point",
    "coordinates": [
     14.4287,
     49.966
    ]
   },
   "properties": {
    "id": "ipr-studanky-15",
    "name": "studánka Pod Točnou",
    "category": "fountain",
    "cooling": "water",
    "typical_c": null,
    "free_entry": null,
    "opening_hours": null,
    "address": null,
    "source": "ipr",
    "note": null
   }
  },
  {
   "type": "Feature",
   "geometry": {
    "type": "Point",
    "coordinates": [
     14.3934,
     49.9642
    ]
   },
   "properties": {
    "id": "ipr-studanky-16",
    "name": "studánka Kamínka",
    "category": "fountain",
    "cooling": "water",
    "typical_c": null,
    "free_entry": null,
    "opening_hours": null,
    "address": null,
    "source": "ipr",
    "note": null
   }
  },
  {
   "type": "Feature",
   "geometry": {
    "type": "Point",
    "coordinates": [
     14.359152,
     49.961208
    ]
   },
   "properties": {
    "id": "ipr-studanky-17",
    "name": "studánka Sklípek",
    "category": "fountain",
    "cooling": "water",
    "typical_c": null,
    "free_entry": null,
    "opening_hours": null,
    "address": null,
    "source": "ipr",
    "note": null
   }
  },
  {
   "type": "Feature",
   "geometry": {
    "type": "Point",
    "coordinates": [
     14.428363,
     49.970838
    ]
   },
   "properties": {
    "id": "ipr-studanky-18",
    "name": "studánka V Točenské rokli",
    "category": "fountain",
    "cooling": "water",
    "typical_c": null,
    "free_entry": null,
    "opening_hours": null,
    "address": null,
    "source": "ipr",
    "note": null
   }
  },
  {
   "type": "Feature",
   "geometry": {
    "type": "Point",
    "coordinates": [
     14.391819,
     49.970553
    ]
   },
   "properties": {
    "id": "ipr-studanky-19",
    "name": "studánka U Interny",
    "category": "fountain",
    "cooling": "water",
    "typical_c": null,
    "free_entry": null,
    "opening_hours": null,
    "address": null,
    "source": "ipr",
    "note": null
   }
  },
  {
   "type": "Feature",
   "geometry": {
    "type": "Point",
    "coordinates": [
     14.391614,
     49.970864
    ]
   },
   "properties": {
    "id": "ipr-studanky-20",
    "name": "studánka Na Belvedéru",
    "category": "fountain",
    "cooling": "water",
    "typical_c": null,
    "free_entry": null,
    "opening_hours": null,
    "address": null,
    "source": "ipr",
    "note": null
   }
  },
  {
   "type": "Feature",
   "geometry": {
    "type": "Point",
    "coordinates": [
     14.401953,
     49.976438
    ]
   },
   "properties": {
    "id": "ipr-studanky-21",
    "name": "studánka Závistská",
    "category": "fountain",
    "cooling": "water",
    "typical_c": null,
    "free_entry": null,
    "opening_hours": null,
    "address": null,
    "source": "ipr",
    "note": null
   }
  },
  {
   "type": "Feature",
   "geometry": {
    "type": "Point",
    "coordinates": [
     14.404436,
     49.977466
    ]
   },
   "properties": {
    "id": "ipr-studanky-22",
    "name": "studánka Pod Šancemi",
    "category": "fountain",
    "cooling": "water",
    "typical_c": null,
    "free_entry": null,
    "opening_hours": null,
    "address": null,
    "source": "ipr",
    "note": null
   }
  },
  {
   "type": "Feature",
   "geometry": {
    "type": "Point",
    "coordinates": [
     14.45785,
     49.982375
    ]
   },
   "properties": {
    "id": "ipr-studanky-23",
    "name": "studánka Cholupická",
    "category": "fountain",
    "cooling": "water",
    "typical_c": null,
    "free_entry": null,
    "opening_hours": null,
    "address": null,
    "source": "ipr",
    "note": null
   }
  },
  {
   "type": "Feature",
   "geometry": {
    "type": "Point",
    "coordinates": [
     14.428483,
     49.994333
    ]
   },
   "properties": {
    "id": "ipr-studanky-24",
    "name": "studánka Pod Beránkem",
    "category": "fountain",
    "cooling": "water",
    "typical_c": null,
    "free_entry": null,
    "opening_hours": null,
    "address": null,
    "source": "ipr",
    "note": null
   }
  },
  {
   "type": "Feature",
   "geometry": {
    "type": "Point",
    "coordinates": [
     14.440862,
     49.996779
    ]
   },
   "properties": {
    "id": "ipr-studanky-25",
    "name": "studánka Chatařská 3",
    "category": "fountain",
    "cooling": "water",
    "typical_c": null,
    "free_entry": null,
    "opening_hours": null,
    "address": null,
    "source": "ipr",
    "note": null
   }
  },
  {
   "type": "Feature",
   "geometry": {
    "type": "Point",
    "coordinates": [
     14.4408,
     49.996799
    ]
   },
   "properties": {
    "id": "ipr-studanky-26",
    "name": "studánka Chatařská 1",
    "category": "fountain",
    "cooling": "water",
    "typical_c": null,
    "free_entry": null,
    "opening_hours": null,
    "address": null,
    "source": "ipr",
    "note": null
   }
  },
  {
   "type": "Feature",
   "geometry": {
    "type": "Point",
    "coordinates": [
     14.4409,
     49.996899
    ]
   },
   "properties": {
    "id": "ipr-studanky-27",
    "name": "studánka Chatařská 2",
    "category": "fountain",
    "cooling": "water",
    "typical_c": null,
    "free_entry": null,
    "opening_hours": null,
    "address": null,
    "source": "ipr",
    "note": null
   }
  },
  {
   "type": "Feature",
   "geometry": {
    "type": "Point",
    "coordinates": [
     14.4484,
     50.000999
    ]
   },
   "properties": {
    "id": "ipr-studanky-28",
    "name": "studánka Ve Skále",
    "category": "fountain",
    "cooling": "water",
    "typical_c": null,
    "free_entry": null,
    "opening_hours": null,
    "address": null,
    "source": "ipr",
    "note": null
   }
  },
  {
   "type": "Feature",
   "geometry": {
    "type": "Point",
    "coordinates": [
     14.436944,
     50.002083
    ]
   },
   "properties": {
    "id": "ipr-studanky-29",
    "name": "studánka Pod Moravcovým lesíkem",
    "category": "fountain",
    "cooling": "water",
    "typical_c": null,
    "free_entry": null,
    "opening_hours": null,
    "address": null,
    "source": "ipr",
    "note": null
   }
  },
  {
   "type": "Feature",
   "geometry": {
    "type": "Point",
    "coordinates": [
     14.4567,
     50.004137
    ]
   },
   "properties": {
    "id": "ipr-studanky-30",
    "name": "studánka Palisádová",
    "category": "fountain",
    "cooling": "water",
    "typical_c": null,
    "free_entry": null,
    "opening_hours": null,
    "address": null,
    "source": "ipr",
    "note": null
   }
  },
  {
   "type": "Feature",
   "geometry": {
    "type": "Point",
    "coordinates": [
     14.335,
     49.998333
    ]
   },
   "properties": {
    "id": "ipr-studanky-31",
    "name": "studánka Nad Cementárnou",
    "category": "fountain",
    "cooling": "water",
    "typical_c": null,
    "free_entry": null,
    "opening_hours": null,
    "address": null,
    "source": "ipr",
    "note": null
   }
  },
  {
   "type": "Feature",
   "geometry": {
    "type": "Point",
    "coordinates": [
     14.303611,
     49.997583
    ]
   },
   "properties": {
    "id": "ipr-studanky-32",
    "name": "Evina studánka",
    "category": "fountain",
    "cooling": "water",
    "typical_c": null,
    "free_entry": null,
    "opening_hours": null,
    "address": null,
    "source": "ipr",
    "note": null
   }
  },
  {
   "type": "Feature",
   "geometry": {
    "type": "Point",
    "coordinates": [
     14.495673,
     50.015954
    ]
   },
   "properties": {
    "id": "ipr-studanky-33",
    "name": "studánka Krellova",
    "category": "fountain",
    "cooling": "water",
    "typical_c": null,
    "free_entry": null,
    "opening_hours": null,
    "address": null,
    "source": "ipr",
    "note": null
   }
  },
  {
   "type": "Feature",
   "geometry": {
    "type": "Point",
    "coordinates": [
     14.422492,
     50.010913
    ]
   },
   "properties": {
    "id": "ipr-studanky-34",
    "name": "studánka U rybízů",
    "category": "fountain",
    "cooling": "water",
    "typical_c": null,
    "free_entry": null,
    "opening_hours": null,
    "address": null,
    "source": "ipr",
    "note": null
   }
  },
  {
   "type": "Feature",
   "geometry": {
    "type": "Point",
    "coordinates": [
     14.313848,
     50.001627
    ]
   },
   "properties": {
    "id": "ipr-studanky-35",
    "name": "studánka Pod Skalou",
    "category": "fountain",
    "cooling": "water",
    "typical_c": null,
    "free_entry": null,
    "opening_hours": null,
    "address": null,
    "source": "ipr",
    "note": null
   }
  },
  {
   "type": "Feature",
   "geometry": {
    "type": "Point",
    "coordinates": [
     14.490207,
     50.017798
    ]
   },
   "properties": {
    "id": "ipr-studanky-36",
    "name": "Vernerova studánka",
    "category": "fountain",
    "cooling": "water",
    "typical_c": null,
    "free_entry": null,
    "opening_hours": null,
    "address": null,
    "source": "ipr",
    "note": null
   }
  },
  {
   "type": "Feature",
   "geometry": {
    "type": "Point",
    "coordinates": [
     14.313067,
     50.00305
    ]
   },
   "properties": {
    "id": "ipr-studanky-37",
    "name": "Karlova studánka",
    "category": "fountain",
    "cooling": "water",
    "typical_c": null,
    "free_entry": null,
    "opening_hours": null,
    "address": null,
    "source": "ipr",
    "note": null
   }
  },
  {
   "type": "Feature",
   "geometry": {
    "type": "Point",
    "coordinates": [
     14.4802,
     50.019299
    ]
   },
   "properties": {
    "id": "ipr-studanky-38",
    "name": "studánka Urešova",
    "category": "fountain",
    "cooling": "water",
    "typical_c": null,
    "free_entry": null,
    "opening_hours": null,
    "address": null,
    "source": "ipr",
    "note": null
   }
  },
  {
   "type": "Feature",
   "geometry": {
    "type": "Point",
    "coordinates": [
     14.4697,
     50.018799
    ]
   },
   "properties": {
    "id": "ipr-studanky-39",
    "name": "studánka Žofinka",
    "category": "fountain",
    "cooling": "water",
    "typical_c": null,
    "free_entry": null,
    "opening_hours": null,
    "address": null,
    "source": "ipr",
    "note": null
   }
  },
  {
   "type": "Feature",
   "geometry": {
    "type": "Point",
    "coordinates": [
     14.3165,
     50.007
    ]
   },
   "properties": {
    "id": "ipr-studanky-40",
    "name": "studánka V Chaloupkách",
    "category": "fountain",
    "cooling": "water",
    "typical_c": null,
    "free_entry": null,
    "opening_hours": null,
    "address": null,
    "source": "ipr",
    "note": null
   }
  },
  {
   "type": "Feature",
   "geometry": {
    "type": "Point",
    "coordinates": [
     14.4826,
     50.025002
    ]
   },
   "properties": {
    "id": "ipr-studanky-41",
    "name": "studánka Václavka",
    "category": "fountain",
    "cooling": "water",
    "typical_c": null,
    "free_entry": null,
    "opening_hours": null,
    "address": null,
    "source": "ipr",
    "note": null
   }
  },
  {
   "type": "Feature",
   "geometry": {
    "type": "Point",
    "coordinates": [
     14.463,
     50.025101
    ]
   },
   "properties": {
    "id": "ipr-studanky-42",
    "name": "studánka Krychle",
    "category": "fountain",
    "cooling": "water",
    "typical_c": null,
    "free_entry": null,
    "opening_hours": null,
    "address": null,
    "source": "ipr",
    "note": null
   }
  },
  {
   "type": "Feature",
   "geometry": {
    "type": "Point",
    "coordinates": [
     14.361,
     50.016998
    ]
   },
   "properties": {
    "id": "ipr-studanky-43",
    "name": "studánka V Obecní zahradě",
    "category": "fountain",
    "cooling": "water",
    "typical_c": null,
    "free_entry": null,
    "opening_hours": null,
    "address": null,
    "source": "ipr",
    "note": null
   }
  },
  {
   "type": "Feature",
   "geometry": {
    "type": "Point",
    "coordinates": [
     14.442819,
     50.024993
    ]
   },
   "properties": {
    "id": "ipr-studanky-44",
    "name": "studánka Zálesí",
    "category": "fountain",
    "cooling": "water",
    "typical_c": null,
    "free_entry": null,
    "opening_hours": null,
    "address": null,
    "source": "ipr",
    "note": null
   }
  },
  {
   "type": "Feature",
   "geometry": {
    "type": "Point",
    "coordinates": [
     14.4165,
     50.022701
    ]
   },
   "properties": {
    "id": "ipr-studanky-45",
    "name": "studánka Lysinka",
    "category": "fountain",
    "cooling": "water",
    "typical_c": null,
    "free_entry": null,
    "opening_hours": null,
    "address": null,
    "source": "ipr",
    "note": null
   }
  },
  {
   "type": "Feature",
   "geometry": {
    "type": "Point",
    "coordinates": [
     14.546203,
     50.039861
    ]
   },
   "properties": {
    "id": "ipr-studanky-46",
    "name": "studánka bez jména",
    "category": "fountain",
    "cooling": "water",
    "typical_c": null,
    "free_entry": null,
    "opening_hours": null,
    "address": null,
    "source": "ipr",
    "note": null
   }
  },
  {
   "type": "Feature",
   "geometry": {
    "type": "Point",
    "coordinates": [
     14.349085,
     50.031519
    ]
   },
   "properties": {
    "id": "ipr-studanky-47",
    "name": "studánka U čtyř vrb",
    "category": "fountain",
    "cooling": "water",
    "typical_c": null,
    "free_entry": null,
    "opening_hours": null,
    "address": null,
    "source": "ipr",
    "note": null
   }
  },
  {
   "type": "Feature",
   "geometry": {
    "type": "Point",
    "coordinates": [
     14.356219,
     50.036133
    ]
   },
   "properties": {
    "id": "ipr-studanky-48",
    "name": "studánka V Červeném lomu",
    "category": "fountain",
    "cooling": "water",
    "typical_c": null,
    "free_entry": null,
    "opening_hours": null,
    "address": null,
    "source": "ipr",
    "note": null
   }
  },
  {
   "type": "Feature",
   "geometry": {
    "type": "Point",
    "coordinates": [
     14.36425,
     50.039977
    ]
   },
   "properties": {
    "id": "ipr-studanky-49",
    "name": "studánka Stydlá voda",
    "category": "fountain",
    "cooling": "water",
    "typical_c": null,
    "free_entry": null,
    "opening_hours": null,
    "address": null,
    "source": "ipr",
    "note": null
   }
  },
  {
   "type": "Feature",
   "geometry": {
    "type": "Point",
    "coordinates": [
     14.500294,
     50.052108
    ]
   },
   "properties": {
    "id": "ipr-studanky-50",
    "name": "studánka Záběhlice - zahrádky",
    "category": "fountain",
    "cooling": "water",
    "typical_c": null,
    "free_entry": null,
    "opening_hours": null,
    "address": null,
    "source": "ipr",
    "note": null
   }
  },
  {
   "type": "Feature",
   "geometry": {
    "type": "Point",
    "coordinates": [
     14.353634,
     50.039276
    ]
   },
   "properties": {
    "id": "ipr-studanky-51",
    "name": "studánka Na Troníčku",
    "category": "fountain",
    "cooling": "water",
    "typical_c": null,
    "free_entry": null,
    "opening_hours": null,
    "address": null,
    "source": "ipr",
    "note": null
   }
  },
  {
   "type": "Feature",
   "geometry": {
    "type": "Point",
    "coordinates": [
     14.353707,
     50.043701
    ]
   },
   "properties": {
    "id": "ipr-studanky-52",
    "name": "studánka Hemrova",
    "category": "fountain",
    "cooling": "water",
    "typical_c": null,
    "free_entry": null,
    "opening_hours": null,
    "address": null,
    "source": "ipr",
    "note": null
   }
  },
  {
   "type": "Feature",
   "geometry": {
    "type": "Point",
    "coordinates": [
     14.394511,
     50.054823
    ]
   },
   "properties": {
    "id": "ipr-studanky-53",
    "name": "studánka Pod Děvínem",
    "category": "fountain",
    "cooling": "water",
    "typical_c": null,
    "free_entry": null,
    "opening_hours": null,
    "address": null,
    "source": "ipr",
    "note": null
   }
  },
  {
   "type": "Feature",
   "geometry": {
    "type": "Point",
    "coordinates": [
     14.4253,
     50.058899
    ]
   },
   "properties": {
    "id": "ipr-studanky-54",
    "name": "studánka Topolka",
    "category": "fountain",
    "cooling": "water",
    "typical_c": null,
    "free_entry": null,
    "opening_hours": null,
    "address": null,
    "source": "ipr",
    "note": null
   }
  },
  {
   "type": "Feature",
   "geometry": {
    "type": "Point",
    "coordinates": [
     14.4011,
     50.059101
    ]
   },
   "properties": {
    "id": "ipr-studanky-55",
    "name": "studánka Pod Kesnerkou",
    "category": "fountain",
    "cooling": "water",
    "typical_c": null,
    "free_entry": null,
    "opening_hours": null,
    "address": null,
    "source": "ipr",
    "note": null
   }
  },
  {
   "type": "Feature",
   "geometry": {
    "type": "Point",
    "coordinates": [
     14.359637,
     50.06085
    ]
   },
   "properties": {
    "id": "ipr-studanky-56",
    "name": "studánka Pod Vidoulí",
    "category": "fountain",
    "cooling": "water",
    "typical_c": null,
    "free_entry": null,
    "opening_hours": null,
    "address": null,
    "source": "ipr",
    "note": null
   }
  },
  {
   "type": "Feature",
   "geometry": {
    "type": "Point",
    "coordinates": [
     14.6359,
     50.085899
    ]
   },
   "properties": {
    "id": "ipr-studanky-57",
    "name": "studánka Zelená",
    "category": "fountain",
    "cooling": "water",
    "typical_c": null,
    "free_entry": null,
    "opening_hours": null,
    "address": null,
    "source": "ipr",
    "note": null
   }
  },
  {
   "type": "Feature",
   "geometry": {
    "type": "Point",
    "coordinates": [
     14.3219,
     50.059101
    ]
   },
   "properties": {
    "id": "ipr-studanky-58",
    "name": "studánka U Cvičáku",
    "category": "fountain",
    "cooling": "water",
    "typical_c": null,
    "free_entry": null,
    "opening_hours": null,
    "address": null,
    "source": "ipr",
    "note": null
   }
  },
  {
   "type": "Feature",
   "geometry": {
    "type": "Point",
    "coordinates": [
     14.3575,
     50.063301
    ]
   },
   "properties": {
    "id": "ipr-studanky-59",
    "name": "studánka Diana",
    "category": "fountain",
    "cooling": "water",
    "typical_c": null,
    "free_entry": null,
    "opening_hours": null,
    "address": null,
    "source": "ipr",
    "note": null
   }
  },
  {
   "type": "Feature",
   "geometry": {
    "type": "Point",
    "coordinates": [
     14.3228,
     50.0611
    ]
   },
   "properties": {
    "id": "ipr-studanky-60",
    "name": "studánka V louce",
    "category": "fountain",
    "cooling": "water",
    "typical_c": null,
    "free_entry": null,
    "opening_hours": null,
    "address": null,
    "source": "ipr",
    "note": null
   }
  },
  {
   "type": "Feature",
   "geometry": {
    "type": "Point",
    "coordinates": [
     14.353484,
     50.066245
    ]
   },
   "properties": {
    "id": "ipr-studanky-61",
    "name": "studánka Jupiter",
    "category": "fountain",
    "cooling": "water",
    "typical_c": null,
    "free_entry": null,
    "opening_hours": null,
    "address": null,
    "source": "ipr",
    "note": null
   }
  },
  {
   "type": "Feature",
   "geometry": {
    "type": "Point",
    "coordinates": [
     14.2808,
     50.063202
    ]
   },
   "properties": {
    "id": "ipr-studanky-62",
    "name": "studánka Mistřínská",
    "category": "fountain",
    "cooling": "water",
    "typical_c": null,
    "free_entry": null,
    "opening_hours": null,
    "address": null,
    "source": "ipr",
    "note": null
   }
  },
  {
   "type": "Feature",
   "geometry": {
    "type": "Point",
    "coordinates": [
     14.3974,
     50.078602
    ]
   },
   "properties": {
    "id": "ipr-studanky-63",
    "name": "studánka Pod jezírkem",
    "category": "fountain",
    "cooling": "water",
    "typical_c": null,
    "free_entry": null,
    "opening_hours": null,
    "address": null,
    "source": "ipr",
    "note": null
   }
  },
  {
   "type": "Feature",
   "geometry": {
    "type": "Point",
    "coordinates": [
     14.4006,
     50.078999
    ]
   },
   "properties": {
    "id": "ipr-studanky-64",
    "name": "studánka Kinská",
    "category": "fountain",
    "cooling": "water",
    "typical_c": null,
    "free_entry": null,
    "opening_hours": null,
    "address": null,
    "source": "ipr",
    "note": null
   }
  },
  {
   "type": "Feature",
   "geometry": {
    "type": "Point",
    "coordinates": [
     14.535277,
     50.09444
    ]
   },
   "properties": {
    "id": "ipr-studanky-65",
    "name": "studánka Kyjská",
    "category": "fountain",
    "cooling": "water",
    "typical_c": null,
    "free_entry": null,
    "opening_hours": null,
    "address": null,
    "source": "ipr",
    "note": null
   }
  },
  {
   "type": "Feature",
   "geometry": {
    "type": "Point",
    "coordinates": [
     14.3915,
     50.084999
    ]
   },
   "properties": {
    "id": "ipr-studanky-67",
    "name": "studánka Kaštanka",
    "category": "fountain",
    "cooling": "water",
    "typical_c": null,
    "free_entry": null,
    "opening_hours": null,
    "address": null,
    "source": "ipr",
    "note": null
   }
  },
  {
   "type": "Feature",
   "geometry": {
    "type": "Point",
    "coordinates": [
     14.36548,
     50.092472
    ]
   },
   "properties": {
    "id": "ipr-studanky-68",
    "name": "studánka Barelka",
    "category": "fountain",
    "cooling": "water",
    "typical_c": null,
    "free_entry": null,
    "opening_hours": null,
    "address": null,
    "source": "ipr",
    "note": null
   }
  },
  {
   "type": "Feature",
   "geometry": {
    "type": "Point",
    "coordinates": [
     14.317582,
     50.093843
    ]
   },
   "properties": {
    "id": "ipr-studanky-69",
    "name": "studánka Šestákova horní",
    "category": "fountain",
    "cooling": "water",
    "typical_c": null,
    "free_entry": null,
    "opening_hours": null,
    "address": null,
    "source": "ipr",
    "note": null
   }
  },
  {
   "type": "Feature",
   "geometry": {
    "type": "Point",
    "coordinates": [
     14.3176,
     50.093899
    ]
   },
   "properties": {
    "id": "ipr-studanky-70",
    "name": "studánka Šestákova",
    "category": "fountain",
    "cooling": "water",
    "typical_c": null,
    "free_entry": null,
    "opening_hours": null,
    "address": null,
    "source": "ipr",
    "note": null
   }
  },
  {
   "type": "Feature",
   "geometry": {
    "type": "Point",
    "coordinates": [
     14.3243,
     50.096199
    ]
   },
   "properties": {
    "id": "ipr-studanky-71",
    "name": "studánka Ovčí",
    "category": "fountain",
    "cooling": "water",
    "typical_c": null,
    "free_entry": null,
    "opening_hours": null,
    "address": null,
    "source": "ipr",
    "note": null
   }
  },
  {
   "type": "Feature",
   "geometry": {
    "type": "Point",
    "coordinates": [
     14.298288,
     50.094943
    ]
   },
   "properties": {
    "id": "ipr-studanky-72",
    "name": "studánka Horní Zlodějka",
    "category": "fountain",
    "cooling": "water",
    "typical_c": null,
    "free_entry": null,
    "opening_hours": null,
    "address": null,
    "source": "ipr",
    "note": null
   }
  },
  {
   "type": "Feature",
   "geometry": {
    "type": "Point",
    "coordinates": [
     14.300069,
     50.095775
    ]
   },
   "properties": {
    "id": "ipr-studanky-73",
    "name": "studánka Zlodějka",
    "category": "fountain",
    "cooling": "water",
    "typical_c": null,
    "free_entry": null,
    "opening_hours": null,
    "address": null,
    "source": "ipr",
    "note": null
   }
  },
  {
   "type": "Feature",
   "geometry": {
    "type": "Point",
    "coordinates": [
     14.3116,
     50.098301
    ]
   },
   "properties": {
    "id": "ipr-studanky-74",
    "name": "studánka Šárecká Habrovka",
    "category": "fountain",
    "cooling": "water",
    "typical_c": null,
    "free_entry": null,
    "opening_hours": null,
    "address": null,
    "source": "ipr",
    "note": null
   }
  },
  {
   "type": "Feature",
   "geometry": {
    "type": "Point",
    "coordinates": [
     14.346135,
     50.101854
    ]
   },
   "properties": {
    "id": "ipr-studanky-75",
    "name": "studánka U stožáru",
    "category": "fountain",
    "cooling": "water",
    "typical_c": null,
    "free_entry": null,
    "opening_hours": null,
    "address": null,
    "source": "ipr",
    "note": null
   }
  },
  {
   "type": "Feature",
   "geometry": {
    "type": "Point",
    "coordinates": [
     14.317153,
     50.099361
    ]
   },
   "properties": {
    "id": "ipr-studanky-76",
    "name": "studánka Šárka",
    "category": "fountain",
    "cooling": "water",
    "typical_c": null,
    "free_entry": null,
    "opening_hours": null,
    "address": null,
    "source": "ipr",
    "note": null
   }
  },
  {
   "type": "Feature",
   "geometry": {
    "type": "Point",
    "coordinates": [
     14.360118,
     50.103815
    ]
   },
   "properties": {
    "id": "ipr-studanky-77",
    "name": "studánka Korek",
    "category": "fountain",
    "cooling": "water",
    "typical_c": null,
    "free_entry": null,
    "opening_hours": null,
    "address": null,
    "source": "ipr",
    "note": null
   }
  },
  {
   "type": "Feature",
   "geometry": {
    "type": "Point",
    "coordinates": [
     14.3349,
     50.101601
    ]
   },
   "properties": {
    "id": "ipr-studanky-78",
    "name": "studánka Franciho",
    "category": "fountain",
    "cooling": "water",
    "typical_c": null,
    "free_entry": null,
    "opening_hours": null,
    "address": null,
    "source": "ipr",
    "note": null
   }
  },
  {
   "type": "Feature",
   "geometry": {
    "type": "Point",
    "coordinates": [
     14.323386,
     50.101734
    ]
   },
   "properties": {
    "id": "ipr-studanky-79",
    "name": "studánka Čertovka",
    "category": "fountain",
    "cooling": "water",
    "typical_c": null,
    "free_entry": null,
    "opening_hours": null,
    "address": null,
    "source": "ipr",
    "note": null
   }
  },
  {
   "type": "Feature",
   "geometry": {
    "type": "Point",
    "coordinates": [
     14.366228,
     50.105928
    ]
   },
   "properties": {
    "id": "ipr-studanky-80",
    "name": "studánka Zlatnice",
    "category": "fountain",
    "cooling": "water",
    "typical_c": null,
    "free_entry": null,
    "opening_hours": null,
    "address": null,
    "source": "ipr",
    "note": null
   }
  },
  {
   "type": "Feature",
   "geometry": {
    "type": "Point",
    "coordinates": [
     14.348239,
     50.105347
    ]
   },
   "properties": {
    "id": "ipr-studanky-81",
    "name": "studánka Roztočilka",
    "category": "fountain",
    "cooling": "water",
    "typical_c": null,
    "free_entry": null,
    "opening_hours": null,
    "address": null,
    "source": "ipr",
    "note": null
   }
  },
  {
   "type": "Feature",
   "geometry": {
    "type": "Point",
    "coordinates": [
     14.351814,
     50.109088
    ]
   },
   "properties": {
    "id": "ipr-studanky-82",
    "name": "studánka Markéta",
    "category": "fountain",
    "cooling": "water",
    "typical_c": null,
    "free_entry": null,
    "opening_hours": null,
    "address": null,
    "source": "ipr",
    "note": null
   }
  },
  {
   "type": "Feature",
   "geometry": {
    "type": "Point",
    "coordinates": [
     14.376954,
     50.112215
    ]
   },
   "properties": {
    "id": "ipr-studanky-83",
    "name": "studánka Pod Matějem",
    "category": "fountain",
    "cooling": "water",
    "typical_c": null,
    "free_entry": null,
    "opening_hours": null,
    "address": null,
    "source": "ipr",
    "note": null
   }
  },
  {
   "type": "Feature",
   "geometry": {
    "type": "Point",
    "coordinates": [
     14.4658,
     50.120201
    ]
   },
   "properties": {
    "id": "ipr-studanky-84",
    "name": "studánka Okrouhlík",
    "category": "fountain",
    "cooling": "water",
    "typical_c": null,
    "free_entry": null,
    "opening_hours": null,
    "address": null,
    "source": "ipr",
    "note": null
   }
  },
  {
   "type": "Feature",
   "geometry": {
    "type": "Point",
    "coordinates": [
     14.420685,
     50.122044
    ]
   },
   "properties": {
    "id": "ipr-studanky-85",
    "name": "studánka Haltýř",
    "category": "fountain",
    "cooling": "water",
    "typical_c": null,
    "free_entry": null,
    "opening_hours": null,
    "address": null,
    "source": "ipr",
    "note": null
   }
  },
  {
   "type": "Feature",
   "geometry": {
    "type": "Point",
    "coordinates": [
     14.581313,
     50.143274
    ]
   },
   "properties": {
    "id": "ipr-studanky-86",
    "name": "studánka Pod křížkem",
    "category": "fountain",
    "cooling": "water",
    "typical_c": null,
    "free_entry": null,
    "opening_hours": null,
    "address": null,
    "source": "ipr",
    "note": null
   }
  },
  {
   "type": "Feature",
   "geometry": {
    "type": "Point",
    "coordinates": [
     14.40589,
     50.130351
    ]
   },
   "properties": {
    "id": "ipr-studanky-87",
    "name": "studánka Bendovka",
    "category": "fountain",
    "cooling": "water",
    "typical_c": null,
    "free_entry": null,
    "opening_hours": null,
    "address": null,
    "source": "ipr",
    "note": null
   }
  },
  {
   "type": "Feature",
   "geometry": {
    "type": "Point",
    "coordinates": [
     14.405493,
     50.130367
    ]
   },
   "properties": {
    "id": "ipr-studanky-88",
    "name": "studánka V Černé rokli",
    "category": "fountain",
    "cooling": "water",
    "typical_c": null,
    "free_entry": null,
    "opening_hours": null,
    "address": null,
    "source": "ipr",
    "note": null
   }
  },
  {
   "type": "Feature",
   "geometry": {
    "type": "Point",
    "coordinates": [
     14.3028,
     50.124599
    ]
   },
   "properties": {
    "id": "ipr-studanky-89",
    "name": "studánka Pod Juliánou",
    "category": "fountain",
    "cooling": "water",
    "typical_c": null,
    "free_entry": null,
    "opening_hours": null,
    "address": null,
    "source": "ipr",
    "note": null
   }
  },
  {
   "type": "Feature",
   "geometry": {
    "type": "Point",
    "coordinates": [
     14.56648,
     50.149993
    ]
   },
   "properties": {
    "id": "ipr-studanky-90",
    "name": "Ctěnická studánka",
    "category": "fountain",
    "cooling": "water",
    "typical_c": null,
    "free_entry": null,
    "opening_hours": null,
    "address": null,
    "source": "ipr",
    "note": null
   }
  },
  {
   "type": "Feature",
   "geometry": {
    "type": "Point",
    "coordinates": [
     14.4057,
     50.137402
    ]
   },
   "properties": {
    "id": "ipr-studanky-91",
    "name": "studánka Bohnická",
    "category": "fountain",
    "cooling": "water",
    "typical_c": null,
    "free_entry": null,
    "opening_hours": null,
    "address": null,
    "source": "ipr",
    "note": null
   }
  },
  {
   "type": "Feature",
   "geometry": {
    "type": "Point",
    "coordinates": [
     14.409181,
     50.143731
    ]
   },
   "properties": {
    "id": "ipr-studanky-92",
    "name": "studánka V Zámecké Rokli",
    "category": "fountain",
    "cooling": "water",
    "typical_c": null,
    "free_entry": null,
    "opening_hours": null,
    "address": null,
    "source": "ipr",
    "note": null
   }
  },
  {
   "type": "Feature",
   "geometry": {
    "type": "Point",
    "coordinates": [
     14.4238,
     50.149899
    ]
   },
   "properties": {
    "id": "ipr-studanky-93",
    "name": "studánka Prdlavá",
    "category": "fountain",
    "cooling": "water",
    "typical_c": null,
    "free_entry": null,
    "opening_hours": null,
    "address": null,
    "source": "ipr",
    "note": null
   }
  },
  {
   "type": "Feature",
   "geometry": {
    "type": "Point",
    "coordinates": [
     14.361054,
     50.145084
    ]
   },
   "properties": {
    "id": "ipr-studanky-94",
    "name": "studánka Pod Kozími hřbety",
    "category": "fountain",
    "cooling": "water",
    "typical_c": null,
    "free_entry": null,
    "opening_hours": null,
    "address": null,
    "source": "ipr",
    "note": null
   }
  },
  {
   "type": "Feature",
   "geometry": {
    "type": "Point",
    "coordinates": [
     14.3235,
     50.0611
    ]
   },
   "properties": {
    "id": "ipr-studanky-95",
    "name": "studánka V zahradě",
    "category": "fountain",
    "cooling": "water",
    "typical_c": null,
    "free_entry": null,
    "opening_hours": null,
    "address": null,
    "source": "ipr",
    "note": null
   }
  },
  {
   "type": "Feature",
   "geometry": {
    "type": "Point",
    "coordinates": [
     14.355469,
     50.085636
    ]
   },
   "properties": {
    "id": "ipr-studanky-96",
    "name": "studánka Vojtěška",
    "category": "fountain",
    "cooling": "water",
    "typical_c": null,
    "free_entry": null,
    "opening_hours": null,
    "address": null,
    "source": "ipr",
    "note": null
   }
  },
  {
   "type": "Feature",
   "geometry": {
    "type": "Point",
    "coordinates": [
     14.471,
     50.0961
    ]
   },
   "properties": {
    "id": "ipr-studanky-97",
    "name": "studánka Hajnovka",
    "category": "fountain",
    "cooling": "water",
    "typical_c": null,
    "free_entry": null,
    "opening_hours": null,
    "address": null,
    "source": "ipr",
    "note": null
   }
  },
  {
   "type": "Feature",
   "geometry": {
    "type": "Point",
    "coordinates": [
     14.4085,
     50.104801
    ]
   },
   "properties": {
    "id": "ipr-studanky-98",
    "name": "studánka Pod Gothardem",
    "category": "fountain",
    "cooling": "water",
    "typical_c": null,
    "free_entry": null,
    "opening_hours": null,
    "address": null,
    "source": "ipr",
    "note": null
   }
  },
  {
   "type": "Feature",
   "geometry": {
    "type": "Point",
    "coordinates": [
     14.3547,
     50.106899
    ]
   },
   "properties": {
    "id": "ipr-studanky-99",
    "name": "studánka Jenerálka",
    "category": "fountain",
    "cooling": "water",
    "typical_c": null,
    "free_entry": null,
    "opening_hours": null,
    "address": null,
    "source": "ipr",
    "note": null
   }
  },
  {
   "type": "Feature",
   "geometry": {
    "type": "Point",
    "coordinates": [
     14.366777,
     49.960223
    ]
   },
   "properties": {
    "id": "ipr-studanky-100",
    "name": "pramen Za plotem",
    "category": "fountain",
    "cooling": "water",
    "typical_c": null,
    "free_entry": null,
    "opening_hours": null,
    "address": null,
    "source": "ipr",
    "note": null
   }
  },
  {
   "type": "Feature",
   "geometry": {
    "type": "Point",
    "coordinates": [
     14.393139,
     49.963056
    ]
   },
   "properties": {
    "id": "ipr-studanky-101",
    "name": "pramen U plotu",
    "category": "fountain",
    "cooling": "water",
    "typical_c": null,
    "free_entry": null,
    "opening_hours": null,
    "address": null,
    "source": "ipr",
    "note": null
   }
  },
  {
   "type": "Feature",
   "geometry": {
    "type": "Point",
    "coordinates": [
     14.389915,
     49.965081
    ]
   },
   "properties": {
    "id": "ipr-studanky-102",
    "name": "pramen U cesty",
    "category": "fountain",
    "cooling": "water",
    "typical_c": null,
    "free_entry": null,
    "opening_hours": null,
    "address": null,
    "source": "ipr",
    "note": null
   }
  },
  {
   "type": "Feature",
   "geometry": {
    "type": "Point",
    "coordinates": [
     14.391433,
     49.966361
    ]
   },
   "properties": {
    "id": "ipr-studanky-103",
    "name": "pramen Pod školkou",
    "category": "fountain",
    "cooling": "water",
    "typical_c": null,
    "free_entry": null,
    "opening_hours": null,
    "address": null,
    "source": "ipr",
    "note": null
   }
  },
  {
   "type": "Feature",
   "geometry": {
    "type": "Point",
    "coordinates": [
     14.392058,
     49.967711
    ]
   },
   "properties": {
    "id": "ipr-studanky-104",
    "name": "pramen Královka",
    "category": "fountain",
    "cooling": "water",
    "typical_c": null,
    "free_entry": null,
    "opening_hours": null,
    "address": null,
    "source": "ipr",
    "note": null
   }
  },
  {
   "type": "Feature",
   "geometry": {
    "type": "Point",
    "coordinates": [
     14.391948,
     49.9685
    ]
   },
   "properties": {
    "id": "ipr-studanky-105",
    "name": "pramen U schodů",
    "category": "fountain",
    "cooling": "water",
    "typical_c": null,
    "free_entry": null,
    "opening_hours": null,
    "address": null,
    "source": "ipr",
    "note": null
   }
  },
  {
   "type": "Feature",
   "geometry": {
    "type": "Point",
    "coordinates": [
     14.330725,
     49.974903
    ]
   },
   "properties": {
    "id": "ipr-studanky-106",
    "name": "pramen Staňkovka",
    "category": "fountain",
    "cooling": "water",
    "typical_c": null,
    "free_entry": null,
    "opening_hours": null,
    "address": null,
    "source": "ipr",
    "note": null
   }
  },
  {
   "type": "Feature",
   "geometry": {
    "type": "Point",
    "coordinates": [
     14.43768,
     49.994246
    ]
   },
   "properties": {
    "id": "ipr-studanky-107",
    "name": "pramen U zahrádek",
    "category": "fountain",
    "cooling": "water",
    "typical_c": null,
    "free_entry": null,
    "opening_hours": null,
    "address": null,
    "source": "ipr",
    "note": null
   }
  },
  {
   "type": "Feature",
   "geometry": {
    "type": "Point",
    "coordinates": [
     14.451751,
     49.998118
    ]
   },
   "properties": {
    "id": "ipr-studanky-108",
    "name": "pramen K Dýmači",
    "category": "fountain",
    "cooling": "water",
    "typical_c": null,
    "free_entry": null,
    "opening_hours": null,
    "address": null,
    "source": "ipr",
    "note": null
   }
  },
  {
   "type": "Feature",
   "geometry": {
    "type": "Point",
    "coordinates": [
     14.453128,
     49.998599
    ]
   },
   "properties": {
    "id": "ipr-studanky-109",
    "name": "pramen Pod Dýmačem",
    "category": "fountain",
    "cooling": "water",
    "typical_c": null,
    "free_entry": null,
    "opening_hours": null,
    "address": null,
    "source": "ipr",
    "note": null
   }
  },
  {
   "type": "Feature",
   "geometry": {
    "type": "Point",
    "coordinates": [
     14.3459,
     49.992901
    ]
   },
   "properties": {
    "id": "ipr-studanky-110",
    "name": "pramen Travertinový",
    "category": "fountain",
    "cooling": "water",
    "typical_c": null,
    "free_entry": null,
    "opening_hours": null,
    "address": null,
    "source": "ipr",
    "note": null
   }
  },
  {
   "type": "Feature",
   "geometry": {
    "type": "Point",
    "coordinates": [
     14.447637,
     50.002823
    ]
   },
   "properties": {
    "id": "ipr-studanky-111",
    "name": "pramen Pod skládkou 2",
    "category": "fountain",
    "cooling": "water",
    "typical_c": null,
    "free_entry": null,
    "opening_hours": null,
    "address": null,
    "source": "ipr",
    "note": null
   }
  },
  {
   "type": "Feature",
   "geometry": {
    "type": "Point",
    "coordinates": [
     14.43399,
     50.001948
    ]
   },
   "properties": {
    "id": "ipr-studanky-112",
    "name": "pramen U Kopkánů",
    "category": "fountain",
    "cooling": "water",
    "typical_c": null,
    "free_entry": null,
    "opening_hours": null,
    "address": null,
    "source": "ipr",
    "note": null
   }
  },
  {
   "type": "Feature",
   "geometry": {
    "type": "Point",
    "coordinates": [
     14.45677,
     50.004296
    ]
   },
   "properties": {
    "id": "ipr-studanky-113",
    "name": "pramen Liščí díra",
    "category": "fountain",
    "cooling": "water",
    "typical_c": null,
    "free_entry": null,
    "opening_hours": null,
    "address": null,
    "source": "ipr",
    "note": null
   }
  },
  {
   "type": "Feature",
   "geometry": {
    "type": "Point",
    "coordinates": [
     14.3557,
     49.995701
    ]
   },
   "properties": {
    "id": "ipr-studanky-114",
    "name": "pramen Slavičí",
    "category": "fountain",
    "cooling": "water",
    "typical_c": null,
    "free_entry": null,
    "opening_hours": null,
    "address": null,
    "source": "ipr",
    "note": null
   }
  },
  {
   "type": "Feature",
   "geometry": {
    "type": "Point",
    "coordinates": [
     14.449417,
     50.004368
    ]
   },
   "properties": {
    "id": "ipr-studanky-115",
    "name": "pramen Pod Skládkou",
    "category": "fountain",
    "cooling": "water",
    "typical_c": null,
    "free_entry": null,
    "opening_hours": null,
    "address": null,
    "source": "ipr",
    "note": null
   }
  },
  {
   "type": "Feature",
   "geometry": {
    "type": "Point",
    "coordinates": [
     14.429528,
     50.003183
    ]
   },
   "properties": {
    "id": "ipr-studanky-116",
    "name": "pramen Pod Babou",
    "category": "fountain",
    "cooling": "water",
    "typical_c": null,
    "free_entry": null,
    "opening_hours": null,
    "address": null,
    "source": "ipr",
    "note": null
   }
  },
  {
   "type": "Feature",
   "geometry": {
    "type": "Point",
    "coordinates": [
     14.44262,
     50.005624
    ]
   },
   "properties": {
    "id": "ipr-studanky-117",
    "name": "pramen Pod skládkou 3",
    "category": "fountain",
    "cooling": "water",
    "typical_c": null,
    "free_entry": null,
    "opening_hours": null,
    "address": null,
    "source": "ipr",
    "note": null
   }
  },
  {
   "type": "Feature",
   "geometry": {
    "type": "Point",
    "coordinates": [
     14.495636,
     50.016275
    ]
   },
   "properties": {
    "id": "ipr-studanky-118",
    "name": "pramen Sadová",
    "category": "fountain",
    "cooling": "water",
    "typical_c": null,
    "free_entry": null,
    "opening_hours": null,
    "address": null,
    "source": "ipr",
    "note": null
   }
  },
  {
   "type": "Feature",
   "geometry": {
    "type": "Point",
    "coordinates": [
     14.472986,
     50.017081
    ]
   },
   "properties": {
    "id": "ipr-studanky-119",
    "name": "pramen Nezmarka",
    "category": "fountain",
    "cooling": "water",
    "typical_c": null,
    "free_entry": null,
    "opening_hours": null,
    "address": null,
    "source": "ipr",
    "note": null
   }
  },
  {
   "type": "Feature",
   "geometry": {
    "type": "Point",
    "coordinates": [
     14.473235,
     50.017203
    ]
   },
   "properties": {
    "id": "ipr-studanky-120",
    "name": "pramen Pod Jeslemi 2",
    "category": "fountain",
    "cooling": "water",
    "typical_c": null,
    "free_entry": null,
    "opening_hours": null,
    "address": null,
    "source": "ipr",
    "note": null
   }
  },
  {
   "type": "Feature",
   "geometry": {
    "type": "Point",
    "coordinates": [
     14.313099,
     50.003406
    ]
   },
   "properties": {
    "id": "ipr-studanky-121",
    "name": "pramen Pod Silnicí",
    "category": "fountain",
    "cooling": "water",
    "typical_c": null,
    "free_entry": null,
    "opening_hours": null,
    "address": null,
    "source": "ipr",
    "note": null
   }
  },
  {
   "type": "Feature",
   "geometry": {
    "type": "Point",
    "coordinates": [
     14.3163,
     50.007099
    ]
   },
   "properties": {
    "id": "ipr-studanky-122",
    "name": "pramen U rybníka",
    "category": "fountain",
    "cooling": "water",
    "typical_c": null,
    "free_entry": null,
    "opening_hours": null,
    "address": null,
    "source": "ipr",
    "note": null
   }
  },
  {
   "type": "Feature",
   "geometry": {
    "type": "Point",
    "coordinates": [
     14.367985,
     50.012364
    ]
   },
   "properties": {
    "id": "ipr-studanky-123",
    "name": "pramen Nad Vápenkou",
    "category": "fountain",
    "cooling": "water",
    "typical_c": null,
    "free_entry": null,
    "opening_hours": null,
    "address": null,
    "source": "ipr",
    "note": null
   }
  },
  {
   "type": "Feature",
   "geometry": {
    "type": "Point",
    "coordinates": [
     14.3714,
     50.014301
    ]
   },
   "properties": {
    "id": "ipr-studanky-124",
    "name": "pramen U Vápenky",
    "category": "fountain",
    "cooling": "water",
    "typical_c": null,
    "free_entry": null,
    "opening_hours": null,
    "address": null,
    "source": "ipr",
    "note": null
   }
  },
  {
   "type": "Feature",
   "geometry": {
    "type": "Point",
    "coordinates": [
     14.568148,
     50.031909
    ]
   },
   "properties": {
    "id": "ipr-studanky-125",
    "name": "pramen Pod starou vodárnou",
    "category": "fountain",
    "cooling": "water",
    "typical_c": null,
    "free_entry": null,
    "opening_hours": null,
    "address": null,
    "source": "ipr",
    "note": null
   }
  },
  {
   "type": "Feature",
   "geometry": {
    "type": "Point",
    "coordinates": [
     14.3883,
     50.025299
    ]
   },
   "properties": {
    "id": "ipr-studanky-126",
    "name": "pramen Mariánská",
    "category": "fountain",
    "cooling": "water",
    "typical_c": null,
    "free_entry": null,
    "opening_hours": null,
    "address": null,
    "source": "ipr",
    "note": null
   }
  },
  {
   "type": "Feature",
   "geometry": {
    "type": "Point",
    "coordinates": [
     14.53968,
     50.041641
    ]
   },
   "properties": {
    "id": "ipr-studanky-127",
    "name": "pramen U Hostivařské přehrady",
    "category": "fountain",
    "cooling": "water",
    "typical_c": null,
    "free_entry": null,
    "opening_hours": null,
    "address": null,
    "source": "ipr",
    "note": null
   }
  },
  {
   "type": "Feature",
   "geometry": {
    "type": "Point",
    "coordinates": [
     14.454419,
     50.036859
    ]
   },
   "properties": {
    "id": "ipr-studanky-128",
    "name": "pramen Krčský",
    "category": "fountain",
    "cooling": "water",
    "typical_c": null,
    "free_entry": null,
    "opening_hours": null,
    "address": null,
    "source": "ipr",
    "note": null
   }
  },
  {
   "type": "Feature",
   "geometry": {
    "type": "Point",
    "coordinates": [
     14.3445,
     50.030998
    ]
   },
   "properties": {
    "id": "ipr-studanky-129",
    "name": "pramen Dobrá voda",
    "category": "fountain",
    "cooling": "water",
    "typical_c": null,
    "free_entry": null,
    "opening_hours": null,
    "address": null,
    "source": "ipr",
    "note": null
   }
  },
  {
   "type": "Feature",
   "geometry": {
    "type": "Point",
    "coordinates": [
     14.339967,
     50.030797
    ]
   },
   "properties": {
    "id": "ipr-studanky-130",
    "name": "pramen Hrůza",
    "category": "fountain",
    "cooling": "water",
    "typical_c": null,
    "free_entry": null,
    "opening_hours": null,
    "address": null,
    "source": "ipr",
    "note": null
   }
  },
  {
   "type": "Feature",
   "geometry": {
    "type": "Point",
    "coordinates": [
     14.317323,
     50.033134
    ]
   },
   "properties": {
    "id": "ipr-studanky-131",
    "name": "pramen Řeporyjský",
    "category": "fountain",
    "cooling": "water",
    "typical_c": null,
    "free_entry": null,
    "opening_hours": null,
    "address": null,
    "source": "ipr",
    "note": null
   }
  },
  {
   "type": "Feature",
   "geometry": {
    "type": "Point",
    "coordinates": [
     14.380221,
     50.039398
    ]
   },
   "properties": {
    "id": "ipr-studanky-132",
    "name": "pramen Krajcperk",
    "category": "fountain",
    "cooling": "water",
    "typical_c": null,
    "free_entry": null,
    "opening_hours": null,
    "address": null,
    "source": "ipr",
    "note": null
   }
  },
  {
   "type": "Feature",
   "geometry": {
    "type": "Point",
    "coordinates": [
     14.594108,
     50.05884
    ]
   },
   "properties": {
    "id": "ipr-studanky-133",
    "name": "pramen Moklina",
    "category": "fountain",
    "cooling": "water",
    "typical_c": null,
    "free_entry": null,
    "opening_hours": null,
    "address": null,
    "source": "ipr",
    "note": null
   }
  },
  {
   "type": "Feature",
   "geometry": {
    "type": "Point",
    "coordinates": [
     14.616624,
     50.063735
    ]
   },
   "properties": {
    "id": "ipr-studanky-134",
    "name": "pramen Bahňák",
    "category": "fountain",
    "cooling": "water",
    "typical_c": null,
    "free_entry": null,
    "opening_hours": null,
    "address": null,
    "source": "ipr",
    "note": null
   }
  },
  {
   "type": "Feature",
   "geometry": {
    "type": "Point",
    "coordinates": [
     14.665753,
     50.069583
    ]
   },
   "properties": {
    "id": "ipr-studanky-135",
    "name": "pramen Běchovického potoka",
    "category": "fountain",
    "cooling": "water",
    "typical_c": null,
    "free_entry": null,
    "opening_hours": null,
    "address": null,
    "source": "ipr",
    "note": null
   }
  },
  {
   "type": "Feature",
   "geometry": {
    "type": "Point",
    "coordinates": [
     14.4054,
     50.049099
    ]
   },
   "properties": {
    "id": "ipr-studanky-136",
    "name": "pramen Karlštejnka",
    "category": "fountain",
    "cooling": "water",
    "typical_c": null,
    "free_entry": null,
    "opening_hours": null,
    "address": null,
    "source": "ipr",
    "note": null
   }
  },
  {
   "type": "Feature",
   "geometry": {
    "type": "Point",
    "coordinates": [
     14.445648,
     50.058135
    ]
   },
   "properties": {
    "id": "ipr-studanky-137",
    "name": "pramen Jezerka",
    "category": "fountain",
    "cooling": "water",
    "typical_c": null,
    "free_entry": null,
    "opening_hours": null,
    "address": null,
    "source": "ipr",
    "note": null
   }
  },
  {
   "type": "Feature",
   "geometry": {
    "type": "Point",
    "coordinates": [
     14.6412,
     50.079102
    ]
   },
   "properties": {
    "id": "ipr-studanky-138",
    "name": "pramen Blatovská",
    "category": "fountain",
    "cooling": "water",
    "typical_c": null,
    "free_entry": null,
    "opening_hours": null,
    "address": null,
    "source": "ipr",
    "note": null
   }
  },
  {
   "type": "Feature",
   "geometry": {
    "type": "Point",
    "coordinates": [
     14.312726,
     50.051562
    ]
   },
   "properties": {
    "id": "ipr-studanky-139",
    "name": "pramen Prokopského potoka",
    "category": "fountain",
    "cooling": "water",
    "typical_c": null,
    "free_entry": null,
    "opening_hours": null,
    "address": null,
    "source": "ipr",
    "note": null
   }
  },
  {
   "type": "Feature",
   "geometry": {
    "type": "Point",
    "coordinates": [
     14.3566,
     50.061199
    ]
   },
   "properties": {
    "id": "ipr-studanky-140",
    "name": "pramen Poklop",
    "category": "fountain",
    "cooling": "water",
    "typical_c": null,
    "free_entry": null,
    "opening_hours": null,
    "address": null,
    "source": "ipr",
    "note": null
   }
  },
  {
   "type": "Feature",
   "geometry": {
    "type": "Point",
    "coordinates": [
     14.3598,
     50.061501
    ]
   },
   "properties": {
    "id": "ipr-studanky-141",
    "name": "pramen Nad Cibulkou",
    "category": "fountain",
    "cooling": "water",
    "typical_c": null,
    "free_entry": null,
    "opening_hours": null,
    "address": null,
    "source": "ipr",
    "note": null
   }
  },
  {
   "type": "Feature",
   "geometry": {
    "type": "Point",
    "coordinates": [
     14.385366,
     50.067144
    ]
   },
   "properties": {
    "id": "ipr-studanky-142",
    "name": "pramen bez jména",
    "category": "fountain",
    "cooling": "water",
    "typical_c": null,
    "free_entry": null,
    "opening_hours": null,
    "address": null,
    "source": "ipr",
    "note": null
   }
  },
  {
   "type": "Feature",
   "geometry": {
    "type": "Point",
    "coordinates": [
     14.609529,
     50.088897
    ]
   },
   "properties": {
    "id": "ipr-studanky-143",
    "name": "pramen U Vinice",
    "category": "fountain",
    "cooling": "water",
    "typical_c": null,
    "free_entry": null,
    "opening_hours": null,
    "address": null,
    "source": "ipr",
    "note": null
   }
  },
  {
   "type": "Feature",
   "geometry": {
    "type": "Point",
    "coordinates": [
     14.388172,
     50.070145
    ]
   },
   "properties": {
    "id": "ipr-studanky-144",
    "name": "pramen Husovka",
    "category": "fountain",
    "cooling": "water",
    "typical_c": null,
    "free_entry": null,
    "opening_hours": null,
    "address": null,
    "source": "ipr",
    "note": null
   }
  },
  {
   "type": "Feature",
   "geometry": {
    "type": "Point",
    "coordinates": [
     14.399937,
     50.078005
    ]
   },
   "properties": {
    "id": "ipr-studanky-145",
    "name": "pramen Kinská II",
    "category": "fountain",
    "cooling": "water",
    "typical_c": null,
    "free_entry": null,
    "opening_hours": null,
    "address": null,
    "source": "ipr",
    "note": null
   }
  },
  {
   "type": "Feature",
   "geometry": {
    "type": "Point",
    "coordinates": [
     14.3968,
     50.078701
    ]
   },
   "properties": {
    "id": "ipr-studanky-146",
    "name": "pramen U jezírka",
    "category": "fountain",
    "cooling": "water",
    "typical_c": null,
    "free_entry": null,
    "opening_hours": null,
    "address": null,
    "source": "ipr",
    "note": null
   }
  },
  {
   "type": "Feature",
   "geometry": {
    "type": "Point",
    "coordinates": [
     14.56554,
     50.09869
    ]
   },
   "properties": {
    "id": "ipr-studanky-147",
    "name": "pramen Myší pramínek",
    "category": "fountain",
    "cooling": "water",
    "typical_c": null,
    "free_entry": null,
    "opening_hours": null,
    "address": null,
    "source": "ipr",
    "note": null
   }
  },
  {
   "type": "Feature",
   "geometry": {
    "type": "Point",
    "coordinates": [
     14.3919,
     50.085701
    ]
   },
   "properties": {
    "id": "ipr-studanky-148",
    "name": "Pramen sira Nicholase Wintona",
    "category": "fountain",
    "cooling": "water",
    "typical_c": null,
    "free_entry": null,
    "opening_hours": null,
    "address": null,
    "source": "ipr",
    "note": null
   }
  },
  {
   "type": "Feature",
   "geometry": {
    "type": "Point",
    "coordinates": [
     14.475334,
     50.094254
    ]
   },
   "properties": {
    "id": "ipr-studanky-149",
    "name": "pramen Pod Pražačkou",
    "category": "fountain",
    "cooling": "water",
    "typical_c": null,
    "free_entry": null,
    "opening_hours": null,
    "address": null,
    "source": "ipr",
    "note": null
   }
  },
  {
   "type": "Feature",
   "geometry": {
    "type": "Point",
    "coordinates": [
     14.325179,
     50.081158
    ]
   },
   "properties": {
    "id": "ipr-studanky-150",
    "name": "pramen Nad Světličkou",
    "category": "fountain",
    "cooling": "water",
    "typical_c": null,
    "free_entry": null,
    "opening_hours": null,
    "address": null,
    "source": "ipr",
    "note": null
   }
  },
  {
   "type": "Feature",
   "geometry": {
    "type": "Point",
    "coordinates": [
     14.325025,
     50.081618
    ]
   },
   "properties": {
    "id": "ipr-studanky-151",
    "name": "pramen Světlička",
    "category": "fountain",
    "cooling": "water",
    "typical_c": null,
    "free_entry": null,
    "opening_hours": null,
    "address": null,
    "source": "ipr",
    "note": null
   }
  },
  {
   "type": "Feature",
   "geometry": {
    "type": "Point",
    "coordinates": [
     14.471588,
     50.094829
    ]
   },
   "properties": {
    "id": "ipr-studanky-152",
    "name": "pramen Pod Krejcárkem",
    "category": "fountain",
    "cooling": "water",
    "typical_c": null,
    "free_entry": null,
    "opening_hours": null,
    "address": null,
    "source": "ipr",
    "note": null
   }
  },
  {
   "type": "Feature",
   "geometry": {
    "type": "Point",
    "coordinates": [
     14.495,
     50.097
    ]
   },
   "properties": {
    "id": "ipr-studanky-153",
    "name": "pramen Bezdomovec",
    "category": "fountain",
    "cooling": "water",
    "typical_c": null,
    "free_entry": null,
    "opening_hours": null,
    "address": null,
    "source": "ipr",
    "note": null
   }
  },
  {
   "type": "Feature",
   "geometry": {
    "type": "Point",
    "coordinates": [
     14.6004,
     50.108101
    ]
   },
   "properties": {
    "id": "ipr-studanky-154",
    "name": "pramen Chvalka",
    "category": "fountain",
    "cooling": "water",
    "typical_c": null,
    "free_entry": null,
    "opening_hours": null,
    "address": null,
    "source": "ipr",
    "note": null
   }
  },
  {
   "type": "Feature",
   "geometry": {
    "type": "Point",
    "coordinates": [
     14.3354,
     50.088902
    ]
   },
   "properties": {
    "id": "ipr-studanky-155",
    "name": "pramen Veleslavínka",
    "category": "fountain",
    "cooling": "water",
    "typical_c": null,
    "free_entry": null,
    "opening_hours": null,
    "address": null,
    "source": "ipr",
    "note": null
   }
  },
  {
   "type": "Feature",
   "geometry": {
    "type": "Point",
    "coordinates": [
     14.342393,
     50.091837
    ]
   },
   "properties": {
    "id": "ipr-studanky-156",
    "name": "pramen Pod Klapkárnou",
    "category": "fountain",
    "cooling": "water",
    "typical_c": null,
    "free_entry": null,
    "opening_hours": null,
    "address": null,
    "source": "ipr",
    "note": null
   }
  },
  {
   "type": "Feature",
   "geometry": {
    "type": "Point",
    "coordinates": [
     14.427776,
     50.103352
    ]
   },
   "properties": {
    "id": "ipr-studanky-157",
    "name": "pramen Pro pejsky",
    "category": "fountain",
    "cooling": "water",
    "typical_c": null,
    "free_entry": null,
    "opening_hours": null,
    "address": null,
    "source": "ipr",
    "note": null
   }
  },
  {
   "type": "Feature",
   "geometry": {
    "type": "Point",
    "coordinates": [
     14.491894,
     50.112668
    ]
   },
   "properties": {
    "id": "ipr-studanky-158",
    "name": "pramen Pod Máchalkou",
    "category": "fountain",
    "cooling": "water",
    "typical_c": null,
    "free_entry": null,
    "opening_hours": null,
    "address": null,
    "source": "ipr",
    "note": null
   }
  },
  {
   "type": "Feature",
   "geometry": {
    "type": "Point",
    "coordinates": [
     14.4016,
     50.105202
    ]
   },
   "properties": {
    "id": "ipr-studanky-159",
    "name": "pramen Ve struhách",
    "category": "fountain",
    "cooling": "water",
    "typical_c": null,
    "free_entry": null,
    "opening_hours": null,
    "address": null,
    "source": "ipr",
    "note": null
   }
  },
  {
   "type": "Feature",
   "geometry": {
    "type": "Point",
    "coordinates": [
     14.401408,
     50.106503
    ]
   },
   "properties": {
    "id": "ipr-studanky-160",
    "name": "pramen Pod pumpou",
    "category": "fountain",
    "cooling": "water",
    "typical_c": null,
    "free_entry": null,
    "opening_hours": null,
    "address": null,
    "source": "ipr",
    "note": null
   }
  },
  {
   "type": "Feature",
   "geometry": {
    "type": "Point",
    "coordinates": [
     14.515861,
     50.116791
    ]
   },
   "properties": {
    "id": "ipr-studanky-161",
    "name": "Klíčovský pramen",
    "category": "fountain",
    "cooling": "water",
    "typical_c": null,
    "free_entry": null,
    "opening_hours": null,
    "address": null,
    "source": "ipr",
    "note": null
   }
  },
  {
   "type": "Feature",
   "geometry": {
    "type": "Point",
    "coordinates": [
     14.49589,
     50.115136
    ]
   },
   "properties": {
    "id": "ipr-studanky-162",
    "name": "pramen Nad Jetelkou",
    "category": "fountain",
    "cooling": "water",
    "typical_c": null,
    "free_entry": null,
    "opening_hours": null,
    "address": null,
    "source": "ipr",
    "note": null
   }
  },
  {
   "type": "Feature",
   "geometry": {
    "type": "Point",
    "coordinates": [
     14.349956,
     50.104545
    ]
   },
   "properties": {
    "id": "ipr-studanky-163",
    "name": "pramen Rákosník",
    "category": "fountain",
    "cooling": "water",
    "typical_c": null,
    "free_entry": null,
    "opening_hours": null,
    "address": null,
    "source": "ipr",
    "note": null
   }
  },
  {
   "type": "Feature",
   "geometry": {
    "type": "Point",
    "coordinates": [
     14.482497,
     50.116679
    ]
   },
   "properties": {
    "id": "ipr-studanky-164",
    "name": "pramen Pekařka",
    "category": "fountain",
    "cooling": "water",
    "typical_c": null,
    "free_entry": null,
    "opening_hours": null,
    "address": null,
    "source": "ipr",
    "note": null
   }
  },
  {
   "type": "Feature",
   "geometry": {
    "type": "Point",
    "coordinates": [
     14.369911,
     50.108334
    ]
   },
   "properties": {
    "id": "ipr-studanky-165",
    "name": "pramen Pod kapličkou",
    "category": "fountain",
    "cooling": "water",
    "typical_c": null,
    "free_entry": null,
    "opening_hours": null,
    "address": null,
    "source": "ipr",
    "note": null
   }
  },
  {
   "type": "Feature",
   "geometry": {
    "type": "Point",
    "coordinates": [
     14.348819,
     50.111597
    ]
   },
   "properties": {
    "id": "ipr-studanky-166",
    "name": "pramen Záveská",
    "category": "fountain",
    "cooling": "water",
    "typical_c": null,
    "free_entry": null,
    "opening_hours": null,
    "address": null,
    "source": "ipr",
    "note": null
   }
  },
  {
   "type": "Feature",
   "geometry": {
    "type": "Point",
    "coordinates": [
     14.370083,
     50.115086
    ]
   },
   "properties": {
    "id": "ipr-studanky-167",
    "name": "pramen Mrázovka",
    "category": "fountain",
    "cooling": "water",
    "typical_c": null,
    "free_entry": null,
    "opening_hours": null,
    "address": null,
    "source": "ipr",
    "note": null
   }
  },
  {
   "type": "Feature",
   "geometry": {
    "type": "Point",
    "coordinates": [
     14.553025,
     50.133139
    ]
   },
   "properties": {
    "id": "ipr-studanky-168",
    "name": "Kbelský pramen",
    "category": "fountain",
    "cooling": "water",
    "typical_c": null,
    "free_entry": null,
    "opening_hours": null,
    "address": null,
    "source": "ipr",
    "note": null
   }
  },
  {
   "type": "Feature",
   "geometry": {
    "type": "Point",
    "coordinates": [
     14.549681,
     50.13322
    ]
   },
   "properties": {
    "id": "ipr-studanky-169",
    "name": "pramen Barborka",
    "category": "fountain",
    "cooling": "water",
    "typical_c": null,
    "free_entry": null,
    "opening_hours": null,
    "address": null,
    "source": "ipr",
    "note": null
   }
  },
  {
   "type": "Feature",
   "geometry": {
    "type": "Point",
    "coordinates": [
     14.586819,
     50.136547
    ]
   },
   "properties": {
    "id": "ipr-studanky-170",
    "name": "pramen Malá Trhlina",
    "category": "fountain",
    "cooling": "water",
    "typical_c": null,
    "free_entry": null,
    "opening_hours": null,
    "address": null,
    "source": "ipr",
    "note": null
   }
  },
  {
   "type": "Feature",
   "geometry": {
    "type": "Point",
    "coordinates": [
     14.586605,
     50.136774
    ]
   },
   "properties": {
    "id": "ipr-studanky-171",
    "name": "pramen Trhlina",
    "category": "fountain",
    "cooling": "water",
    "typical_c": null,
    "free_entry": null,
    "opening_hours": null,
    "address": null,
    "source": "ipr",
    "note": null
   }
  },
  {
   "type": "Feature",
   "geometry": {
    "type": "Point",
    "coordinates": [
     14.385628,
     50.119883
    ]
   },
   "properties": {
    "id": "ipr-studanky-172",
    "name": "pramen bez jména",
    "category": "fountain",
    "cooling": "water",
    "typical_c": null,
    "free_entry": null,
    "opening_hours": null,
    "address": null,
    "source": "ipr",
    "note": null
   }
  },
  {
   "type": "Feature",
   "geometry": {
    "type": "Point",
    "coordinates": [
     14.444681,
     50.131281
    ]
   },
   "properties": {
    "id": "ipr-studanky-173",
    "name": "pramen Nad Rozvodnou",
    "category": "fountain",
    "cooling": "water",
    "typical_c": null,
    "free_entry": null,
    "opening_hours": null,
    "address": null,
    "source": "ipr",
    "note": null
   }
  },
  {
   "type": "Feature",
   "geometry": {
    "type": "Point",
    "coordinates": [
     14.367341,
     50.126011
    ]
   },
   "properties": {
    "id": "ipr-studanky-174",
    "name": "pramen Zázračná studánka",
    "category": "fountain",
    "cooling": "water",
    "typical_c": null,
    "free_entry": null,
    "opening_hours": null,
    "address": null,
    "source": "ipr",
    "note": null
   }
  },
  {
   "type": "Feature",
   "geometry": {
    "type": "Point",
    "coordinates": [
     14.587573,
     50.145637
    ]
   },
   "properties": {
    "id": "ipr-studanky-175",
    "name": "pramen Nad stavidlem",
    "category": "fountain",
    "cooling": "water",
    "typical_c": null,
    "free_entry": null,
    "opening_hours": null,
    "address": null,
    "source": "ipr",
    "note": null
   }
  },
  {
   "type": "Feature",
   "geometry": {
    "type": "Point",
    "coordinates": [
     14.589885,
     50.147531
    ]
   },
   "properties": {
    "id": "ipr-studanky-176",
    "name": "pramen Dolní",
    "category": "fountain",
    "cooling": "water",
    "typical_c": null,
    "free_entry": null,
    "opening_hours": null,
    "address": null,
    "source": "ipr",
    "note": null
   }
  },
  {
   "type": "Feature",
   "geometry": {
    "type": "Point",
    "coordinates": [
     14.4992,
     50.146702
    ]
   },
   "properties": {
    "id": "ipr-studanky-177",
    "name": "pramen Pod vrbou",
    "category": "fountain",
    "cooling": "water",
    "typical_c": null,
    "free_entry": null,
    "opening_hours": null,
    "address": null,
    "source": "ipr",
    "note": null
   }
  },
  {
   "type": "Feature",
   "geometry": {
    "type": "Point",
    "coordinates": [
     14.5203,
     50.152599
    ]
   },
   "properties": {
    "id": "ipr-studanky-178",
    "name": "Zámecký pramen",
    "category": "fountain",
    "cooling": "water",
    "typical_c": null,
    "free_entry": null,
    "opening_hours": null,
    "address": null,
    "source": "ipr",
    "note": null
   }
  },
  {
   "type": "Feature",
   "geometry": {
    "type": "Point",
    "coordinates": [
     14.355983,
     50.029156
    ]
   },
   "properties": {
    "id": "ipr-studanky-179",
    "name": "jiný vodní zdroj Družstevní",
    "category": "fountain",
    "cooling": "water",
    "typical_c": null,
    "free_entry": null,
    "opening_hours": null,
    "address": null,
    "source": "ipr",
    "note": null
   }
  },
  {
   "type": "Feature",
   "geometry": {
    "type": "Point",
    "coordinates": [
     14.439701,
     50.007986
    ]
   },
   "properties": {
    "id": "ipr-studanky-180",
    "name": "jiný vodní zdroj U hrobů 1",
    "category": "fountain",
    "cooling": "water",
    "typical_c": null,
    "free_entry": null,
    "opening_hours": null,
    "address": null,
    "source": "ipr",
    "note": null
   }
  },
  {
   "type": "Feature",
   "geometry": {
    "type": "Point",
    "coordinates": [
     14.440219,
     50.008123
    ]
   },
   "properties": {
    "id": "ipr-studanky-181",
    "name": "jiný vodní zdroj U hrobů 2",
    "category": "fountain",
    "cooling": "water",
    "typical_c": null,
    "free_entry": null,
    "opening_hours": null,
    "address": null,
    "source": "ipr",
    "note": null
   }
  },
  {
   "type": "Feature",
   "geometry": {
    "type": "Point",
    "coordinates": [
     14.448513,
     50.030526
    ]
   },
   "properties": {
    "id": "ipr-studanky-182",
    "name": "jiný vodní zdroj Višňovka",
    "category": "fountain",
    "cooling": "water",
    "typical_c": null,
    "free_entry": null,
    "opening_hours": null,
    "address": null,
    "source": "ipr",
    "note": null
   }
  },
  {
   "type": "Feature",
   "geometry": {
    "type": "Point",
    "coordinates": [
     14.3914,
     50.086399
    ]
   },
   "properties": {
    "id": "ipr-studanky-183",
    "name": "jiný vodní zdroj U Památného stromu",
    "category": "fountain",
    "cooling": "water",
    "typical_c": null,
    "free_entry": null,
    "opening_hours": null,
    "address": null,
    "source": "ipr",
    "note": null
   }
  },
  {
   "type": "Feature",
   "geometry": {
    "type": "Point",
    "coordinates": [
     14.355654,
     50.084729
    ]
   },
   "properties": {
    "id": "ipr-studanky-184",
    "name": "jiný vodní zdroj Břevnovské pítko",
    "category": "fountain",
    "cooling": "water",
    "typical_c": null,
    "free_entry": null,
    "opening_hours": null,
    "address": null,
    "source": "ipr",
    "note": null
   }
  },
  {
   "type": "Feature",
   "geometry": {
    "type": "Point",
    "coordinates": [
     14.394906,
     50.090981
    ]
   },
   "properties": {
    "id": "ipr-studanky-185",
    "name": "jiný vodní zdroj Medvědí pramen",
    "category": "fountain",
    "cooling": "water",
    "typical_c": null,
    "free_entry": null,
    "opening_hours": null,
    "address": null,
    "source": "ipr",
    "note": null
   }
  },
  {
   "type": "Feature",
   "geometry": {
    "type": "Point",
    "coordinates": [
     14.493953,
     50.114771
    ]
   },
   "properties": {
    "id": "ipr-studanky-186",
    "name": "jiný vodní zdroj Kelerka",
    "category": "fountain",
    "cooling": "water",
    "typical_c": null,
    "free_entry": null,
    "opening_hours": null,
    "address": null,
    "source": "ipr",
    "note": null
   }
  },
  {
   "type": "Feature",
   "geometry": {
    "type": "Point",
    "coordinates": [
     14.493978,
     50.015375
    ]
   },
   "properties": {
    "id": "ipr-studanky-187",
    "name": "studna U Klenotů",
    "category": "fountain",
    "cooling": "water",
    "typical_c": null,
    "free_entry": null,
    "opening_hours": null,
    "address": null,
    "source": "ipr",
    "note": null
   }
  },
  {
   "type": "Feature",
   "geometry": {
    "type": "Point",
    "coordinates": [
     14.291046,
     50.042135
    ]
   },
   "properties": {
    "id": "ipr-studanky-188",
    "name": "studna Krteňská zděná",
    "category": "fountain",
    "cooling": "water",
    "typical_c": null,
    "free_entry": null,
    "opening_hours": null,
    "address": null,
    "source": "ipr",
    "note": null
   }
  },
  {
   "type": "Feature",
   "geometry": {
    "type": "Point",
    "coordinates": [
     14.624223,
     50.076751
    ]
   },
   "properties": {
    "id": "ipr-studanky-189",
    "name": "studna Pod Jelenem",
    "category": "fountain",
    "cooling": "water",
    "typical_c": null,
    "free_entry": null,
    "opening_hours": null,
    "address": null,
    "source": "ipr",
    "note": null
   }
  },
  {
   "type": "Feature",
   "geometry": {
    "type": "Point",
    "coordinates": [
     14.3237,
     50.061401
    ]
   },
   "properties": {
    "id": "ipr-studanky-190",
    "name": "studna Za Mototechnou",
    "category": "fountain",
    "cooling": "water",
    "typical_c": null,
    "free_entry": null,
    "opening_hours": null,
    "address": null,
    "source": "ipr",
    "note": null
   }
  },
  {
   "type": "Feature",
   "geometry": {
    "type": "Point",
    "coordinates": [
     14.2914,
     50.116372
    ]
   },
   "properties": {
    "id": "ipr-studanky-191",
    "name": "studna U Doušů",
    "category": "fountain",
    "cooling": "water",
    "typical_c": null,
    "free_entry": null,
    "opening_hours": null,
    "address": null,
    "source": "ipr",
    "note": null
   }
  },
  {
   "type": "Feature",
   "geometry": {
    "type": "Point",
    "coordinates": [
     14.362757,
     49.951899
    ]
   },
   "properties": {
    "id": "ipr-studanky-192",
    "name": "prameniště Nad Lipany",
    "category": "fountain",
    "cooling": "water",
    "typical_c": null,
    "free_entry": null,
    "opening_hours": null,
    "address": null,
    "source": "ipr",
    "note": null
   }
  },
  {
   "type": "Feature",
   "geometry": {
    "type": "Point",
    "coordinates": [
     14.420461,
     50.003717
    ]
   },
   "properties": {
    "id": "ipr-studanky-193",
    "name": "prameniště Na Hupech",
    "category": "fountain",
    "cooling": "water",
    "typical_c": null,
    "free_entry": null,
    "opening_hours": null,
    "address": null,
    "source": "ipr",
    "note": null
   }
  },
  {
   "type": "Feature",
   "geometry": {
    "type": "Point",
    "coordinates": [
     14.3783,
     50.008598
    ]
   },
   "properties": {
    "id": "ipr-studanky-194",
    "name": "prameniště V Libři",
    "category": "fountain",
    "cooling": "water",
    "typical_c": null,
    "free_entry": null,
    "opening_hours": null,
    "address": null,
    "source": "ipr",
    "note": null
   }
  },
  {
   "type": "Feature",
   "geometry": {
    "type": "Point",
    "coordinates": [
     14.447913,
     50.030508
    ]
   },
   "properties": {
    "id": "ipr-studanky-195",
    "name": "prameniště Višňovka II",
    "category": "fountain",
    "cooling": "water",
    "typical_c": null,
    "free_entry": null,
    "opening_hours": null,
    "address": null,
    "source": "ipr",
    "note": null
   }
  },
  {
   "type": "Feature",
   "geometry": {
    "type": "Point",
    "coordinates": [
     14.446616,
     50.030775
    ]
   },
   "properties": {
    "id": "ipr-studanky-196",
    "name": "prameniště Višňovka III",
    "category": "fountain",
    "cooling": "water",
    "typical_c": null,
    "free_entry": null,
    "opening_hours": null,
    "address": null,
    "source": "ipr",
    "note": null
   }
  },
  {
   "type": "Feature",
   "geometry": {
    "type": "Point",
    "coordinates": [
     14.373796,
     50.109874
    ]
   },
   "properties": {
    "id": "ipr-studanky-197",
    "name": "prameniště bez jména",
    "category": "fountain",
    "cooling": "water",
    "typical_c": null,
    "free_entry": null,
    "opening_hours": null,
    "address": null,
    "source": "ipr",
    "note": null
   }
  },
  {
   "type": "Feature",
   "geometry": {
    "type": "Point",
    "coordinates": [
     14.4475,
     50.132867
    ]
   },
   "properties": {
    "id": "ipr-studanky-198",
    "name": "prameniště Dotek",
    "category": "fountain",
    "cooling": "water",
    "typical_c": null,
    "free_entry": null,
    "opening_hours": null,
    "address": null,
    "source": "ipr",
    "note": null
   }
  },
  {
   "type": "Feature",
   "geometry": {
    "type": "Point",
    "coordinates": [
     14.313777,
     50.094928
    ]
   },
   "properties": {
    "id": "ipr-studanky-199",
    "name": "Březinka",
    "category": "fountain",
    "cooling": "water",
    "typical_c": null,
    "free_entry": null,
    "opening_hours": null,
    "address": null,
    "source": "ipr",
    "note": null
   }
  },
  {
   "type": "Feature",
   "geometry": {
    "type": "Point",
    "coordinates": [
     14.332259,
     50.086746
    ]
   },
   "properties": {
    "id": "ipr-studanky-200",
    "name": "HV štola č. 1",
    "category": "fountain",
    "cooling": "water",
    "typical_c": null,
    "free_entry": null,
    "opening_hours": null,
    "address": null,
    "source": "ipr",
    "note": null
   }
  },
  {
   "type": "Feature",
   "geometry": {
    "type": "Point",
    "coordinates": [
     14.316199,
     50.007099
    ]
   },
   "properties": {
    "id": "ipr-studanky-201",
    "name": "Nad Rybníkem",
    "category": "fountain",
    "cooling": "water",
    "typical_c": null,
    "free_entry": null,
    "opening_hours": null,
    "address": null,
    "source": "ipr",
    "note": null
   }
  },
  {
   "type": "Feature",
   "geometry": {
    "type": "Point",
    "coordinates": [
     14.500845,
     50.11353
    ]
   },
   "properties": {
    "id": "ipr-studanky-202",
    "name": "Prosecký - východ",
    "category": "fountain",
    "cooling": "water",
    "typical_c": null,
    "free_entry": null,
    "opening_hours": null,
    "address": null,
    "source": "ipr",
    "note": null
   }
  },
  {
   "type": "Feature",
   "geometry": {
    "type": "Point",
    "coordinates": [
     14.43887,
     50.00817
    ]
   },
   "properties": {
    "id": "ipr-studanky-203",
    "name": "U Borového",
    "category": "fountain",
    "cooling": "water",
    "typical_c": null,
    "free_entry": null,
    "opening_hours": null,
    "address": null,
    "source": "ipr",
    "note": null
   }
  },
  {
   "type": "Feature",
   "geometry": {
    "type": "Point",
    "coordinates": [
     14.637067,
     50.039129
    ]
   },
   "properties": {
    "id": "ipr-studanky-204",
    "name": "Pod Tvrzí",
    "category": "fountain",
    "cooling": "water",
    "typical_c": null,
    "free_entry": null,
    "opening_hours": null,
    "address": null,
    "source": "ipr",
    "note": null
   }
  },
  {
   "type": "Feature",
   "geometry": {
    "type": "Point",
    "coordinates": [
     14.368225,
     50.018717
    ]
   },
   "properties": {
    "id": "ipr-studanky-205",
    "name": "Pod Višňovkou",
    "category": "fountain",
    "cooling": "water",
    "typical_c": null,
    "free_entry": null,
    "opening_hours": null,
    "address": null,
    "source": "ipr",
    "note": null
   }
  },
  {
   "type": "Feature",
   "geometry": {
    "type": "Point",
    "coordinates": [
     14.456825,
     50.0044
    ]
   },
   "properties": {
    "id": "ipr-studanky-206",
    "name": "U studní",
    "category": "fountain",
    "cooling": "water",
    "typical_c": null,
    "free_entry": null,
    "opening_hours": null,
    "address": null,
    "source": "ipr",
    "note": null
   }
  },
  {
   "type": "Feature",
   "geometry": {
    "type": "Point",
    "coordinates": [
     14.414768,
     50.085136
    ]
   },
   "properties": {
    "id": "ipr-studanky-207",
    "name": "Studna s kovovou mříží",
    "category": "fountain",
    "cooling": "water",
    "typical_c": null,
    "free_entry": null,
    "opening_hours": null,
    "address": null,
    "source": "ipr",
    "note": null
   }
  },
  {
   "type": "Feature",
   "geometry": {
    "type": "Point",
    "coordinates": [
     14.399071,
     50.090464
    ]
   },
   "properties": {
    "id": "ipr-studanky-208",
    "name": "Studna na II. Nádvoří pražského hradu",
    "category": "fountain",
    "cooling": "water",
    "typical_c": null,
    "free_entry": null,
    "opening_hours": null,
    "address": null,
    "source": "ipr",
    "note": null
   }
  },
  {
   "type": "Feature",
   "geometry": {
    "type": "Point",
    "coordinates": [
     14.401818,
     50.087871
    ]
   },
   "properties": {
    "id": "ipr-studanky-211",
    "name": "Studna s mříží v Lichtenštejnském paláci",
    "category": "fountain",
    "cooling": "water",
    "typical_c": null,
    "free_entry": null,
    "opening_hours": null,
    "address": null,
    "source": "ipr",
    "note": null
   }
  },
  {
   "type": "Feature",
   "geometry": {
    "type": "Point",
    "coordinates": [
     14.395061,
     50.090935
    ]
   },
   "properties": {
    "id": "ipr-studanky-212",
    "name": "Medvědí pramen",
    "category": "fountain",
    "cooling": "water",
    "typical_c": null,
    "free_entry": null,
    "opening_hours": null,
    "address": null,
    "source": "ipr",
    "note": null
   }
  },
  {
   "type": "Feature",
   "geometry": {
    "type": "Point",
    "coordinates": [
     14.423636,
     50.092159
    ]
   },
   "properties": {
    "id": "ipr-studanky-213",
    "name": "Dvě studny a fontánka v areálu Anežského kláštera",
    "category": "fountain",
    "cooling": "water",
    "typical_c": null,
    "free_entry": null,
    "opening_hours": null,
    "address": null,
    "source": "ipr",
    "note": null
   }
  }
 ]
}
